"","X.x","lab_number","sample_code","year.x","site.x","plot.x","top","bottom","pH","bray_p","olsen_p","total_carbon","inorganic_carbon","total_p","lead","bulk_density","ksat","k","loi_om","depth_increment_height","dry_mass","radius","bd_pred","bd_meas","bd_comp","code","X.y","year.y","site.y","plot.y","ksat_1","ksat_2","ksat_3","ksat_4","ksat_5","ksat_avg","site_type","land_use","land_use_detail"
"1",1,1,"18.001.0-10",2018,1,1,0,10,7.2,42,NA,2.928,NA,737,83,1.12137469200711,NA,NA,5.942781918,10,38.84,1.05,1.33527414189431,1.12137469200711,1.12137469200711,"201811",1,2018,1,1,2.016480013,4.855251273,3.716060983,NA,NA,3.52926409,"Community Garden/Urban Farm","Garden_non_food_producing","Garden_non_food_producing"
"2",2,2,"18.001.10-20",2018,1,1,10,20,7.6,43,19,0.862,1.3,408,183,1.39594403600783,NA,NA,2.157378618,10,48.35,1.05,1.41470678569869,1.39594403600783,1.39594403600783,"201811",1,2018,1,1,2.016480013,4.855251273,3.716060983,NA,NA,3.52926409,"Community Garden/Urban Farm","Garden_non_food_producing","Garden_non_food_producing"
"3",3,3,"18.001.20-40",2018,1,1,20,40,8,44,18,0.893,1.5,281,27,0.996216110908998,NA,NA,1.678583266,20,69.01,1.05,1.41347796122803,0.996216110908998,0.996216110908998,"201811",1,2018,1,1,2.016480013,4.855251273,3.716060983,NA,NA,3.52926409,"Community Garden/Urban Farm","Garden_non_food_producing","Garden_non_food_producing"
"4",4,4,"18.001.40-60",2018,1,1,40,60,8,50,23,0.845,2.2,408,61,1.11487857188091,NA,NA,2.123556663,20,77.23,1.05,1.41538114519689,1.11487857188091,1.11487857188091,"201811",1,2018,1,1,2.016480013,4.855251273,3.716060983,NA,NA,3.52926409,"Community Garden/Urban Farm","Garden_non_food_producing","Garden_non_food_producing"
"5",5,5,"18.001.60-80",2018,1,1,60,80,7.9,65,22,0.893,1.5,599,60,1.59501402831959,NA,NA,2.014448098,20,110.49,1.05,1.41347796122803,1.59501402831959,1.59501402831959,"201811",1,2018,1,1,2.016480013,4.855251273,3.716060983,NA,NA,3.52926409,"Community Garden/Urban Farm","Garden_non_food_producing","Garden_non_food_producing"
"6",6,6,"18.001.80-100",2018,1,1,80,100,7.9,51,21,0.741,0.8,453,34,0.686712076451833,NA,NA,1.137868458,20,47.57,1.05,1.41951417605676,0.686712076451833,0.686712076451833,"201811",1,2018,1,1,2.016480013,4.855251273,3.716060983,NA,NA,3.52926409,"Community Garden/Urban Farm","Garden_non_food_producing","Garden_non_food_producing"
"7",7,7,"18.002.0-10",2018,2,2,0,10,6.1,278,NA,8.254,NA,1808,42,0.636619772367581,NA,NA,15.86622642,10,22.05,1.05,1.15193835607365,0.636619772367581,0.636619772367581,"201822",2,2018,2,2,13.65505018,6.284257812,38.00381435,NA,NA,19.31437411,"Community Garden/Urban Farm","Garden_food_producing_in_ground","Garden_food_producing_in_ground"
"8",8,8,"18.002.10-20",2018,2,2,10,20,6.7,130,NA,4.729,NA,974,49,0.923603923720586,NA,NA,11.37026239,10,31.99,1.05,1.2699557027654,0.923603923720586,0.923603923720586,"201822",2,2018,2,2,13.65505018,6.284257812,38.00381435,NA,NA,19.31437411,"Community Garden/Urban Farm","Garden_food_producing_in_ground","Garden_food_producing_in_ground"
"9",9,9,"18.002.20-40",2018,2,2,20,40,6.9,127,NA,2.008,NA,833,58,1.02956286089016,NA,NA,5.088357227,20,71.32,1.05,1.37003525068072,1.02956286089016,1.02956286089016,"201822",2,2018,2,2,13.65505018,6.284257812,38.00381435,NA,NA,19.31437411,"Community Garden/Urban Farm","Garden_food_producing_in_ground","Garden_food_producing_in_ground"
"10",10,10,"18.002.40-60",2018,2,2,40,60,7.4,56,NA,0.641,0.3,336,26,1.40604911175969,NA,NA,2.857814889,20,97.4,1.05,1.42350049040108,1.40604911175969,1.40604911175969,"201822",2,2018,2,2,13.65505018,6.284257812,38.00381435,NA,NA,19.31437411,"Community Garden/Urban Farm","Garden_food_producing_in_ground","Garden_food_producing_in_ground"
"11",11,11,"18.002.60-80",2018,2,2,60,80,7.6,NA,44,0.762,0.6,381,18,1.49872709222681,NA,NA,2.599523965,20,103.82,1.05,1.41867857669078,1.49872709222681,1.49872709222681,"201822",2,2018,2,2,13.65505018,6.284257812,38.00381435,NA,NA,19.31437411,"Community Garden/Urban Farm","Garden_food_producing_in_ground","Garden_food_producing_in_ground"
"12",12,12,"18.002.80-100",2018,2,2,80,100,7.4,63,NA,0.827,0.9,379,40,1.07763414982404,NA,NA,NA,20,74.65,1.05,1.41609554992672,1.07763414982404,1.07763414982404,"201822",2,2018,2,2,13.65505018,6.284257812,38.00381435,NA,NA,19.31437411,"Community Garden/Urban Farm","Garden_food_producing_in_ground","Garden_food_producing_in_ground"
"13",13,13,"18.003.0-10",2018,3,3,0,10,NA,NA,NA,NA,NA,NA,28,0.271104746600072,NA,NA,30.8883293,10,9.39,1.05,NA,0.271104746600072,0.271104746600072,"201833",3,2018,3,3,13.65505018,6.284257812,38.00381435,NA,NA,19.31437411,"Community Garden/Urban Farm","Garden_food_producing_in_ground","Garden_food_producing_in_ground"
"14",14,14,"18.003.10-20",2018,3,3,10,20,6.5,182,NA,6.43,NA,1666,32,0.847671497356562,NA,NA,13.89697568,10,29.36,1.05,1.21143874705028,0.847671497356562,0.847671497356562,"201833",3,2018,3,3,13.65505018,6.284257812,38.00381435,NA,NA,19.31437411,"Community Garden/Urban Farm","Garden_food_producing_in_ground","Garden_food_producing_in_ground"
"15",15,15,"18.003.20-40",2018,3,3,20,40,6.3,329,NA,11.21,NA,2391,30,0.317732453283684,NA,NA,16.63141002,20,22.01,1.05,1.06219994035249,0.317732453283684,0.317732453283684,"201833",3,2018,3,3,13.65505018,6.284257812,38.00381435,NA,NA,19.31437411,"Community Garden/Urban Farm","Garden_food_producing_in_ground","Garden_food_producing_in_ground"
"16",16,16,"18.003.40-60",2018,3,3,40,60,6.7,145,NA,1.92,NA,1931,10,1.22747798740171,NA,NA,5.075337034,20,85.03,1.05,1.3734110551942,1.22747798740171,1.22747798740171,"201833",3,2018,3,3,13.65505018,6.284257812,38.00381435,NA,NA,19.31437411,"Community Garden/Urban Farm","Garden_food_producing_in_ground","Garden_food_producing_in_ground"
"17",17,17,"18.003.60-80",2018,3,3,60,80,6.3,215,NA,3.543,NA,1266,29,0.705334287480273,NA,NA,8.526983367,20,48.86,1.05,1.31256929403605,0.705334287480273,0.705334287480273,"201833",3,2018,3,3,13.65505018,6.284257812,38.00381435,NA,NA,19.31437411,"Community Garden/Urban Farm","Garden_food_producing_in_ground","Garden_food_producing_in_ground"
"18",18,18,"18.003.80-100",2018,3,3,80,100,6.7,213,NA,1.881,NA,882,36,2.48281711223357,NA,NA,4.632337796,20,171.99,1.05,1.37491001849885,2.48281711223357,2.48281711223357,"201833",3,2018,3,3,13.65505018,6.284257812,38.00381435,NA,NA,19.31437411,"Community Garden/Urban Farm","Garden_food_producing_in_ground","Garden_food_producing_in_ground"
"19",19,19,"18.004.0-10",2018,4,4,0,10,NA,NA,NA,NA,NA,NA,84,0.390055924022042,NA,NA,2.355808286,10,13.51,1.05,NA,0.390055924022042,0.390055924022042,"201844",4,2018,4,4,2.016480013,4.855251273,3.716060983,NA,NA,3.52926409,"Community Garden/Urban Farm","Maintained_lawn","Maintained_lawn"
"20",20,20,"18.004.10-20",2018,4,4,10,20,NA,NA,NA,NA,NA,NA,67,0.44375718373196,NA,NA,3.575806686,10,15.37,1.05,NA,0.44375718373196,0.44375718373196,"201844",4,2018,4,4,2.016480013,4.855251273,3.716060983,NA,NA,3.52926409,"Community Garden/Urban Farm","Maintained_lawn","Maintained_lawn"
"21",21,21,"18.004.20-40",2018,4,4,20,40,8.1,10,2,1.984,2.8,384,100,0.392221297397442,NA,NA,2.699700266,20,27.17,1.05,1.37095503611173,0.392221297397442,0.392221297397442,"201844",4,2018,4,4,2.016480013,4.855251273,3.716060983,NA,NA,3.52926409,"Community Garden/Urban Farm","Maintained_lawn","Maintained_lawn"
"22",22,22,"18.004.40-60",2018,4,4,40,60,NA,NA,NA,NA,NA,NA,59,0.232416742292927,NA,NA,2.431828891,20,16.1,1.05,NA,0.232416742292927,0.232416742292927,"201844",4,2018,4,4,2.016480013,4.855251273,3.716060983,NA,NA,3.52926409,"Community Garden/Urban Farm","Maintained_lawn","Maintained_lawn"
"23",23,23,"18.004.60-80",2018,4,4,60,80,NA,NA,NA,NA,NA,NA,107,0.208597635163527,NA,NA,2.372328146,20,14.45,1.05,NA,0.208597635163527,0.208597635163527,"201844",4,2018,4,4,2.016480013,4.855251273,3.716060983,NA,NA,3.52926409,"Community Garden/Urban Farm","Maintained_lawn","Maintained_lawn"
"24",24,24,"18.004.80-100",2018,4,4,80,100,NA,NA,NA,NA,NA,NA,35,0.23530390679346,NA,NA,1.223214286,20,16.3,1.05,NA,0.23530390679346,0.23530390679346,"201844",4,2018,4,4,2.016480013,4.855251273,3.716060983,NA,NA,3.52926409,"Community Garden/Urban Farm","Maintained_lawn","Maintained_lawn"
"25",25,25,"18.005.0-10",2018,5,5,0,10,6.8,37,NA,2.326,NA,391,81,1.27208467893495,NA,NA,4.95383699,10,44.06,1.05,1.35791074947217,1.27208467893495,1.27208467893495,"201855",5,2018,5,5,2.016480013,4.855251273,3.716060983,NA,NA,3.52926409,"Community Garden/Urban Farm","Maintained_lawn","Maintained_lawn"
"26",26,26,"18.005.10-20",2018,5,5,10,20,7.6,29,10,1.163,1.2,376,46,1.73114383451974,NA,NA,2.673337376,10,59.96,1.05,1.40282374548999,1.73114383451974,1.73114383451974,"201855",5,2018,5,5,2.016480013,4.855251273,3.716060983,NA,NA,3.52926409,"Community Garden/Urban Farm","Maintained_lawn","Maintained_lawn"
"27",27,27,"18.005.20-40",2018,5,5,20,40,7.7,23,8,1.014,1.5,281,48,1.19716276014611,NA,NA,1.983394834,20,82.93,1.05,1.40869256263139,1.19716276014611,1.19716276014611,"201855",5,2018,5,5,2.016480013,4.855251273,3.716060983,NA,NA,3.52926409,"Community Garden/Urban Farm","Maintained_lawn","Maintained_lawn"
"28",28,28,"18.005.40-60",2018,5,5,40,60,7.8,23,6,0.624,0.9,227,31,1.27367261941024,NA,NA,1.865558585,20,88.23,1.05,1.42417936050069,1.27367261941024,1.27367261941024,"201855",5,2018,5,5,2.016480013,4.855251273,3.716060983,NA,NA,3.52926409,"Community Garden/Urban Farm","Maintained_lawn","Maintained_lawn"
"29",29,29,"18.005.60-80",2018,5,5,60,80,7.6,38,15,0.491,0.3,382,17,1.6871145758866,NA,NA,2.525812572,20,116.87,1.05,1.42950255361324,1.6871145758866,1.6871145758866,"201855",5,2018,5,5,2.016480013,4.855251273,3.716060983,NA,NA,3.52926409,"Community Garden/Urban Farm","Maintained_lawn","Maintained_lawn"
"30",30,30,"18.005.80-100",2018,5,5,80,100,7.8,22,8,0.453,0.8,372,8,1.67383361918415,NA,NA,1.810336741,20,115.95,1.05,1.4310273926417,1.67383361918415,1.67383361918415,"201855",5,2018,5,5,2.016480013,4.855251273,3.716060983,NA,NA,3.52926409,"Community Garden/Urban Farm","Maintained_lawn","Maintained_lawn"
"31",31,31,"18.006.0-10",2018,6,6,0,10,6.5,154,NA,7.061,NA,1468,50,0.996071752683971,NA,NA,14.65731463,10,34.5,1.05,1.19048360800621,0.996071752683971,0.996071752683971,"201866",6,2018,6,6,13.65505018,6.284257812,38.00381435,NA,NA,19.31437411,"Community Garden/Urban Farm","Garden_food_producing_in_ground","Garden_food_producing_in_ground"
"32",32,32,"18.006.10-20",2018,6,6,10,20,6.6,135,NA,6.264,NA,1105,39,1.04861814659368,NA,NA,12.02948732,10,36.32,1.05,1.21701809835224,1.04861814659368,1.04861814659368,"201866",6,2018,6,6,13.65505018,6.284257812,38.00381435,NA,NA,19.31437411,"Community Garden/Urban Farm","Garden_food_producing_in_ground","Garden_food_producing_in_ground"
"33",33,33,"18.006.20-40",2018,6,6,20,40,6.6,181,NA,5.271,NA,1063,32,0.506986086293639,NA,NA,13.25253095,20,35.12,1.05,1.25098315690381,0.506986086293639,0.506986086293639,"201866",6,2018,6,6,13.65505018,6.284257812,38.00381435,NA,NA,19.31437411,"Community Garden/Urban Farm","Garden_food_producing_in_ground","Garden_food_producing_in_ground"
"34",34,34,"18.006.40-60",2018,6,6,40,60,6.8,155,NA,2.764,NA,756,41,0.79238229717135,NA,NA,8.710248997,20,54.89,1.05,1.34140024318712,0.79238229717135,0.79238229717135,"201866",6,2018,6,6,13.65505018,6.284257812,38.00381435,NA,NA,19.31437411,"Community Garden/Urban Farm","Garden_food_producing_in_ground","Garden_food_producing_in_ground"
"35",35,35,"18.006.60-80",2018,6,6,60,80,6.8,99,NA,2.168,NA,631,20,1.24754378068042,NA,NA,7.493488279,20,86.42,1.05,1.36392033550865,1.24754378068042,1.24754378068042,"201866",6,2018,6,6,13.65505018,6.284257812,38.00381435,NA,NA,19.31437411,"Community Garden/Urban Farm","Garden_food_producing_in_ground","Garden_food_producing_in_ground"
"36",36,36,"18.006.80-100",2018,6,6,80,100,7,108,NA,1.757,NA,484,71,1.8495175790416,NA,NA,6.206587497,20,128.12,1.05,1.37968768680456,1.8495175790416,1.8495175790416,"201866",6,2018,6,6,13.65505018,6.284257812,38.00381435,NA,NA,19.31437411,"Community Garden/Urban Farm","Garden_food_producing_in_ground","Garden_food_producing_in_ground"
"37",37,37,"18.007.0-10",2018,7,7,0,10,6.4,61,NA,2.851,NA,636,115,1.18373744521863,NA,NA,8.039132284,10,41,1.05,1.33814664717156,1.18373744521863,1.18373744521863,"201877",7,2018,7,7,0.608153982,1.277952083,2.320822473,NA,NA,1.402309513,"Community Garden/Urban Farm","Maintained_lawn","Maintained_lawn"
"38",38,38,"18.007.10-20",2018,7,7,10,20,6.7,44,NA,1.24,NA,454,73,1.35408015075009,NA,NA,5.758640453,10,46.9,1.05,1.39980118908054,1.35408015075009,1.35408015075009,"201877",7,2018,7,7,0.608153982,1.277952083,2.320822473,NA,NA,1.402309513,"Community Garden/Urban Farm","Maintained_lawn","Maintained_lawn"
"39",39,39,"18.007.20-40",2018,7,7,20,40,6.9,64,NA,2.248,NA,581,131,1.18720204261927,NA,NA,7.537907462,20,82.24,1.05,1.36087392749217,1.18720204261927,1.18720204261927,"201877",7,2018,7,7,0.608153982,1.277952083,2.320822473,NA,NA,1.402309513,"Community Garden/Urban Farm","Maintained_lawn","Maintained_lawn"
"40",40,40,"18.007.40-60",2018,7,7,40,60,7.1,65,NA,1.51,NA,559,59,1.50161425672734,NA,NA,6.91141261,20,104.02,1.05,1.38925791184727,1.50161425672734,1.50161425672734,"201877",7,2018,7,7,0.608153982,1.277952083,2.320822473,NA,NA,1.402309513,"Community Garden/Urban Farm","Maintained_lawn","Maintained_lawn"
"41",41,41,"18.007.60-80",2018,7,7,60,80,6.5,63,NA,1.594,NA,536,26,0.534125432598651,NA,NA,7.253455525,20,37,1.05,1.38599525587554,0.534125432598651,0.534125432598651,"201877",7,2018,7,7,0.608153982,1.277952083,2.320822473,NA,NA,1.402309513,"Community Garden/Urban Farm","Maintained_lawn","Maintained_lawn"
"42",42,42,"18.007.80-100",2018,7,7,80,100,7.2,54,NA,1.384,NA,503,198,0.89920738369108,NA,NA,5.590384268,20,62.29,1.05,1.39416742282129,0.89920738369108,0.89920738369108,"201877",7,2018,7,7,0.608153982,1.277952083,2.320822473,NA,NA,1.402309513,"Community Garden/Urban Farm","Maintained_lawn","Maintained_lawn"
"43",43,43,"18.008.0-10",2018,8,8,0,10,5.6,30,NA,3.772,NA,647,92,1.72565822196872,NA,NA,10.00432207,10,59.77,1.05,1.30422200977083,1.72565822196872,1.72565822196872,"201888",8,2018,8,8,0.608153982,1.277952083,2.320822473,NA,NA,1.402309513,"Community Garden/Urban Farm","Maintained_lawn","Maintained_lawn"
"44",44,44,"18.008.10-20",2018,8,8,10,20,6,23,NA,1.483,NA,454,45,1.22704491272663,NA,NA,6.748880606,10,42.5,1.05,1.39030837961677,1.22704491272663,1.22704491272663,"201888",8,2018,8,8,0.608153982,1.277952083,2.320822473,NA,NA,1.402309513,"Community Garden/Urban Farm","Maintained_lawn","Maintained_lawn"
"45",45,45,"18.008.20-40",2018,8,8,20,40,5.6,14,NA,0.725,NA,365,14,0.514348355769998,NA,NA,5.110797119,20,35.63,1.05,1.42015117856912,0.514348355769998,0.514348355769998,"201888",8,2018,8,8,0.608153982,1.277952083,2.320822473,NA,NA,1.402309513,"Community Garden/Urban Farm","Maintained_lawn","Maintained_lawn"
"46",46,46,"18.008.40-60",2018,8,8,40,60,6.6,17,NA,0.475,NA,329,13,0.973118794904731,NA,NA,3.494961409,20,67.41,1.05,1.43014437806818,0.973118794904731,0.973118794904731,"201888",8,2018,8,8,0.608153982,1.277952083,2.320822473,NA,NA,1.402309513,"Community Garden/Urban Farm","Maintained_lawn","Maintained_lawn"
"47",47,47,"18.008.60-80",2018,8,8,60,80,6.4,10,NA,0.313,NA,185,11,1.33473614859652,NA,NA,0.8825326977,20,92.46,1.05,1.43666032684472,1.33473614859652,1.33473614859652,"201888",8,2018,8,8,0.608153982,1.277952083,2.320822473,NA,NA,1.402309513,"Community Garden/Urban Farm","Maintained_lawn","Maintained_lawn"
"48",48,48,"18.008.80-100",2018,8,8,80,100,6,43,NA,2.657,NA,375,84,0.4732062616374,NA,NA,NA,20,32.78,1.05,1.34541351857118,0.4732062616374,0.4732062616374,"201888",8,2018,8,8,0.608153982,1.277952083,2.320822473,NA,NA,1.402309513,"Community Garden/Urban Farm","Maintained_lawn","Maintained_lawn"
"49",49,49,"18.009.0-10",2018,9,9,0,10,6.1,70,NA,3.265,NA,745,87,1.30846295164167,NA,NA,9.654491609,10,45.32,1.05,1.32278047312814,1.30846295164167,1.30846295164167,"201899",9,2018,9,9,0.608153982,1.277952083,2.320822473,NA,NA,1.402309513,"Community Garden/Urban Farm","Maintained_lawn","Maintained_lawn"
"50",50,50,"18.009.10-20",2018,9,9,10,20,6.1,47,NA,1.679,NA,512,58,0.853157109907575,NA,NA,6.86291762,10,29.55,1.05,1.3827021633305,0.853157109907575,0.853157109907575,"201899",9,2018,9,9,0.608153982,1.277952083,2.320822473,NA,NA,1.402309513,"Community Garden/Urban Farm","Maintained_lawn","Maintained_lawn"
"51",51,51,"18.009.20-40",2018,9,9,20,40,7,64,NA,1.53,NA,579,98,0.655097625170994,NA,NA,5.529402784,20,45.38,1.05,1.38848033898128,0.655097625170994,0.655097625170994,"201899",9,2018,9,9,0.608153982,1.277952083,2.320822473,NA,NA,1.402309513,"Community Garden/Urban Farm","Maintained_lawn","Maintained_lawn"
"52",52,52,"18.009.40-60",2018,9,9,40,60,7.7,20,14,0.558,0.9,410,12,1.27150724603484,NA,NA,2.892124754,20,88.08,1.05,1.42681827567963,1.27150724603484,1.27150724603484,"201899",9,2018,9,9,0.608153982,1.277952083,2.320822473,NA,NA,1.402309513,"Community Garden/Urban Farm","Maintained_lawn","Maintained_lawn"
"53",53,53,"18.009.60-80",2018,9,9,60,80,7.3,17,NA,0.251,NA,368,18,0.748641754988271,NA,NA,2.421788552,20,51.86,1.05,1.43916252223348,0.748641754988271,0.748641754988271,"201899",9,2018,9,9,0.608153982,1.277952083,2.320822473,NA,NA,1.402309513,"Community Garden/Urban Farm","Maintained_lawn","Maintained_lawn"
"54",54,54,"18.009.80-100",2018,9,9,80,100,7.6,16,5,0.253,0.2,311,10,1.36086498732635,NA,NA,1.228909595,20,94.27,1.05,1.43908173318815,1.36086498732635,1.36086498732635,"201899",9,2018,9,9,0.608153982,1.277952083,2.320822473,NA,NA,1.402309513,"Community Garden/Urban Farm","Maintained_lawn","Maintained_lawn"
"55",55,55,"18.010.0-10",2018,10,10,0,10,7.1,20,NA,4.41,NA,509,51,1.08182053834981,NA,NA,11.66293011,10,37.47,1.05,1.2812680726039,1.08182053834981,1.08182053834981,"20181010",10,2018,10,10,4.467587736,4.944692416,2.072682859,NA,NA,3.828321004,"Park/Green Space","Maintained_lawn","Maintained_lawn"
"56",56,56,"18.010.10-20",2018,10,10,10,20,7.2,13,NA,3.144,NA,487,48,0.415174255176681,NA,NA,9.818112561,10,14.38,1.05,1.32725172338751,0.415174255176681,0.415174255176681,"20181010",10,2018,10,10,4.467587736,4.944692416,2.072682859,NA,NA,3.828321004,"Park/Green Space","Maintained_lawn","Maintained_lawn"
"57",57,57,"18.010.20-40",2018,10,10,20,40,7.7,5,4,2.38,5.7,430,22,1.05843450589549,NA,NA,8.722385593,20,73.32,1.05,1.3558633988819,1.05843450589549,1.05843450589549,"20181010",10,2018,10,10,4.467587736,4.944692416,2.072682859,NA,NA,3.828321004,"Park/Green Space","Maintained_lawn","Maintained_lawn"
"58",58,58,"18.010.40-60",2018,10,10,40,60,7.4,28,NA,1.563,0.4,397,14,1.16959033916602,NA,NA,7.436328688,20,81.02,1.05,1.38719836889777,1.16959033916602,1.16959033916602,"20181010",10,2018,10,10,4.467587736,4.944692416,2.072682859,NA,NA,3.828321004,"Park/Green Space","Maintained_lawn","Maintained_lawn"
"59",59,59,"18.010.60-80",2018,10,10,60,80,7.2,24,NA,0.982,NA,322,12.5,0.870624455135801,NA,NA,7.548695147,20,60.31,1.05,1.40995642426715,0.870624455135801,0.870624455135801,"20181010",10,2018,10,10,4.467587736,4.944692416,2.072682859,NA,NA,3.828321004,"Park/Green Space","Maintained_lawn","Maintained_lawn"
"60",60,60,"18.010.80-100",2018,10,10,80,100,7.5,16,7,0.537,0.4,199,NA,1.1462043067117,NA,NA,4.645578187,20,79.4,1.05,1.42765903288122,1.1462043067117,1.1462043067117,"20181010",10,2018,10,10,4.467587736,4.944692416,2.072682859,NA,NA,3.828321004,"Park/Green Space","Maintained_lawn","Maintained_lawn"
"61",61,61,"18.011.0-10",2018,11,11,0,10,7.1,23,NA,3.851,NA,602,111.5,NA,NA,NA,10.2976289,10,NA,1.05,1.30135572998615,NA,1.30135572998615,"20181111",11,2018,11,11,4.467587736,4.944692416,2.072682859,NA,NA,3.828321004,"Park/Green Space","Maintained_lawn","Maintained_lawn"
"62",62,62,"18.011.10-20",2018,11,11,10,20,6.8,20,NA,3.145,NA,455,107.5,NA,NA,NA,9.502519029,10,NA,1.05,1.32721470398588,NA,1.32721470398588,"20181111",11,2018,11,11,4.467587736,4.944692416,2.072682859,NA,NA,3.828321004,"Park/Green Space","Maintained_lawn","Maintained_lawn"
"63",63,63,"18.011.20-40",2018,11,11,20,40,7.2,24,NA,2.347,NA,330,41.5,NA,NA,NA,8.979409602,20,NA,1.05,1.35711416127039,NA,1.35711416127039,"20181111",11,2018,11,11,4.467587736,4.944692416,2.072682859,NA,NA,3.828321004,"Park/Green Space","Maintained_lawn","Maintained_lawn"
"64",64,64,"18.011.40-60",2018,11,11,40,60,7.5,19,14,2.816,4.3,509,48,NA,NA,NA,9.3526663,20,NA,1.05,1.33945453862793,NA,1.33945453862793,"20181111",11,2018,11,11,4.467587736,4.944692416,2.072682859,NA,NA,3.828321004,"Park/Green Space","Maintained_lawn","Maintained_lawn"
"65",65,65,"18.011.60-80",2018,11,11,60,80,7.4,19,NA,3.265,0.5,476,36.5,NA,NA,NA,10.50247629,20,NA,1.05,1.32278047312814,NA,1.32278047312814,"20181111",11,2018,11,11,4.467587736,4.944692416,2.072682859,NA,NA,3.828321004,"Park/Green Space","Maintained_lawn","Maintained_lawn"
"66",66,66,"18.011.80-100",2018,11,11,80,100,7.5,41,26,1.219,0.2,288,10,NA,NA,NA,6.8905897,20,NA,1.05,1.40062482652237,NA,1.40062482652237,"20181111",11,2018,11,11,4.467587736,4.944692416,2.072682859,NA,NA,3.828321004,"Park/Green Space","Maintained_lawn","Maintained_lawn"
"67",67,67,"18.012.0-10",2018,12,12,0,10,6.4,19,NA,4.148,NA,562,71,NA,NA,NA,11.53647545,10,NA,1.05,1.29064087243825,NA,1.29064087243825,"20181212",12,2018,12,12,4.467587736,4.944692416,2.072682859,NA,NA,3.828321004,"Park/Green Space","Maintained_lawn","Maintained_lawn"
"68",68,68,"18.012.10-20",2018,12,12,10,20,6.3,19,NA,2.979,NA,501,81,NA,NA,NA,250.1431837,10,NA,1.05,1.33337524317407,NA,1.33337524317407,"20181212",12,2018,12,12,4.467587736,4.944692416,2.072682859,NA,NA,3.828321004,"Park/Green Space","Maintained_lawn","Maintained_lawn"
"69",69,69,"18.012.20-40",2018,12,12,20,40,6.5,15,NA,2.08,NA,475,30,NA,NA,NA,8.999045778,20,NA,1.05,1.36727988633293,NA,1.36727988633293,"20181212",12,2018,12,12,4.467587736,4.944692416,2.072682859,NA,NA,3.828321004,"Park/Green Space","Maintained_lawn","Maintained_lawn"
"70",70,70,"18.012.40-60",2018,12,12,40,60,7.2,13,NA,2.286,NA,380,25,NA,NA,NA,8.502219649,20,NA,1.05,1.35942945701378,NA,1.35942945701378,"20181212",12,2018,12,12,4.467587736,4.944692416,2.072682859,NA,NA,3.828321004,"Park/Green Space","Maintained_lawn","Maintained_lawn"
"71",71,71,"18.012.60-80",2018,12,12,60,80,7,28,NA,2.633,NA,422,14.5,NA,NA,NA,11.29637536,20,NA,1.05,1.34631547244162,NA,1.34631547244162,"20181212",12,2018,12,12,4.467587736,4.944692416,2.072682859,NA,NA,3.828321004,"Park/Green Space","Maintained_lawn","Maintained_lawn"
"72",72,72,"18.012.80-100",2018,12,12,80,100,7,28,NA,1.613,NA,376,13.5,NA,NA,NA,11.49211194,20,NA,1.05,1.38525841991464,NA,1.38525841991464,"20181212",12,2018,12,12,4.467587736,4.944692416,2.072682859,NA,NA,3.828321004,"Park/Green Space","Maintained_lawn","Maintained_lawn"
"73",73,73,"18.013.0-10",2018,13,13,0,10,5.7,15,NA,3.704,NA,524,32,NA,NA,NA,10.85717156,10,NA,1.05,1.30669466325789,NA,1.30669466325789,"20181313",13,2018,13,13,7.453485951,5.852901227,12.95582162,NA,NA,8.754069599,"Park/Green Space","Maintained_lawn","Maintained_lawn"
"74",74,74,"18.013.10-20",2018,13,13,10,20,5.4,10,NA,2.61,NA,478,37,NA,NA,NA,9.469534231,10,NA,1.05,1.34718045784922,NA,1.34718045784922,"20181313",13,2018,13,13,7.453485951,5.852901227,12.95582162,NA,NA,8.754069599,"Park/Green Space","Maintained_lawn","Maintained_lawn"
"75",75,75,"18.013.20-40",2018,13,13,20,40,5.2,8,NA,1.773,NA,354,15.5,1.05785707299538,NA,NA,9.222004629,20,73.28,1.05,1.37907020883329,1.05785707299538,1.05785707299538,"20181313",13,2018,13,13,7.453485951,5.852901227,12.95582162,NA,NA,8.754069599,"Park/Green Space","Maintained_lawn","Maintained_lawn"
"76",76,76,"18.013.40-60",2018,13,13,40,60,5,7,NA,1.037,NA,258,10.5,NA,NA,NA,9.552784455,20,NA,1.05,1.40778491533578,NA,1.40778491533578,"20181313",13,2018,13,13,7.453485951,5.852901227,12.95582162,NA,NA,8.754069599,"Park/Green Space","Maintained_lawn","Maintained_lawn"
"77",77,77,"18.013.60-80",2018,13,13,60,80,5.6,7,NA,0.492,NA,158,9,NA,NA,NA,5.011795412,20,NA,1.05,1.42946244986919,NA,1.42946244986919,"20181313",13,2018,13,13,7.453485951,5.852901227,12.95582162,NA,NA,8.754069599,"Park/Green Space","Maintained_lawn","Maintained_lawn"
"78",78,78,"18.013.80-100",2018,13,13,80,100,5.8,10,NA,0.2,NA,151,3.5,1.60324244714611,NA,NA,1.281535833,20,111.06,1.05,1.44122429055074,1.60324244714611,1.60324244714611,"20181313",13,2018,13,13,7.453485951,5.852901227,12.95582162,NA,NA,8.754069599,"Park/Green Space","Maintained_lawn","Maintained_lawn"
"79",79,79,"18.014.0-10",2018,14,14,0,10,7.2,27,NA,2.694,NA,401,19,NA,NA,NA,NA,10,NA,1.05,1.34402428503753,NA,1.34402428503753,"20181414",14,2018,14,14,7.453485951,5.852901227,12.95582162,NA,NA,8.754069599,"Park/Green Space","Maintained_lawn","Maintained_lawn"
"80",80,80,"18.014.10-20",2018,14,14,10,20,7.3,19,NA,2.345,NA,436,30.5,NA,NA,NA,NA,10,NA,1.05,1.35719000507473,NA,1.35719000507473,"20181414",14,2018,14,14,7.453485951,5.852901227,12.95582162,NA,NA,8.754069599,"Park/Green Space","Maintained_lawn","Maintained_lawn"
"81",81,81,"18.014.20-40",2018,14,14,20,40,7.8,30,14,0.716,1.1,236,6,NA,NA,NA,NA,20,NA,1.05,1.42050962761183,NA,1.42050962761183,"20181414",14,2018,14,14,7.453485951,5.852901227,12.95582162,NA,NA,8.754069599,"Park/Green Space","Maintained_lawn","Maintained_lawn"
"82",82,82,"18.014.40-60",2018,14,14,40,60,7.9,12,16,1.737,7.2,338,10.5,NA,NA,NA,NA,20,NA,1.05,1.38045995347569,NA,1.38045995347569,"20181414",14,2018,14,14,7.453485951,5.852901227,12.95582162,NA,NA,8.754069599,"Park/Green Space","Maintained_lawn","Maintained_lawn"
"83",83,83,"18.014.60-80",2018,14,14,60,80,7.7,18,17,1.536,4.4,302,10,NA,NA,NA,NA,20,NA,1.05,1.38824715858295,NA,1.38824715858295,"20181414",14,2018,14,14,7.453485951,5.852901227,12.95582162,NA,NA,8.754069599,"Park/Green Space","Maintained_lawn","Maintained_lawn"
"84",84,84,"18.014.80-100",2018,14,14,80,100,7.4,17,NA,0.897,0.8,229,7,1.20885577637327,NA,NA,NA,20,83.74,1.05,1.41331948691599,1.20885577637327,1.20885577637327,"20181414",14,2018,14,14,7.453485951,5.852901227,12.95582162,NA,NA,8.754069599,"Park/Green Space","Maintained_lawn","Maintained_lawn"
"85",85,85,"18.015.0-10",2018,15,15,0,10,6.7,63,NA,3.704,NA,737,22,0.798300984397443,NA,NA,NA,10,27.65,1.05,1.30669466325789,0.798300984397443,0.798300984397443,"20181515",15,2018,15,15,7.453485951,5.852901227,12.95582162,NA,NA,8.754069599,"Park/Green Space","Maintained_lawn","Maintained_lawn"
"86",86,86,"18.015.10-20",2018,15,15,10,20,6.9,43,NA,2.3,NA,612,24,2.77716353306293,NA,NA,NA,10,96.19,1.05,1.3588977009184,NA,1.3588977009184,"20181515",15,2018,15,15,7.453485951,5.852901227,12.95582162,NA,NA,8.754069599,"Park/Green Space","Maintained_lawn","Maintained_lawn"
"87",87,87,"18.015.20-40",2018,15,15,20,40,7.4,25,NA,1.541,0.9,478,15.5,1.38858176653147,NA,NA,NA,20,96.19,1.05,1.38805287382031,1.38858176653147,1.38858176653147,"20181515",15,2018,15,15,7.453485951,5.852901227,12.95582162,NA,NA,8.754069599,"Park/Green Space","Maintained_lawn","Maintained_lawn"
"88",88,88,"18.015.40-60",2018,15,15,40,60,7.4,30,NA,1.65,0.7,389,12.5,0,NA,NA,NA,20,NA,1.05,1.38382474020126,NA,1.38382474020126,"20181515",15,2018,15,15,7.453485951,5.852901227,12.95582162,NA,NA,8.754069599,"Park/Green Space","Maintained_lawn","Maintained_lawn"
"89",89,89,"18.015.60-80",2018,15,15,60,80,6.4,26,NA,1.267,NA,336,5,0,NA,NA,NA,20,NA,1.05,1.39874299301094,NA,1.39874299301094,"20181515",15,2018,15,15,7.453485951,5.852901227,12.95582162,NA,NA,8.754069599,"Park/Green Space","Maintained_lawn","Maintained_lawn"
"90",90,90,"18.015.80-100",2018,15,15,80,100,5.1,12,NA,0.952,NA,268,4,0.745898948712765,NA,NA,NA,20,51.67,1.05,1.41114240305064,0.745898948712765,0.745898948712765,"20181515",15,2018,15,15,7.453485951,5.852901227,12.95582162,NA,NA,8.754069599,"Park/Green Space","Maintained_lawn","Maintained_lawn"
"91",91,91,"18.016.0-10",2018,16,16,0,10,7.1,24,NA,4.222,NA,439,44.5,0.637485921717741,NA,NA,10.66905044,10,22.08,1.05,1.28798608243234,0.637485921717741,0.637485921717741,"20181616",16,2018,16,16,NA,NA,NA,NA,NA,NA,"Park/Green Space","Maintained_lawn","Maintained_lawn"
"92",92,92,"18.016.10-20",2018,16,16,10,20,7.3,22,NA,2.589,NA,408,51.5,1.92949203570637,NA,NA,7.736382516,10,66.83,1.05,1.34797075141906,1.92949203570637,1.92949203570637,"20181616",16,2018,16,16,NA,NA,NA,NA,NA,NA,"Park/Green Space","Maintained_lawn","Maintained_lawn"
"93",93,93,"18.016.20-40",2018,16,16,20,40,7.4,18,NA,2.25,0.8,421,66,1.63427946552685,NA,NA,6.370830412,20,113.21,1.05,1.36079786144403,1.63427946552685,1.63427946552685,"20181616",16,2018,16,16,NA,NA,NA,NA,NA,NA,"Park/Green Space","Maintained_lawn","Maintained_lawn"
"94",94,94,"18.016.40-60",2018,16,16,40,60,7.6,21,10,1.48,0.8,313,43.5,2.39779011769286,NA,NA,5.192242914,20,166.1,1.05,1.39042515107873,2.39779011769286,2.39779011769286,"20181616",16,2018,16,16,NA,NA,NA,NA,NA,NA,"Park/Green Space","Maintained_lawn","Maintained_lawn"
"95",95,95,"18.016.60-80",2018,16,16,60,80,7.5,24,10,2.97,1.8,349,40.5,2.32416742292927,NA,NA,5.949986342,20,161,1.05,1.33371013070998,2.32416742292927,2.32416742292927,"20181616",16,2018,16,16,NA,NA,NA,NA,NA,NA,"Park/Green Space","Maintained_lawn","Maintained_lawn"
"96",96,96,"18.016.80-100",2018,16,16,80,100,7.6,28.5,16,2.717,0.9,416,16,2.37844611553929,NA,NA,6.860770466,20,164.76,1.05,1.34316148860219,2.37844611553929,2.37844611553929,"20181616",16,2018,16,16,NA,NA,NA,NA,NA,NA,"Park/Green Space","Maintained_lawn","Maintained_lawn"
"97",97,97,"18.017.0-10",2018,17,17,0,10,7.5,40,19,3.813,1,431,52.5,0.947278672624959,NA,NA,7.383281797,10,32.81,1.05,1.30273359428522,0.947278672624959,0.947278672624959,"20181717",17,2018,17,17,NA,NA,NA,NA,NA,NA,"Park/Green Space","Maintained_lawn","Maintained_lawn"
"98",98,98,"18.017.10-20",2018,17,17,10,20,7.5,33,19,3.48,1.3,747,29,0.979903631480985,NA,NA,5.609818461,10,33.94,1.05,1.31487584014078,0.979903631480985,0.979903631480985,"20181717",17,2018,17,17,NA,NA,NA,NA,NA,NA,"Park/Green Space","Maintained_lawn","Maintained_lawn"
"99",99,99,"18.017.20-40",2018,17,17,20,40,7.7,29,16,1.943,1.3,334,31,1.86712928249485,NA,NA,4.925725122,20,129.34,1.05,1.37252787748429,1.86712928249485,1.86712928249485,"20181717",17,2018,17,17,NA,NA,NA,NA,NA,NA,"Park/Green Space","Maintained_lawn","Maintained_lawn"
"100",100,100,"18.017.40-60",2018,17,17,40,60,7.7,34,18,2.337,1.2,297,33.5,0.161103779129755,NA,NA,5.480220477,20,11.16,1.05,1.35749342605268,0.161103779129755,0.161103779129755,"20181717",17,2018,17,17,NA,NA,NA,NA,NA,NA,"Park/Green Space","Maintained_lawn","Maintained_lawn"
"101",101,101,"18.017.60-80",2018,17,17,60,80,8,16,7,1.319,4,224,10,1.98117228026592,NA,NA,5.247717559,20,137.24,1.05,1.39670741248276,1.98117228026592,1.98117228026592,"20181717",17,2018,17,17,NA,NA,NA,NA,NA,NA,"Park/Green Space","Maintained_lawn","Maintained_lawn"
"102",102,102,"18.017.80-100",2018,17,17,80,100,8.1,21,10,1.153,2.9,263,18.5,2.17504537647672,NA,NA,5.976717411,20,150.67,1.05,1.40321680061531,2.17504537647672,2.17504537647672,"20181717",17,2018,17,17,NA,NA,NA,NA,NA,NA,"Park/Green Space","Maintained_lawn","Maintained_lawn"
"103",103,103,"18.018.0-10",2018,18,18,0,10,7.2,45,NA,3.465,NA,472,45.5,1.10318555565375,NA,NA,NA,10,38.21,1.05,1.31542566415716,1.10318555565375,1.10318555565375,"20181818",18,2018,18,18,NA,NA,NA,NA,NA,NA,"Park/Green Space","Maintained_lawn","Maintained_lawn"
"104",104,104,"18.018.10-20",2018,18,18,10,20,7.4,41,NA,2.469,1,331,36,1.51431778052969,NA,NA,NA,10,52.45,1.05,1.3524963310608,1.51431778052969,1.51431778052969,"20181818",18,2018,18,18,NA,NA,NA,NA,NA,NA,"Park/Green Space","Maintained_lawn","Maintained_lawn"
"105",105,105,"18.018.20-40",2018,18,18,20,40,7.6,39,19,2.105,1.2,325,44.5,1.66084137893175,NA,NA,NA,20,115.05,1.05,1.36632456142868,1.66084137893175,1.66084137893175,"20181818",18,2018,18,18,NA,NA,NA,NA,NA,NA,"Park/Green Space","Maintained_lawn","Maintained_lawn"
"106",106,106,"18.018.40-60",2018,18,18,40,60,7.5,42,18,2.079,1.3,500,35,2.57895969010132,NA,NA,NA,20,178.65,1.05,1.36731811431613,2.57895969010132,2.57895969010132,"20181818",18,2018,18,18,NA,NA,NA,NA,NA,NA,"Park/Green Space","Maintained_lawn","Maintained_lawn"
"107",107,107,"18.018.60-80",2018,18,18,60,80,7.6,39,22,2.313,1.4,323,30,2.31593900410275,NA,NA,NA,20,160.43,1.05,1.3584041284385,2.31593900410275,2.31593900410275,"20181818",18,2018,18,18,NA,NA,NA,NA,NA,NA,"Park/Green Space","Maintained_lawn","Maintained_lawn"
"108",108,108,"18.018.80-100",2018,18,18,80,100,7.5,43,27,2.163,1.7,461,62,2.41742283629649,NA,NA,NA,20,167.46,1.05,1.36411098021537,2.41742283629649,2.41742283629649,"20181818",18,2018,18,18,NA,NA,NA,NA,NA,NA,"Park/Green Space","Maintained_lawn","Maintained_lawn"
"109",109,109,"18.019.0-10",2018,19,19,0,10,6.3,8,NA,3.625,NA,547,35,0,NA,NA,10.59736073,10,NA,1.05,1.30957368104858,NA,1.30957368104858,"20181919",19,2018,19,19,55.95388577,21.79701147,NA,NA,NA,38.87544862,"Park/Green Space","Maintained_lawn","Maintained_lawn"
"110",110,110,"18.019.10-20",2018,19,19,10,20,5.9,10,NA,2.301,NA,496,22.5,1.16843547336581,NA,NA,8.411286612,10,40.47,1.05,1.35885972693253,1.16843547336581,1.16843547336581,"20181919",19,2018,19,19,55.95388577,21.79701147,NA,NA,NA,38.87544862,"Park/Green Space","Maintained_lawn","Maintained_lawn"
"111",111,111,"18.019.20-40",2018,19,19,20,40,6.3,13,NA,1.298,NA,333,0,1.54448864956026,NA,NA,4.513510085,20,106.99,1.05,1.39752908950921,1.54448864956026,1.54448864956026,"20181919",19,2018,19,19,55.95388577,21.79701147,NA,NA,NA,38.87544862,"Park/Green Space","Maintained_lawn","Maintained_lawn"
"112",112,112,"18.019.40-60",2018,19,19,40,60,6.9,22,NA,0.819,NA,351,4.5,1.34426379144828,NA,NA,10.78707664,20,93.12,1.05,1.41641318767219,1.34426379144828,1.34426379144828,"20181919",19,2018,19,19,55.95388577,21.79701147,NA,NA,NA,38.87544862,"Park/Green Space","Maintained_lawn","Maintained_lawn"
"113",113,113,"18.019.60-80",2018,19,19,60,80,6.8,16,NA,0.397,NA,281,3.5,1.57090620474014,NA,NA,2.933761174,20,108.82,1.05,1.43327771211924,1.57090620474014,1.57090620474014,"20181919",19,2018,19,19,55.95388577,21.79701147,NA,NA,NA,38.87544862,"Park/Green Space","Maintained_lawn","Maintained_lawn"
"114",114,114,"18.019.80-100",2018,19,19,80,100,6.7,13,NA,0.345,NA,220,3.5,1.10737194417953,NA,NA,2.176015474,20,76.71,1.05,1.43537070096416,1.10737194417953,1.10737194417953,"20181919",19,2018,19,19,55.95388577,21.79701147,NA,NA,NA,38.87544862,"Park/Green Space","Maintained_lawn","Maintained_lawn"
"115",115,115,"18.020.0-10",2018,20,20,0,10,7.1,15,NA,3.424,NA,414,61.5,0,NA,NA,8.823823074,10,NA,1.05,1.31692978642392,NA,1.31692978642392,"20182020",20,2018,20,20,55.95388577,21.79701147,NA,NA,NA,38.87544862,"Park/Green Space","Maintained_lawn","Maintained_lawn"
"116",116,116,"18.020.10-20",2018,20,20,10,20,7.1,7,NA,3.391,NA,484,48,1.08644000155066,NA,NA,9.111706138,10,37.63,1.05,1.31814177333878,1.08644000155066,1.08644000155066,"20182020",20,2018,20,20,55.95388577,21.79701147,NA,NA,NA,38.87544862,"Park/Green Space","Maintained_lawn","Maintained_lawn"
"117",117,117,"18.020.20-40",2018,20,20,20,40,7.7,5,12,2.131,NA,460,18.5,1.80563267863349,NA,NA,5.345345345,20,125.08,1.05,1.36533178746748,1.80563267863349,1.80563267863349,"20182020",20,2018,20,20,55.95388577,21.79701147,NA,NA,NA,38.87544862,"Park/Green Space","Maintained_lawn","Maintained_lawn"
"118",118,118,"18.020.40-60",2018,20,20,40,60,7.6,22,13,1.317,0.5,228,27.5,2.34596551490829,NA,NA,3.328487643,20,162.51,1.05,1.3967856450143,2.34596551490829,2.34596551490829,"20182020",20,2018,20,20,55.95388577,21.79701147,NA,NA,NA,38.87544862,"Park/Green Space","Maintained_lawn","Maintained_lawn"
"119",119,119,"18.020.60-80",2018,20,20,60,80,7.3,27,NA,1.683,NA,332,21,1.44791299701742,NA,NA,4.997608198,20,100.3,1.05,1.38254740219336,1.44791299701742,1.44791299701742,"20182020",20,2018,20,20,55.95388577,21.79701147,NA,NA,NA,38.87544862,"Park/Green Space","Maintained_lawn","Maintained_lawn"
"120",120,120,"18.020.80-100",2018,20,20,80,100,7.4,27,NA,1.979,0.6,319,17,1.58303229564238,NA,NA,5.649129201,20,109.66,1.05,1.37114674190466,1.58303229564238,1.58303229564238,"20182020",20,2018,20,20,55.95388577,21.79701147,NA,NA,NA,38.87544862,"Park/Green Space","Maintained_lawn","Maintained_lawn"
"121",121,121,"18.021.0-10",2018,21,21,0,10,6.9,42,NA,3.438,NA,589,33,1.39536660310772,NA,NA,9.706950469,10,48.33,1.05,1.31641597453237,1.39536660310772,1.39536660310772,"20182121",21,2018,21,21,55.95388577,21.79701147,NA,NA,NA,38.87544862,"Park/Green Space","Maintained_lawn","Maintained_lawn"
"122",122,122,"18.021.10-20",2018,21,21,10,20,6.9,47,NA,2.84,NA,379,26.5,1.58101128049201,NA,NA,7.706403595,10,54.76,1.05,1.33855754998976,1.58101128049201,1.58101128049201,"20182121",21,2018,21,21,55.95388577,21.79701147,NA,NA,NA,38.87544862,"Park/Green Space","Maintained_lawn","Maintained_lawn"
"123",123,123,"18.021.20-40",2018,21,21,20,40,7.2,40,NA,1.591,NA,405,13.5,1.84417632471561,NA,NA,5.397390273,20,127.75,1.05,1.38611163700463,1.84417632471561,1.84417632471561,"20182121",21,2018,21,21,55.95388577,21.79701147,NA,NA,NA,38.87544862,"Park/Green Space","Maintained_lawn","Maintained_lawn"
"124",124,124,"18.021.40-60",2018,21,21,40,60,7.3,26,NA,0.833,NA,319,7,2.26353696841807,NA,NA,3.07066498,20,156.8,1.05,1.41585737191554,2.26353696841807,2.26353696841807,"20182121",21,2018,21,21,55.95388577,21.79701147,NA,NA,NA,38.87544862,"Park/Green Space","Maintained_lawn","Maintained_lawn"
"125",125,125,"18.021.60-80",2018,21,21,60,80,7.5,20,8,0.412,0.2,355,0,2.14574065679631,NA,NA,2.214111922,20,148.64,1.05,1.43267457518686,2.14574065679631,2.14574065679631,"20182121",21,2018,21,21,55.95388577,21.79701147,NA,NA,NA,38.87544862,"Park/Green Space","Maintained_lawn","Maintained_lawn"
"126",126,126,"18.021.80-100",2018,21,21,80,100,7.6,16,7,0.454,0.5,199,4.5,1.73215434209492,NA,NA,2.143969629,20,119.99,1.05,1.43098724290168,1.73215434209492,1.73215434209492,"20182121",21,2018,21,21,55.95388577,21.79701147,NA,NA,NA,38.87544862,"Park/Green Space","Maintained_lawn","Maintained_lawn"
"127",127,127,"18.022.0-10",2018,22,22,0,10,6.1,130,NA,4.06,NA,950,54,1.05266017689442,NA,NA,NA,10,36.46,1.05,1.2938056435176,1.05266017689442,1.05266017689442,"20182222",22,2018,22,22,0.830362342,1.087201814,NA,NA,NA,0.958782078,"Residential","Maintained_lawn","Maintained_lawn"
"128",128,128,"18.022.10-20",2018,22,22,10,20,6.1,149,NA,4.153,NA,1012,57,0.702447122979739,NA,NA,NA,10,24.33,1.05,1.2904613079985,0.702447122979739,0.702447122979739,"20182222",22,2018,22,22,0.830362342,1.087201814,NA,NA,NA,0.958782078,"Residential","Maintained_lawn","Maintained_lawn"
"129",129,129,"18.022.20-40",2018,22,22,20,40,6.4,60,NA,1.783,NA,561,34.5,1.05930065524565,NA,NA,NA,20,73.38,1.05,1.37868443641155,1.05930065524565,1.05930065524565,"20182222",22,2018,22,22,0.830362342,1.087201814,NA,NA,NA,0.958782078,"Residential","Maintained_lawn","Maintained_lawn"
"130",130,130,"18.022.40-60",2018,22,22,40,60,6.7,50,NA,1.978,NA,525,20.5,1.03432668231604,NA,NA,NA,20,71.65,1.05,1.37118508653304,1.03432668231604,1.03432668231604,"20182222",22,2018,22,22,0.830362342,1.087201814,NA,NA,NA,0.958782078,"Residential","Maintained_lawn","Maintained_lawn"
"131",131,131,"18.022.60-80",2018,22,22,60,80,6.7,45,NA,1.64,NA,480,9,0.517957311395665,NA,NA,NA,20,35.88,1.05,1.38421206342582,0.517957311395665,0.517957311395665,"20182222",22,2018,22,22,0.830362342,1.087201814,NA,NA,NA,0.958782078,"Residential","Maintained_lawn","Maintained_lawn"
"132",132,132,"18.022.80-100",2018,22,22,80,100,6.7,20,NA,1.015,NA,391,11.5,0.864417051459655,NA,NA,NA,20,59.88,1.05,1.40865308660975,0.864417051459655,0.864417051459655,"20182222",22,2018,22,22,0.830362342,1.087201814,NA,NA,NA,0.958782078,"Residential","Maintained_lawn","Maintained_lawn"
"133",133,133,"18.023.0-10",2018,23,23,0,10,6,41,NA,4.032,NA,756,38.5,0.770584205192324,NA,NA,NA,10,26.69,1.05,1.29481437917451,0.770584205192324,0.770584205192324,"20182323",23,2018,23,23,0.830362342,1.087201814,NA,NA,NA,0.958782078,"Residential","Maintained_lawn","Maintained_lawn"
"134",134,134,"18.023.10-20",2018,23,23,10,20,6.1,28,NA,2.677,NA,561,26.5,0.669822164123714,NA,NA,NA,10,23.2,1.05,1.34466238898719,0.669822164123714,0.669822164123714,"20182323",23,2018,23,23,0.830362342,1.087201814,NA,NA,NA,0.958782078,"Residential","Maintained_lawn","Maintained_lawn"
"135",135,135,"18.023.20-40",2018,23,23,20,40,6.4,26,NA,2.227,NA,601,21.5,0.68252568792606,NA,NA,NA,20,47.28,1.05,1.3616728981231,0.68252568792606,0.68252568792606,"20182323",23,2018,23,23,0.830362342,1.087201814,NA,NA,NA,0.958782078,"Residential","Maintained_lawn","Maintained_lawn"
"136",136,136,"18.023.40-60",2018,23,23,40,60,6.1,27,NA,1.749,NA,480,12,0.637052847042661,NA,NA,NA,20,44.13,1.05,1.37999653756525,0.637052847042661,0.637052847042661,"20182323",23,2018,23,23,0.830362342,1.087201814,NA,NA,NA,0.958782078,"Residential","Maintained_lawn","Maintained_lawn"
"137",137,137,"18.023.60-80",2018,23,23,60,80,5.4,9,NA,0.584,NA,327,10,0.735360798285818,NA,NA,NA,20,50.94,1.05,1.42577807581661,0.735360798285818,0.735360798285818,"20182323",23,2018,23,23,0.830362342,1.087201814,NA,NA,NA,0.958782078,"Residential","Maintained_lawn","Maintained_lawn"
"138",138,138,"18.023.80-100",2018,23,23,80,100,5.5,10,NA,0.804,NA,321,9,0.80450838807359,NA,NA,NA,20,55.73,1.05,1.41700896508593,0.80450838807359,0.80450838807359,"20182323",23,2018,23,23,0.830362342,1.087201814,NA,NA,NA,0.958782078,"Residential","Maintained_lawn","Maintained_lawn"
"139",139,139,"19.001.0-10",2019,1,1,0,10,6.8,66,NA,3.185,NA,632,213,1.20567989542268,NA,NA,NA,10,41.76,1.05,1.32573484323169,1.20567989542268,1.20567989542268,"201911",24,2019,1,1,4.972925788,4.878196747,6.580057875,NA,NA,5.477060137,"Residential","Garden_non_food_producing","Garden_non_food_producing"
"140",140,140,"19.001.10-20",2019,1,1,10,20,7.1,53,NA,2.782,NA,605,141,1.0076204106861,NA,NA,NA,10,34.9,1.05,1.34072638466264,1.0076204106861,1.0076204106861,"201911",24,2019,1,1,4.972925788,4.878196747,6.580057875,NA,NA,5.477060137,"Residential","Garden_non_food_producing","Garden_non_food_producing"
"141",141,141,"19.001.20-40",2019,1,1,20,40,7.4,32,NA,2.097,0.3,376,41,1.0206126509385,NA,NA,NA,20,70.7,1.05,1.36663018701851,1.0206126509385,1.0206126509385,"201911",24,2019,1,1,4.972925788,4.878196747,6.580057875,NA,NA,5.477060137,"Residential","Garden_non_food_producing","Garden_non_food_producing"
"142",142,142,"19.001.40-60",2019,1,1,40,60,7.6,22,14,1.027,0.4,268,13,1.46422547644544,NA,NA,NA,20,101.43,1.05,1.40817946722015,1.46422547644544,1.46422547644544,"201911",24,2019,1,1,4.972925788,4.878196747,6.580057875,NA,NA,5.477060137,"Residential","Garden_non_food_producing","Garden_non_food_producing"
"143",143,143,"19.001.60-80",2019,1,1,60,80,7.7,45,26,0.825,0.1,415,15,1.58880662464345,NA,NA,NA,20,110.06,1.05,1.41617495217709,1.58880662464345,1.58880662464345,"201911",24,2019,1,1,4.972925788,4.878196747,6.580057875,NA,NA,5.477060137,"Residential","Garden_non_food_producing","Garden_non_food_producing"
"144",144,144,"19.001.80-100",2019,1,1,80,100,7.8,33,17,0.256,0.3,157,12,1.65145809430502,NA,NA,NA,20,114.4,1.05,1.43896055875852,1.65145809430502,1.65145809430502,"201911",24,2019,1,1,4.972925788,4.878196747,6.580057875,NA,NA,5.477060137,"Residential","Garden_non_food_producing","Garden_non_food_producing"
"145",145,145,"19.002.0-10",2019,2,2,0,10,6.5,70,NA,4.14,NA,776,300,0.851713527657308,NA,NA,NA,10,29.5,1.05,1.29092823187989,0.851713527657308,0.851713527657308,"201922",25,2019,2,2,5.764792952,8.85719831,NA,NA,NA,7.310995631,"Residential","Maintained_lawn","Maintained_lawn"
"146",146,146,"19.002.10-20",2019,2,2,10,20,7,83,NA,3.22,NA,836,197,1.28247847113687,NA,NA,NA,10,44.42,1.05,1.32444142900851,1.28247847113687,1.28247847113687,"201922",25,2019,2,2,5.764792952,8.85719831,NA,NA,NA,7.310995631,"Residential","Maintained_lawn","Maintained_lawn"
"147",147,147,"19.002.20-40",2019,2,2,20,40,7.4,51,NA,1.238,0.1,371,41,1.2133308813491,NA,NA,NA,20,84.05,1.05,1.39987960826481,1.2133308813491,1.2133308813491,"201922",25,2019,2,2,5.764792952,8.85719831,NA,NA,NA,7.310995631,"Residential","Maintained_lawn","Maintained_lawn"
"148",148,148,"19.002.40-60",2019,2,2,40,60,7.5,42,19,1.024,0.4,296,48,1.56902954781479,NA,NA,NA,20,108.69,1.05,1.4082978559955,1.56902954781479,1.56902954781479,"201922",25,2019,2,2,5.764792952,8.85719831,NA,NA,NA,7.310995631,"Residential","Maintained_lawn","Maintained_lawn"
"149",149,149,"19.002.60-80",2019,2,2,60,80,7.4,23,NA,0.656,0.2,263,34,1.63557868955209,NA,NA,NA,20,113.3,1.05,1.42290177640583,1.63557868955209,1.63557868955209,"201922",25,2019,2,2,5.764792952,8.85719831,NA,NA,NA,7.310995631,"Residential","Maintained_lawn","Maintained_lawn"
"150",150,150,"19.002.80-100",2019,2,2,80,100,7.5,25,17,0.328,0.2,295,13,1.402295797909,NA,NA,NA,20,97.14,1.05,1.4360556597136,1.402295797909,1.402295797909,"201922",25,2019,2,2,5.764792952,8.85719831,NA,NA,NA,7.310995631,"Residential","Maintained_lawn","Maintained_lawn"
"151",151,151,"19.003.0-10",2019,3,3,0,10,6.6,65,NA,4.771,NA,804,261,0.89704201031568,NA,NA,NA,10,31.07,1.05,1.26847439287456,0.89704201031568,0.89704201031568,"201933",26,2019,3,3,4.687853609,7.127211892,8.615514742,NA,NA,6.810193414,"Residential","Maintained_lawn","Maintained_lawn"
"152",152,152,"19.003.10-20",2019,3,3,10,20,7.2,72,NA,2.824,NA,554,113,1.10780501885461,NA,NA,NA,10,38.37,1.05,1.33915547025871,1.10780501885461,1.10780501885461,"201933",26,2019,3,3,4.687853609,7.127211892,8.615514742,NA,NA,6.810193414,"Residential","Maintained_lawn","Maintained_lawn"
"153",153,153,"19.003.20-40",2019,3,3,20,40,7.2,64,NA,2.179,NA,509,69,1.14071869416069,NA,NA,NA,20,79.02,1.05,1.36350101835391,1.14071869416069,1.14071869416069,"201933",26,2019,3,3,4.687853609,7.127211892,8.615514742,NA,NA,6.810193414,"Residential","Maintained_lawn","Maintained_lawn"
"154",154,154,"19.003.40-60",2019,3,3,40,60,7.3,38,NA,2.394,NA,442,26,1.26241267785816,NA,NA,NA,20,87.45,1.05,1.35533314844699,1.26241267785816,1.26241267785816,"201933",26,2019,3,3,4.687853609,7.127211892,8.615514742,NA,NA,6.810193414,"Residential","Maintained_lawn","Maintained_lawn"
"155",155,155,"19.003.60-80",2019,3,3,60,80,7.2,18,NA,3.42,NA,496,33,1.2095775674984,NA,NA,NA,20,83.79,1.05,1.31707662968074,1.2095775674984,1.2095775674984,"201933",26,2019,3,3,4.687853609,7.127211892,8.615514742,NA,NA,6.810193414,"Residential","Maintained_lawn","Maintained_lawn"
"156",156,156,"19.003.80-100",2019,3,3,80,100,7.4,19,NA,1.251,0.2,245,9,1.66906979775827,NA,NA,NA,20,115.62,1.05,1.3993699681238,1.66906979775827,1.66906979775827,"201933",26,2019,3,3,4.687853609,7.127211892,8.615514742,NA,NA,6.810193414,"Residential","Maintained_lawn","Maintained_lawn"
"157",157,157,"19.004.0-10",2019,4,4,0,10,7,53,NA,3.513,NA,427,41,1.23484025687807,NA,NA,NA,10,42.77,1.05,1.31366710265747,1.23484025687807,1.23484025687807,"201944",27,2019,4,4,11.04813067,12.72055412,21.68449041,NA,NA,15.1510584,"Park/Green Space","Maintained_lawn","Maintained_lawn"
"158",158,158,"19.004.10-20",2019,4,4,10,20,7.4,37,NA,1.995,0.5,309,39,1.42856899486385,NA,NA,NA,10,49.48,1.05,1.3705333851306,1.42856899486385,1.42856899486385,"201944",27,2019,4,4,11.04813067,12.72055412,21.68449041,NA,NA,15.1510584,"Park/Green Space","Maintained_lawn","Maintained_lawn"
"159",159,159,"19.004.20-40",2019,4,4,20,40,7.7,25,9,1.034,0.8,327,48,1.79884784205724,NA,NA,NA,20,124.61,1.05,1.40790326840463,1.79884784205724,1.79884784205724,"201944",27,2019,4,4,11.04813067,12.72055412,21.68449041,NA,NA,15.1510584,"Park/Green Space","Maintained_lawn","Maintained_lawn"
"160",160,160,"19.004.40-60",2019,4,4,40,60,7.7,24,8,0.949,0.5,188,20,1.96760260711341,NA,NA,NA,20,136.3,1.05,1.41126105996837,1.96760260711341,1.96760260711341,"201944",27,2019,4,4,11.04813067,12.72055412,21.68449041,NA,NA,15.1510584,"Park/Green Space","Maintained_lawn","Maintained_lawn"
"161",161,161,"19.004.60-80",2019,4,4,60,80,7.5,33.5,13,0.53,0.3,219,17,2.01495210492215,NA,NA,NA,20,139.58,1.05,1.42793940365569,2.01495210492215,2.01495210492215,"201944",27,2019,4,4,11.04813067,12.72055412,21.68449041,NA,NA,15.1510584,"Park/Green Space","Maintained_lawn","Maintained_lawn"
"162",162,162,"19.004.80-100",2019,4,4,80,100,7.6,19,7,0.415,0.2,154,14,1.72291541569322,NA,NA,NA,20,119.35,1.05,1.43255398054537,1.72291541569322,1.72291541569322,"201944",27,2019,4,4,11.04813067,12.72055412,21.68449041,NA,NA,15.1510584,"Park/Green Space","Maintained_lawn","Maintained_lawn"
"163",163,163,"19.005.0-10",2019,5,5,0,10,7.3,41,NA,2.423,NA,755,52,2.00686804432066,NA,NA,NA,10,69.51,1.05,1.35423548463555,2.00686804432066,2.00686804432066,"201955",28,2019,5,5,2.814005713,2.947524918,8.805562861,6.233578313,6.233578313,5.406850024,"Park/Green Space","Maintained_lawn","Maintained_lawn"
"164",164,164,"19.005.10-20",2019,5,5,10,20,7.6,30,11,1.251,0.5,432,31,1.50507885412798,NA,NA,NA,10,52.13,1.05,1.3993699681238,1.50507885412798,1.50507885412798,"201955",28,2019,5,5,2.814005713,2.947524918,8.805562861,6.233578313,6.233578313,5.406850024,"Park/Green Space","Maintained_lawn","Maintained_lawn"
"165",165,165,"19.005.20-40",2019,5,5,20,40,7.7,39,13,1.098,0.4,382,48,1.98290457896624,NA,NA,NA,20,137.36,1.05,1.40538072442943,1.98290457896624,1.98290457896624,"201955",28,2019,5,5,2.814005713,2.947524918,8.805562861,6.233578313,6.233578313,5.406850024,"Park/Green Space","Maintained_lawn","Maintained_lawn"
"166",166,166,"19.005.40-60",2019,5,5,40,60,7.6,42,13,0.646,0.3,649,33,1.67008030533346,NA,NA,NA,20,115.69,1.05,1.4233008889683,1.67008030533346,1.67008030533346,"201955",28,2019,5,5,2.814005713,2.947524918,8.805562861,6.233578313,6.233578313,5.406850024,"Park/Green Space","Maintained_lawn","Maintained_lawn"
"167",167,167,"19.005.60-80",2019,5,5,60,80,7.7,38,14,0.264,0.2,173,31,1.78513381067971,NA,NA,NA,20,123.66,1.05,1.4386374805509,1.78513381067971,1.78513381067971,"201955",28,2019,5,5,2.814005713,2.947524918,8.805562861,6.233578313,6.233578313,5.406850024,"Park/Green Space","Maintained_lawn","Maintained_lawn"
"168",168,168,"19.005.80-100",2019,5,5,80,100,7.6,32,10,0.145,0.2,236,6,1.74904425442304,NA,NA,NA,20,121.16,1.05,1.44345132382796,1.74904425442304,1.74904425442304,"201955",28,2019,5,5,2.814005713,2.947524918,8.805562861,6.233578313,6.233578313,5.406850024,"Park/Green Space","Maintained_lawn","Maintained_lawn"
"169",169,169,"19.006.0-10",2019,6,6,0,10,7,52,NA,3.726,NA,484,37.5,1.16468215951511,NA,NA,NA,10,40.34,1.05,1.30589413204468,1.16468215951511,1.16468215951511,"201966",29,2019,6,6,30.59969831,8.27479139,15.23191425,NA,NA,18.03546798,"Park/Green Space","Maintained_lawn","Maintained_lawn"
"170",170,170,"19.006.10-20",2019,6,6,10,20,7.7,12,14,2.467,3.6,315,39,1.79552760288163,NA,NA,NA,10,62.19,1.05,1.3525718962637,1.79552760288163,1.79552760288163,"201966",29,2019,6,6,30.59969831,8.27479139,15.23191425,NA,NA,18.03546798,"Park/Green Space","Maintained_lawn","Maintained_lawn"
"171",171,171,"19.006.20-40",2019,6,6,20,40,7.8,30,11,1.08,0.5,303,24.5,1.12180776668219,NA,NA,NA,20,77.71,1.05,1.40608969776934,1.12180776668219,1.12180776668219,"201966",29,2019,6,6,30.59969831,8.27479139,15.23191425,NA,NA,18.03546798,"Park/Green Space","Maintained_lawn","Maintained_lawn"
"172",172,172,"19.006.40-60",2019,6,6,40,60,8,18,6,0.513,0.2,157,16,1.56773032378955,NA,NA,NA,20,108.6,1.05,1.42862055063054,1.56773032378955,1.56773032378955,"201966",29,2019,6,6,30.59969831,8.27479139,15.23191425,NA,NA,18.03546798,"Park/Green Space","Maintained_lawn","Maintained_lawn"
"173",173,173,"19.006.60-80",2019,6,6,60,80,7.9,14,5,0.864,0.2,127,15,1.51893724373054,NA,NA,NA,20,105.22,1.05,1.41462747201992,1.51893724373054,1.51893724373054,"201966",29,2019,6,6,30.59969831,8.27479139,15.23191425,NA,NA,18.03546798,"Park/Green Space","Maintained_lawn","Maintained_lawn"
"174",174,174,"19.006.80-100",2019,6,6,80,100,7.8,13,5,0.381,0.3,129,9,1.36274164425169,NA,NA,NA,20,94.4,1.05,1.4339213590521,1.36274164425169,1.36274164425169,"201966",29,2019,6,6,30.59969831,8.27479139,15.23191425,NA,NA,18.03546798,"Park/Green Space","Maintained_lawn","Maintained_lawn"
"175",175,175,"19.007.0-10",2019,7,7,0,10,7.3,19,NA,3.376,NA,382,29.5,1.71006753366584,NA,NA,NA,10,59.23,1.05,1.31869307543913,1.71006753366584,1.71006753366584,"201977",30,2019,7,7,9.67978421,10.0345407,7.104211145,NA,NA,8.939512018,"Park/Green Space","Maintained_lawn","Maintained_lawn"
"176",176,176,"19.007.10-20",2019,7,7,10,20,7.6,24,9,1.981,0.8,227,44.5,1.57061748829009,NA,NA,NA,10,54.4,1.05,1.37107005611779,1.57061748829009,1.57061748829009,"201977",30,2019,7,7,9.67978421,10.0345407,7.104211145,NA,NA,8.939512018,"Park/Green Space","Maintained_lawn","Maintained_lawn"
"177",177,177,"19.007.20-40",2019,7,7,20,40,7.9,26,10,1.279,0.7,189,45.5,1.60627396987167,NA,NA,NA,20,111.27,1.05,1.39827296021929,1.60627396987167,1.60627396987167,"201977",30,2019,7,7,9.67978421,10.0345407,7.104211145,NA,NA,8.939512018,"Park/Green Space","Maintained_lawn","Maintained_lawn"
"178",178,178,"19.007.40-60",2019,7,7,40,60,7.9,32,12,1.208,0.8,232,52.5,1.02191187496374,NA,NA,NA,20,70.79,1.05,1.40105646392805,1.02191187496374,1.02191187496374,"201977",30,2019,7,7,9.67978421,10.0345407,7.104211145,NA,NA,8.939512018,"Park/Green Space","Maintained_lawn","Maintained_lawn"
"179",179,179,"19.007.60-80",2019,7,7,60,80,7.8,55,24,1.098,0.9,280,69.5,1.14115176883577,NA,NA,NA,20,79.05,1.05,1.40538072442943,1.14115176883577,1.14115176883577,"201977",30,2019,7,7,9.67978421,10.0345407,7.104211145,NA,NA,8.939512018,"Park/Green Space","Maintained_lawn","Maintained_lawn"
"180",180,180,"19.007.80-100",2019,7,7,80,100,7.9,43,18,0.933,0.7,269,76.5,1.87001644699539,NA,NA,NA,20,129.54,1.05,1.41189407824487,1.87001644699539,1.87001644699539,"201977",30,2019,7,7,9.67978421,10.0345407,7.104211145,NA,NA,8.939512018,"Park/Green Space","Maintained_lawn","Maintained_lawn"
"181",181,181,"19.008.0-10",2019,8,8,0,10,7.2,106,NA,1.145,NA,556,4.5,1.819202351786,NA,NA,NA,10,63.01,1.05,1.40353133009337,1.819202351786,1.819202351786,"201988",31,2019,8,8,28.78327786,16.23346721,14.93260715,NA,NA,19.98311741,"Park/Green Space","Maintained_lawn","Maintained_lawn"
"182",182,182,"19.008.10-20",2019,8,8,10,20,7.1,101,NA,1.143,NA,518,0,1.5365489471838,NA,NA,NA,10,53.22,1.05,1.4036099743233,1.5365489471838,1.5365489471838,"201988",31,2019,8,8,28.78327786,16.23346721,14.93260715,NA,NA,19.98311741,"Park/Green Space","Maintained_lawn","Maintained_lawn"
"183",183,183,"19.008.20-40",2019,8,8,20,40,7.9,32,14,1.01,3.1,317,7,2.09723629318735,NA,NA,NA,20,145.28,1.05,1.40885047862639,2.09723629318735,2.09723629318735,"201988",31,2019,8,8,28.78327786,16.23346721,14.93260715,NA,NA,19.98311741,"Park/Green Space","Maintained_lawn","Maintained_lawn"
"184",184,184,"19.008.40-60",2019,8,8,40,60,8,23,11,0.828,3.7,259,4,2.51558642931462,NA,NA,NA,20,174.26,1.05,1.41605585059787,2.51558642931462,2.51558642931462,"201988",31,2019,8,8,28.78327786,16.23346721,14.93260715,NA,NA,19.98311741,"Park/Green Space","Maintained_lawn","Maintained_lawn"
"185",185,185,"19.008.60-80",2019,8,8,60,80,8.1,18,9,0.693,3.8,267,0,2.5225156241159,NA,NA,NA,20,174.74,1.05,1.42142610629137,2.5225156241159,2.5225156241159,"201988",31,2019,8,8,28.78327786,16.23346721,14.93260715,NA,NA,19.98311741,"Park/Green Space","Maintained_lawn","Maintained_lawn"
"186",186,186,"19.008.80-100",2019,8,8,80,100,8,22,9,0.888,3.1,266,3.5,2.43445710684964,NA,NA,NA,20,168.64,1.05,1.41367608100953,2.43445710684964,2.43445710684964,"201988",31,2019,8,8,28.78327786,16.23346721,14.93260715,NA,NA,19.98311741,"Park/Green Space","Maintained_lawn","Maintained_lawn"
"187",187,187,"19.009.0-10",2019,9,9,0,10,7.4,57,NA,2.471,0.5,367,24,1.50219168962745,NA,NA,NA,10,52.03,1.05,1.3524207704166,1.50219168962745,1.50219168962745,"201999",32,2019,9,9,6.458373768,2.211550761,1.729921545,NA,NA,3.466615358,"Park/Green Space","Maintained_lawn","Maintained_lawn"
"188",188,188,"19.009.10-20",2019,9,9,10,20,7.5,28,12,1.851,NA,368,12,0.835834122904376,NA,NA,NA,10,28.95,1.05,1.37606426775844,0.835834122904376,0.835834122904376,"201999",32,2019,9,9,6.458373768,2.211550761,1.729921545,NA,NA,3.466615358,"Park/Green Space","Maintained_lawn","Maintained_lawn"
"189",189,189,"19.009.20-40",2019,9,9,20,40,8,9,2,0.8,1.3,350,3,1.50782166040349,NA,NA,NA,20,104.45,1.05,1.4171678845962,1.50782166040349,1.50782166040349,"201999",32,2019,9,9,6.458373768,2.211550761,1.729921545,NA,NA,3.466615358,"Park/Green Space","Maintained_lawn","Maintained_lawn"
"190",190,190,"19.009.40-60",2019,9,9,40,60,7.9,11,3,0.668,0.9,304,13,2.27320896949485,NA,NA,NA,20,157.47,1.05,1.42242300022118,2.27320896949485,2.27320896949485,"201999",32,2019,9,9,6.458373768,2.211550761,1.729921545,NA,NA,3.466615358,"Park/Green Space","Maintained_lawn","Maintained_lawn"
"191",191,191,"19.009.60-80",2019,9,9,60,80,8,14,4,0.79,1.1,288,5.5,1.73027768516958,NA,NA,NA,20,119.86,1.05,1.41756526727343,1.73027768516958,1.73027768516958,"201999",32,2019,9,9,6.458373768,2.211550761,1.729921545,NA,NA,3.466615358,"Park/Green Space","Maintained_lawn","Maintained_lawn"
"192",192,192,"19.009.80-100",2019,9,9,80,100,8.1,13,5,0.582,1.9,256,8.5,2.17793254097726,NA,NA,NA,20,150.87,1.05,1.42585806222999,2.17793254097726,2.17793254097726,"201999",32,2019,9,9,6.458373768,2.211550761,1.729921545,NA,NA,3.466615358,"Park/Green Space","Maintained_lawn","Maintained_lawn"
"193",193,193,"19.010.0-10",2019,10,10,0,10,7.3,25,NA,1.31,NA,386,7,1.91361263095344,NA,NA,NA,10,66.28,1.05,1.39705949604579,1.91361263095344,1.91361263095344,"20191010",33,2019,10,10,0.154337389,0.98825022,0.51608054,NA,NA,0.552889383,"Park/Green Space","Maintained_lawn","Maintained_lawn"
"194",194,194,"19.010.10-20",2019,10,10,10,20,7.6,24,12,2.215,1.9,386,0,1.40893627626023,NA,NA,NA,10,48.8,1.05,1.36212968005773,1.40893627626023,1.40893627626023,"20191010",33,2019,10,10,0.154337389,0.98825022,0.51608054,NA,NA,0.552889383,"Park/Green Space","Maintained_lawn","Maintained_lawn"
"195",195,195,"19.010.20-40",2019,10,10,20,40,8,2,4,2.084,6.2,394,0,1.84172223489016,NA,NA,NA,20,127.58,1.05,1.36712698593104,1.84172223489016,1.84172223489016,"20191010",33,2019,10,10,0.154337389,0.98825022,0.51608054,NA,NA,0.552889383,"Park/Green Space","Maintained_lawn","Maintained_lawn"
"196",196,196,"19.010.40-60",2019,10,10,40,60,8.2,2,3,1.53,5.6,391,5,2.01841670232279,NA,NA,NA,20,139.82,1.05,1.38848033898128,2.01841670232279,2.01841670232279,"20191010",33,2019,10,10,0.154337389,0.98825022,0.51608054,NA,NA,0.552889383,"Park/Green Space","Maintained_lawn","Maintained_lawn"
"197",197,197,"19.010.60-80",2019,10,10,60,80,8.3,1,3,1.913,8.5,400,3.5,1.42683669616353,NA,NA,NA,20,98.84,1.05,1.37367997005481,1.42683669616353,1.42683669616353,"20191010",33,2019,10,10,0.154337389,0.98825022,0.51608054,NA,NA,0.552889383,"Park/Green Space","Maintained_lawn","Maintained_lawn"
"198",198,198,"19.010.80-100",2019,10,10,80,100,8.2,1,6,2.356,6,516,10.5,1.48328076214896,NA,NA,NA,20,102.75,1.05,1.3567729207688,1.48328076214896,1.48328076214896,"20191010",33,2019,10,10,0.154337389,0.98825022,0.51608054,NA,NA,0.552889383,"Park/Green Space","Maintained_lawn","Maintained_lawn"
"199",199,199,NA,2019,11,11,0,10,6.6,77,NA,4.48,NA,487,507.5,1.15024633701245,NA,NA,NA,10,39.84,1.05,1.27877640351324,1.15024633701245,1.15024633701245,"20191111",34,2019,11,11,7.31180173,6.440641001,7.7312129,NA,NA,7.161218544,"Residential","Garden_food_producing_in_ground","Garden_food_producing_in_ground"
"200",200,200,NA,2019,11,11,10,20,6.8,70,NA,4.56,NA,649,381,1.33877817889727,NA,NA,NA,10,46.37,1.05,1.27593521662479,1.33877817889727,1.33877817889727,"20191111",34,2019,11,11,7.31180173,6.440641001,7.7312129,NA,NA,7.161218544,"Residential","Garden_food_producing_in_ground","Garden_food_producing_in_ground"
"201",201,201,NA,2019,11,11,20,40,6.7,47,NA,3.441,NA,644,236,1.18763511729435,NA,NA,NA,20,82.27,1.05,1.31630590021184,1.18763511729435,1.18763511729435,"20191111",34,2019,11,11,7.31180173,6.440641001,7.7312129,NA,NA,7.161218544,"Residential","Garden_food_producing_in_ground","Garden_food_producing_in_ground"
"202",202,202,NA,2019,11,11,40,60,6.8,52,NA,1.719,NA,420,114,1.45541962471881,NA,NA,NA,20,100.82,1.05,1.38115539194268,1.45541962471881,1.45541962471881,"20191111",34,2019,11,11,7.31180173,6.440641001,7.7312129,NA,NA,7.161218544,"Residential","Garden_food_producing_in_ground","Garden_food_producing_in_ground"
"203",203,203,NA,2019,11,11,60,80,7,31,NA,0.718,NA,306,56,1.30369913021579,NA,NA,NA,20,90.31,1.05,1.420429963859,1.30369913021579,1.30369913021579,"20191111",34,2019,11,11,7.31180173,6.440641001,7.7312129,NA,NA,7.161218544,"Residential","Garden_food_producing_in_ground","Garden_food_producing_in_ground"
"204",204,204,NA,2019,11,11,80,100,7,30,NA,0.94,NA,328,48,1.55213963548667,NA,NA,NA,20,107.52,1.05,1.41161709515534,1.55213963548667,1.55213963548667,"20191111",34,2019,11,11,7.31180173,6.440641001,7.7312129,NA,NA,7.161218544,"Residential","Garden_food_producing_in_ground","Garden_food_producing_in_ground"
"205",205,205,NA,2019,12,12,0,10,6.9,77,NA,4.057,NA,750,1250,1.16901290626591,NA,NA,NA,10,40.49,1.05,1.29391368159011,1.16901290626591,1.16901290626591,"20191212",35,2019,12,12,12.74821091,14.47367693,20.48718726,NA,NA,15.90302503,"Residential","Garden_non_food_producing","Garden_non_food_producing"
"206",206,206,NA,2019,12,12,10,20,7.1,54,NA,3.214,NA,666,1055,1.24436789972983,NA,NA,NA,10,43.1,1.05,1.32466306019027,1.24436789972983,1.24436789972983,"20191212",35,2019,12,12,12.74821091,14.47367693,20.48718726,NA,NA,15.90302503,"Residential","Garden_non_food_producing","Garden_non_food_producing"
"207",207,207,NA,2019,12,12,20,40,7.3,47,NA,2.505,NA,536,422.5,0.884627202963387,NA,NA,NA,20,61.28,1.05,1.3511369366799,0.884627202963387,0.884627202963387,"20191212",35,2019,12,12,12.74821091,14.47367693,20.48718726,NA,NA,15.90302503,"Residential","Garden_non_food_producing","Garden_non_food_producing"
"208",208,208,NA,2019,12,12,40,60,7.4,35,NA,1.203,0.3,370,162,1.24667763133026,NA,NA,NA,20,86.36,1.05,1.4012527101004,1.24667763133026,1.24667763133026,"20191212",35,2019,12,12,12.74821091,14.47367693,20.48718726,NA,NA,15.90302503,"Residential","Garden_non_food_producing","Garden_non_food_producing"
"209",209,209,NA,2019,12,12,60,80,7.5,37,21,0.681,0.3,250,88,1.16670317466549,NA,NA,NA,20,80.82,1.05,1.4219045215559,1.16670317466549,1.16670317466549,"20191212",35,2019,12,12,12.74821091,14.47367693,20.48718726,NA,NA,15.90302503,"Residential","Garden_non_food_producing","Garden_non_food_producing"
"210",210,210,NA,2019,12,12,80,100,7.5,38,16,0.780333333333333,0.1,306,267.5,2.16609516652507,NA,NA,NA,20,150.05,1.05,1.4179495178215,2.16609516652507,2.16609516652507,"20191212",35,2019,12,12,12.74821091,14.47367693,20.48718726,NA,NA,15.90302503,"Residential","Garden_non_food_producing","Garden_non_food_producing"
"211",211,211,NA,2019,13,13,0,10,7.1,20,NA,4.357,NA,747,840,1.12541672230786,NA,NA,NA,10,38.98,1.05,1.28315812497592,1.12541672230786,1.12541672230786,"20191313",36,2019,13,13,17.9163606,3.215884797,12.40708651,NA,NA,11.1797773,"Residential","Maintained_lawn","Maintained_lawn"
"212",212,212,NA,2019,13,13,10,20,7.2,17,NA,3.151,NA,458,680,0.881451322012801,NA,NA,NA,10,30.53,1.05,1.326992611025,0.881451322012801,0.881451322012801,"20191313",36,2019,13,13,17.9163606,3.215884797,12.40708651,NA,NA,11.1797773,"Residential","Maintained_lawn","Maintained_lawn"
"213",213,213,NA,2019,13,13,20,40,7.3,14,NA,2.07,NA,438,505.5,NA,NA,NA,NA,20,NA,1.05,1.36766221806142,NA,1.36766221806142,"20191313",36,2019,13,13,17.9163606,3.215884797,12.40708651,NA,NA,11.1797773,"Residential","Maintained_lawn","Maintained_lawn"
"214",214,214,NA,2019,13,13,40,60,7.4,21,NA,0.928,0.1,262,125,1.2961925025144,NA,NA,NA,20,89.79,1.05,1.41209195911978,1.2961925025144,1.2961925025144,"20191313",36,2019,13,13,17.9163606,3.215884797,12.40708651,NA,NA,11.1797773,"Residential","Maintained_lawn","Maintained_lawn"
"215",215,215,NA,2019,13,13,60,80,7.6,20,9,0.547666666666667,NA,363,35,0.677617508275153,NA,NA,NA,20,46.94,1.05,1.42723191504749,0.677617508275153,0.677617508275153,"20191313",36,2019,13,13,17.9163606,3.215884797,12.40708651,NA,NA,11.1797773,"Residential","Maintained_lawn","Maintained_lawn"
"216",216,216,NA,2019,13,13,80,100,8.1,11,4,0.952,4.9,424,15.5,1.65708806508106,NA,NA,NA,20,114.79,1.05,1.41114240305064,1.65708806508106,1.65708806508106,"20191313",36,2019,13,13,17.9163606,3.215884797,12.40708651,NA,NA,11.1797773,"Residential","Maintained_lawn","Maintained_lawn"
"217",217,217,NA,2019,14,14,0,10,7.1,36,NA,5.797,NA,561,775,0.90223890641664,NA,NA,NA,10,31.25,1.05,1.23286491136426,0.90223890641664,0.90223890641664,"20191414",37,2019,14,14,46.02694347,22.64904534,NA,NA,NA,34.33799441,"Residential","Maintained_lawn","Maintained_lawn"
"218",218,218,NA,2019,14,14,10,20,7.3,30,NA,4.994,NA,409,474,1.22444646467615,NA,NA,NA,10,42.41,1.05,1.26064070120532,1.22444646467615,1.22444646467615,"20191414",37,2019,14,14,46.02694347,22.64904534,NA,NA,NA,34.33799441,"Residential","Maintained_lawn","Maintained_lawn"
"219",219,219,NA,2019,14,14,20,40,7.6,24,10,3.224,NA,420,121,1.08542949397547,NA,NA,NA,20,75.19,1.05,1.32429369717073,1.08542949397547,1.08542949397547,"20191414",37,2019,14,14,46.02694347,22.64904534,NA,NA,NA,34.33799441,"Residential","Maintained_lawn","Maintained_lawn"
"220",220,220,NA,2019,14,14,40,60,8,15,5,1.93433333333333,6.3,338,19.5,1.57162799586527,NA,NA,NA,20,108.87,1.05,1.37286059714363,1.57162799586527,1.57162799586527,"20191414",37,2019,14,14,46.02694347,22.64904534,NA,NA,NA,34.33799441,"Residential","Maintained_lawn","Maintained_lawn"
"221",221,221,NA,2019,14,14,60,80,8.1,9,5,2.018,7.5,255,21.5,1.73489714837043,NA,NA,NA,20,120.18,1.05,1.36965220323661,1.73489714837043,1.73489714837043,"20191414",37,2019,14,14,46.02694347,22.64904534,NA,NA,NA,34.33799441,"Residential","Maintained_lawn","Maintained_lawn"
"222",222,222,NA,2019,14,14,80,100,7.7,22,11,3.46,3.2,420,210.5,1.62330824042482,NA,NA,NA,20,112.45,1.05,1.31560899412091,1.62330824042482,1.62330824042482,"20191414",37,2019,14,14,46.02694347,22.64904534,NA,NA,NA,34.33799441,"Residential","Maintained_lawn","Maintained_lawn"
"223",223,223,NA,2019,15,15,0,10,7.4,42,NA,2.328,NA,532,231.5,NA,NA,NA,NA,10,NA,1.05,1.35783486218674,NA,1.35783486218674,"20191515",38,2019,15,15,6.467471544,10.51862416,2.668142676,1.482208043,1.431097421,4.513508769,"Residential","Maintained_lawn","Maintained_lawn"
"224",224,224,NA,2019,15,15,10,20,7.6,39,10,1.472,0.6,371,266.5,NA,NA,NA,NA,10,NA,1.05,1.39073659331079,NA,1.39073659331079,"20191515",38,2019,15,15,6.467471544,10.51862416,2.668142676,1.482208043,1.431097421,4.513508769,"Residential","Maintained_lawn","Maintained_lawn"
"225",225,225,NA,2019,15,15,20,40,7.6,34,12,1.877,0.1,414,89,1.04053408599218,NA,NA,NA,20,72.08,1.05,1.37506385805587,1.04053408599218,1.04053408599218,"20191515",38,2019,15,15,6.467471544,10.51862416,2.668142676,1.482208043,1.431097421,4.513508769,"Residential","Maintained_lawn","Maintained_lawn"
"226",226,226,NA,2019,15,15,40,60,8.1,16,8,0.893,2.7,282,36.5,1.27641542568575,NA,NA,NA,20,88.42,1.05,1.41347796122803,1.27641542568575,1.27641542568575,"20191515",38,2019,15,15,6.467471544,10.51862416,2.668142676,1.482208043,1.431097421,4.513508769,"Residential","Maintained_lawn","Maintained_lawn"
"227",227,227,NA,2019,15,15,60,80,7.9,19,8,1.508,1.7,256,48.5,1.66372854343228,NA,NA,NA,20,115.25,1.05,1.38933569493795,1.66372854343228,1.66372854343228,"20191515",38,2019,15,15,6.467471544,10.51862416,2.668142676,1.482208043,1.431097421,4.513508769,"Residential","Maintained_lawn","Maintained_lawn"
"228",228,228,NA,2019,15,15,80,100,7.6,33,15,0.972,0.5,355,8.5,0.852724035232495,NA,NA,NA,20,59.07,1.05,1.41035163128443,0.852724035232495,0.852724035232495,"20191515",38,2019,15,15,6.467471544,10.51862416,2.668142676,1.482208043,1.431097421,4.513508769,"Residential","Maintained_lawn","Maintained_lawn"
"229",229,229,NA,2019,16,16,0,10,7.1,20,NA,4.178,NA,551,690,0.724100856733739,NA,NA,NA,10,25.08,1.05,1.28956389192859,0.724100856733739,0.724100856733739,"20191616",39,2019,16,16,11.23600947,35.02432488,24.92495059,NA,NA,23.72842831,"Residential","Garden_non_food_producing","Garden_non_food_producing"
"230",230,230,NA,2019,16,16,10,20,7.3,14,NA,2.495,NA,399,277.5,1.49064303162532,NA,NA,NA,10,51.63,1.05,1.35151439816472,1.49064303162532,1.49064303162532,"20191616",39,2019,16,16,11.23600947,35.02432488,24.92495059,NA,NA,23.72842831,"Residential","Garden_non_food_producing","Garden_non_food_producing"
"231",231,231,NA,2019,16,16,20,40,7.8,10.5,4,2.378,NA,322,101,0.683536195501247,NA,NA,NA,20,47.35,1.05,1.35593916722565,0.683536195501247,0.683536195501247,"20191616",39,2019,16,16,11.23600947,35.02432488,24.92495059,NA,NA,23.72842831,"Residential","Garden_non_food_producing","Garden_non_food_producing"
"232",232,232,NA,2019,16,16,40,60,NA,NA,NA,NA,NA,NA,54.5,0.288139017153218,NA,NA,NA,20,19.96,1.05,NA,0.288139017153218,0.288139017153218,"20191616",39,2019,16,16,11.23600947,35.02432488,24.92495059,NA,NA,23.72842831,"Residential","Garden_non_food_producing","Garden_non_food_producing"
"233",233,233,NA,2019,16,16,60,80,8.3,4,1,1.894,8.1,308,42,1.02552083058941,NA,NA,NA,20,71.04,1.05,1.37441016811465,1.02552083058941,1.02552083058941,"20191616",39,2019,16,16,11.23600947,35.02432488,24.92495059,NA,NA,23.72842831,"Residential","Garden_non_food_producing","Garden_non_food_producing"
"234",234,234,NA,2019,16,16,80,100,8.5,3,1,1.649,6,243,5,2.08308918713474,NA,NA,NA,20,144.3,1.05,1.38386346726631,2.08308918713474,2.08308918713474,"20191616",39,2019,16,16,11.23600947,35.02432488,24.92495059,NA,NA,23.72842831,"Residential","Garden_non_food_producing","Garden_non_food_producing"
"235",235,235,NA,2019,17,17,0,10,7.4,12,NA,7.433,1.1,535,11,1.14504944091149,NA,NA,NA,10,39.66,1.05,1.17831530632055,1.14504944091149,1.14504944091149,"20191717",40,2019,17,17,3.268827652,3.395526398,4.983484017,NA,NA,3.882612689,"Park/Green Space","Natural_vegetation","Natural_vegetation"
"236",236,236,NA,2019,17,17,10,20,7.4,18,NA,7.743,NA,577,18,0.832658241953789,NA,NA,NA,10,28.84,1.05,1.16827884145119,0.832658241953789,0.832658241953789,"20191717",40,2019,17,17,3.268827652,3.395526398,4.983484017,NA,NA,3.882612689,"Park/Green Space","Natural_vegetation","Natural_vegetation"
"237",237,237,NA,2019,17,17,20,40,7.4,17,NA,5.609,0.8,562,19,0.756004024464631,NA,NA,NA,20,52.37,1.05,1.23930764674783,0.756004024464631,0.756004024464631,"20191717",40,2019,17,17,3.268827652,3.395526398,4.983484017,NA,NA,3.882612689,"Park/Green Space","Natural_vegetation","Natural_vegetation"
"238",238,238,NA,2019,17,17,40,60,7.4,45,NA,3.665,1,626,30.5,1.02768620396481,NA,NA,NA,20,71.19,1.05,1.3081150930655,1.02768620396481,1.02768620396481,"20191717",40,2019,17,17,3.268827652,3.395526398,4.983484017,NA,NA,3.882612689,"Park/Green Space","Natural_vegetation","Natural_vegetation"
"239",239,239,NA,2019,17,17,60,80,7.6,82,51,1.475,2.3,481,15,1.50753294395344,NA,NA,NA,20,104.43,1.05,1.39061979366621,1.50753294395344,1.50753294395344,"20191717",40,2019,17,17,3.268827652,3.395526398,4.983484017,NA,NA,3.882612689,"Park/Green Space","Natural_vegetation","Natural_vegetation"
"240",240,240,NA,2019,17,17,80,100,7.7,25,22,2.962,3.2,306,24,NA,NA,NA,NA,20,NA,1.05,1.33400788485443,NA,1.33400788485443,"20191717",40,2019,17,17,3.268827652,3.395526398,4.983484017,NA,NA,3.882612689,"Park/Green Space","Natural_vegetation","Natural_vegetation"
"241",241,241,NA,2019,18,18,0,10,7.2,30,NA,5.369,NA,573,82.5,1.12050854265695,NA,NA,NA,10,38.81,1.05,1.24758568734765,1.12050854265695,1.12050854265695,"20191818",41,2019,18,18,6.233578313,5.574744833,3.281497527,NA,NA,5.029940224,"Park/Green Space","Natural_vegetation","Natural_vegetation"
"242",242,242,NA,2019,18,18,10,20,7.2,22,NA,6.343,NA,536,171.5,NA,NA,NA,NA,10,NA,1.05,1.21435938063371,NA,1.21435938063371,"20191818",41,2019,18,18,6.233578313,5.574744833,3.281497527,NA,NA,5.029940224,"Park/Green Space","Natural_vegetation","Natural_vegetation"
"243",243,243,NA,2019,18,18,20,40,7.6,3,7,2.665,3.4,407,84,1.16655881644046,NA,NA,NA,20,80.81,1.05,1.34511301235784,1.16655881644046,1.16655881644046,"20191818",41,2019,18,18,6.233578313,5.574744833,3.281497527,NA,NA,5.029940224,"Park/Green Space","Natural_vegetation","Natural_vegetation"
"244",244,244,NA,2019,18,18,40,60,7.7,1,6,2.914,6.9,411,64,1.3026886226406,NA,NA,NA,20,90.24,1.05,1.3357959194414,1.3026886226406,1.3026886226406,"20191818",41,2019,18,18,6.233578313,5.574744833,3.281497527,NA,NA,5.029940224,"Park/Green Space","Natural_vegetation","Natural_vegetation"
"245",245,245,NA,2019,18,18,60,80,7.8,1,5,2.894,6.5,352,41,1.1397081865855,NA,NA,NA,20,78.95,1.05,1.33654169828317,1.1397081865855,1.1397081865855,"20191818",41,2019,18,18,6.233578313,5.574744833,3.281497527,NA,NA,5.029940224,"Park/Green Space","Natural_vegetation","Natural_vegetation"
"246",246,246,NA,2019,18,18,80,100,7.8,9,7,3.038,4.6,385,302,NA,NA,NA,NA,20,NA,1.05,1.33118211948261,NA,1.33118211948261,"20191818",41,2019,18,18,6.233578313,5.574744833,3.281497527,NA,NA,5.029940224,"Park/Green Space","Natural_vegetation","Natural_vegetation"
"247",247,247,NA,2019,19,19,0,10,7.6,8,9,3.239,NA,388,19,1.4764959255727,NA,NA,NA,10,51.14,1.05,1.32373986150833,1.4764959255727,1.4764959255727,"20191919",42,2019,19,19,6.436296307,2.432615927,14.10157045,NA,NA,7.656827561,"Park/Green Space","Garden_non_food_producing","Garden_non_food_producing"
"248",248,248,NA,2019,19,19,10,20,7.8,2,4,2.438,3.5,355,29,1.32722952089513,NA,NA,NA,10,45.97,1.05,1.35366810415974,1.32722952089513,1.32722952089513,"20191919",42,2019,19,19,6.436296307,2.432615927,14.10157045,NA,NA,7.656827561,"Park/Green Space","Garden_non_food_producing","Garden_non_food_producing"
"249",249,249,NA,2019,19,19,20,40,8,4,5,2.741,4.9,422,22,1.63630048067722,NA,NA,NA,20,113.35,1.05,1.34226181725812,1.63630048067722,1.63630048067722,"20191919",42,2019,19,19,6.436296307,2.432615927,14.10157045,NA,NA,7.656827561,"Park/Green Space","Garden_non_food_producing","Garden_non_food_producing"
"250",250,250,NA,2019,19,19,40,60,7.9,19,8,1.115,1.1,473,11,1.72421463971846,NA,NA,NA,20,119.44,1.05,1.40471149187011,1.72421463971846,1.72421463971846,"20191919",42,2019,19,19,6.436296307,2.432615927,14.10157045,NA,NA,7.656827561,"Park/Green Space","Garden_non_food_producing","Garden_non_food_producing"
"251",251,251,NA,2019,19,19,60,80,8.3,15,7,0.683,4.6,207,11.5,1.45830678921934,NA,NA,NA,20,101.02,1.05,1.42182477365186,1.45830678921934,1.45830678921934,"20191919",42,2019,19,19,6.436296307,2.432615927,14.10157045,NA,NA,7.656827561,"Park/Green Space","Garden_non_food_producing","Garden_non_food_producing"
"252",252,252,NA,2019,19,19,80,100,8.1,17,6,1.147,2.3,287,21,1.66690442438287,NA,NA,NA,20,115.47,1.05,1.40345269060789,1.66690442438287,1.66690442438287,"20191919",42,2019,19,19,6.436296307,2.432615927,14.10157045,NA,NA,7.656827561,"Park/Green Space","Garden_non_food_producing","Garden_non_food_producing"
"253",253,253,NA,2019,20,20,0,10,7.2,59,NA,6.046,NA,735,100,0.812159374000003,NA,NA,NA,10,28.13,1.05,1.22438776307636,0.812159374000003,0.812159374000003,"20192020",43,2019,20,20,4.865231854,6.941344661,11.65628465,NA,NA,7.820953722,"Park/Green Space","Natural_vegetation","Natural_vegetation"
"254",254,254,NA,2019,20,20,10,20,7.3,41,NA,4.425,NA,563,104,1.26486676768362,NA,NA,NA,10,43.81,1.05,1.28073370051086,1.26486676768362,1.26486676768362,"20192020",43,2019,20,20,4.865231854,6.941344661,11.65628465,NA,NA,7.820953722,"Park/Green Space","Natural_vegetation","Natural_vegetation"
"255",255,255,NA,2019,20,20,20,40,7.6,28,11,2.481,2.1,498,48.5,0.546684598175971,NA,NA,NA,20,37.87,1.05,1.35204303556647,0.546684598175971,0.546684598175971,"20192020",43,2019,20,20,4.865231854,6.941344661,11.65628465,NA,NA,7.820953722,"Park/Green Space","Natural_vegetation","Natural_vegetation"
"256",256,256,NA,2019,20,20,40,60,7.9,15,7,1.334,3.8,376,14,1.16771368224067,NA,NA,NA,20,80.89,1.05,1.39612081891425,1.16771368224067,1.16771368224067,"20192020",43,2019,20,20,4.865231854,6.941344661,11.65628465,NA,NA,7.820953722,"Park/Green Space","Natural_vegetation","Natural_vegetation"
"257",257,257,NA,2019,20,20,60,80,7.9,68,13,4.387,2,649,211,1.32044468431888,NA,NA,NA,20,91.47,1.05,1.28208791289944,1.32044468431888,1.32044468431888,"20192020",43,2019,20,20,4.865231854,6.941344661,11.65628465,NA,NA,7.820953722,"Park/Green Space","Natural_vegetation","Natural_vegetation"
"258",258,258,NA,2019,20,20,80,100,7.9,39,7,12.026,1.7,460,260.5,0.739980261486672,NA,NA,NA,20,51.26,1.05,1.03880490240828,0.739980261486672,0.739980261486672,"20192020",43,2019,20,20,4.865231854,6.941344661,11.65628465,NA,NA,7.820953722,"Park/Green Space","Natural_vegetation","Natural_vegetation"
"259",259,259,NA,2019,21,21,0,10,7.5,18,13,3.775,NA,518,17.5,1.35061555334945,NA,NA,NA,10,46.78,1.05,1.30411303889058,1.35061555334945,1.35061555334945,"20192121",44,2019,21,21,0.785532226,0.571982311,0.405435988,NA,NA,0.587650175,"Park/Green Space","Maintained_lawn","Maintained_lawn"
"260",260,260,NA,2019,21,21,10,20,7.8,12,9,2.291,NA,412,13,1.23859357072876,NA,NA,NA,10,42.9,1.05,1.35923951834286,1.23859357072876,1.23859357072876,"20192121",44,2019,21,21,0.785532226,0.571982311,0.405435988,NA,NA,0.587650175,"Park/Green Space","Maintained_lawn","Maintained_lawn"
"261",261,261,NA,2019,21,21,20,40,7.9,17,19,0.649,1.1,496,12,1.46913365609634,NA,NA,NA,20,101.77,1.05,1.42318114255814,1.46913365609634,1.46913365609634,"20192121",44,2019,21,21,0.785532226,0.571982311,0.405435988,NA,NA,0.587650175,"Park/Green Space","Maintained_lawn","Maintained_lawn"
"262",262,262,NA,2019,21,21,40,60,8.1,3,7,0.806,3.5,230,19,2.2160431123843,NA,NA,NA,20,153.51,1.05,1.4169295125212,2.2160431123843,2.2160431123843,"20192121",44,2019,21,21,0.785532226,0.571982311,0.405435988,NA,NA,0.587650175,"Park/Green Space","Maintained_lawn","Maintained_lawn"
"263",263,263,NA,2019,21,21,60,80,7.8,6,6,0.742333333333333,1.4,344,8.5,0.924470073070746,NA,NA,NA,20,64.04,1.05,1.41946110639036,0.924470073070746,0.924470073070746,"20192121",44,2019,21,21,0.785532226,0.571982311,0.405435988,NA,NA,0.587650175,"Park/Green Space","Maintained_lawn","Maintained_lawn"
"264",264,264,NA,2019,21,21,80,100,8.2,4,6,1.009,2.9,283,11,2.09709193496233,NA,NA,NA,20,145.27,1.05,1.40888996060244,2.09709193496233,2.09709193496233,"20192121",44,2019,21,21,0.785532226,0.571982311,0.405435988,NA,NA,0.587650175,"Park/Green Space","Maintained_lawn","Maintained_lawn"
"265",265,265,NA,2019,22,22,0,10,7.7,30,11,1.298,NA,322,37,1.38266307930537,NA,NA,NA,10,47.89,1.05,1.39752908950921,1.38266307930537,1.38266307930537,"20192222",45,2019,22,22,3.648923891,3.547564894,8.311437751,NA,NA,5.169308845,"Park/Green Space","Garden_non_food_producing","Garden_non_food_producing"
"266",266,266,NA,2019,22,22,10,20,8,22,8,1.355,NA,233,24.5,1.32751823734519,NA,NA,NA,10,45.98,1.05,1.39530003369331,1.32751823734519,1.32751823734519,"20192222",45,2019,22,22,3.648923891,3.547564894,8.311437751,NA,NA,5.169308845,"Park/Green Space","Garden_non_food_producing","Garden_non_food_producing"
"267",267,267,NA,2019,22,22,20,40,8.1,30,9,2.241,3.1,754,51.5,1.41297830656097,NA,NA,NA,20,97.88,1.05,1.36114019480238,1.41297830656097,1.41297830656097,"20192222",45,2019,22,22,3.648923891,3.547564894,8.311437751,NA,NA,5.169308845,"Park/Green Space","Garden_non_food_producing","Garden_non_food_producing"
"268",268,268,NA,2019,22,22,40,60,8.1,25,12,1.38233333333333,3.1,313,71.5,1.23527333155315,NA,NA,NA,20,85.57,1.05,1.39423248856893,1.23527333155315,1.23527333155315,"20192222",45,2019,22,22,3.648923891,3.547564894,8.311437751,NA,NA,5.169308845,"Park/Green Space","Garden_non_food_producing","Garden_non_food_producing"
"269",269,269,NA,2019,22,22,60,80,8.1,27,11,1.655,NA,317,42.5,0.903393772216854,NA,NA,NA,20,62.58,1.05,1.38363112239798,0.903393772216854,0.903393772216854,"20192222",45,2019,22,22,3.648923891,3.547564894,8.311437751,NA,NA,5.169308845,"Park/Green Space","Garden_non_food_producing","Garden_non_food_producing"
"270",270,270,NA,2019,22,22,80,100,8,34,16,1.681,2.9,329,37,1.72710180421899,NA,NA,NA,20,119.64,1.05,1.38262478042775,1.72710180421899,1.72710180421899,"20192222",45,2019,22,22,3.648923891,3.547564894,8.311437751,NA,NA,5.169308845,"Park/Green Space","Garden_non_food_producing","Garden_non_food_producing"
"271",271,271,NA,2019,23,23,0,10,NA,NA,NA,NA,NA,NA,16,0.397562551723428,NA,NA,NA,10,13.77,1.05,NA,0.397562551723428,0.397562551723428,"20192323",46,2019,23,23,18.64855425,12.37213257,21.55145673,NA,NA,17.52404785,"Park/Green Space","Maintained_lawn","Maintained_lawn"
"272",272,272,NA,2019,23,23,10,20,7.6,3,12,6.977,NA,547,35.5,0.89964045836616,NA,NA,NA,10,31.16,1.05,1.19325023785144,0.89964045836616,0.89964045836616,"20192323",46,2019,23,23,18.64855425,12.37213257,21.55145673,NA,NA,17.52404785,"Park/Green Space","Maintained_lawn","Maintained_lawn"
"273",273,273,NA,2019,23,23,20,40,7.8,10,10,11.16,5,566,309,1.13523308160967,NA,NA,NA,20,78.64,1.05,1.06365226991278,1.13523308160967,1.13523308160967,"20192323",46,2019,23,23,18.64855425,12.37213257,21.55145673,NA,NA,17.52404785,"Park/Green Space","Maintained_lawn","Maintained_lawn"
"274",274,274,NA,2019,23,23,40,60,7.8,7,12,7.557,9.9,585,373.5,1.22675619627658,NA,NA,NA,20,84.98,1.05,1.17428945461025,1.22675619627658,1.22675619627658,"20192323",46,2019,23,23,18.64855425,12.37213257,21.55145673,NA,NA,17.52404785,"Park/Green Space","Maintained_lawn","Maintained_lawn"
"275",275,275,NA,2019,23,23,60,80,8,20,11,8.255,7.6,527,185,1.37746618320441,NA,NA,NA,20,95.42,1.05,1.15190662490738,1.37746618320441,1.37746618320441,"20192323",46,2019,23,23,18.64855425,12.37213257,21.55145673,NA,NA,17.52404785,"Park/Green Space","Maintained_lawn","Maintained_lawn"
"276",276,276,NA,2019,23,23,80,100,8,2,15,4.006,11.5,492,101,1.23585076445326,NA,NA,NA,20,85.61,1.05,1.29575182547584,1.23585076445326,1.23585076445326,"20192323",46,2019,23,23,18.64855425,12.37213257,21.55145673,NA,NA,17.52404785,"Park/Green Space","Maintained_lawn","Maintained_lawn"
"277",277,277,NA,2019,24,24,0,10,7.4,29,NA,9.001,NA,547,517,0.845939198656242,NA,NA,NA,10,29.3,1.05,1.12849988102357,0.845939198656242,0.845939198656242,"20192424",47,2019,24,24,4.151811708,4.409116368,5.777462827,NA,NA,4.779463634,"Park/Green Space","Maintained_lawn","Maintained_lawn"
"278",278,278,NA,2019,24,24,10,20,7.7,29,11,4.739,NA,403,364.5,0.959982196427305,NA,NA,NA,10,33.25,1.05,1.26960283969217,0.959982196427305,0.959982196427305,"20192424",47,2019,24,24,4.151811708,4.409116368,5.777462827,NA,NA,4.779463634,"Park/Green Space","Maintained_lawn","Maintained_lawn"
"279",279,279,NA,2019,24,24,20,40,7.9,44,14,4.466,4.1,529,1210,1.3221769830192,NA,NA,NA,20,91.59,1.05,1.27927431651856,1.3221769830192,1.3221769830192,"20192424",47,2019,24,24,4.151811708,4.409116368,5.777462827,NA,NA,4.779463634,"Park/Green Space","Maintained_lawn","Maintained_lawn"
"280",280,280,NA,2019,24,24,40,60,8,39,19,3.795,3.3,478,1089,1.63947636162781,NA,NA,NA,20,113.57,1.05,1.30338681831205,1.63947636162781,1.63947636162781,"20192424",47,2019,24,24,4.151811708,4.409116368,5.777462827,NA,NA,4.779463634,"Park/Green Space","Maintained_lawn","Maintained_lawn"
"281",281,281,NA,2019,24,24,60,80,8,18,17,5.09,NA,548,339.5,0.745321515812658,NA,NA,NA,20,51.63,1.05,1.25728454123498,0.745321515812658,0.745321515812658,"20192424",47,2019,24,24,4.151811708,4.409116368,5.777462827,NA,NA,4.779463634,"Park/Green Space","Maintained_lawn","Maintained_lawn"
"282",282,282,NA,2019,25,25,0,10,7.4,27,NA,6.444,NA,481,52,0.735360798285818,NA,NA,NA,10,25.47,1.05,1.21096947556778,0.735360798285818,0.735360798285818,"20192525",48,2019,25,25,7.601924772,1.430068477,8.362117249,NA,NA,5.798036833,"Park/Green Space","Maintained_lawn","Maintained_lawn"
"283",283,283,NA,2019,25,25,10,20,7.7,12,14,4.214,4.2,478,70,1.46696828272094,NA,NA,NA,10,50.81,1.05,1.28827280114428,1.46696828272094,1.46696828272094,"20192525",48,2019,25,25,7.601924772,1.430068477,8.362117249,NA,NA,5.798036833,"Park/Green Space","Maintained_lawn","Maintained_lawn"
"284",284,284,NA,2019,25,25,20,40,7.7,86,34,3.644,1.9,588,112.5,0.867015499510135,NA,NA,NA,20,60.06,1.05,1.30888063231339,0.867015499510135,0.867015499510135,"20192525",48,2019,25,25,7.601924772,1.430068477,8.362117249,NA,NA,5.798036833,"Park/Green Space","Maintained_lawn","Maintained_lawn"
"285",285,285,NA,2019,25,25,40,60,7.9,55,27,3.091,NA,496,71.5,0.497169726991825,NA,NA,NA,20,34.44,1.05,1.32921535051387,0.497169726991825,0.497169726991825,"20192525",48,2019,25,25,7.601924772,1.430068477,8.362117249,NA,NA,5.798036833,"Park/Green Space","Maintained_lawn","Maintained_lawn"
"286",286,286,NA,2019,25,25,60,80,8,66,28,1.812,1.7,535,60,1.53351742445824,NA,NA,NA,20,106.23,1.05,1.3775663542245,1.53351742445824,1.53351742445824,"20192525",48,2019,25,25,7.601924772,1.430068477,8.362117249,NA,NA,5.798036833,"Park/Green Space","Maintained_lawn","Maintained_lawn"
"287",287,287,NA,2019,25,25,80,100,8.1,55,26,1.583,2.2,593,55.5,1.42972386066406,NA,NA,NA,20,99.04,1.05,1.38642203817635,1.42972386066406,1.42972386066406,"20192525",48,2019,25,25,7.601924772,1.430068477,8.362117249,NA,NA,5.798036833,"Park/Green Space","Maintained_lawn","Maintained_lawn"
"288",288,288,NA,2019,26,26,0,10,7,84,NA,2.663,NA,677,195,1.14649302316175,NA,NA,NA,10,39.71,1.05,1.34518813211275,1.14649302316175,1.14649302316175,"20192626",49,2019,26,26,1.54539658,0.65883348,1.140288716,NA,NA,1.114839592,"Residential","Maintained_lawn","Maintained_lawn"
"289",289,289,NA,2019,26,26,10,20,7.2,76,NA,2.46,NA,619,161.5,1.0985660924529,NA,NA,NA,10,38.05,1.05,1.35283641037759,1.0985660924529,1.0985660924529,"20192626",49,2019,26,26,1.54539658,0.65883348,1.140288716,NA,NA,1.114839592,"Residential","Maintained_lawn","Maintained_lawn"
"290",290,290,NA,2019,26,26,20,40,7.4,64,NA,1.751,0.4,445,165,0.975139810055105,NA,NA,NA,20,67.55,1.05,1.37991931788759,0.975139810055105,0.975139810055105,"20192626",49,2019,26,26,1.54539658,0.65883348,1.140288716,NA,NA,1.114839592,"Residential","Maintained_lawn","Maintained_lawn"
"291",291,291,NA,2019,26,26,40,60,7.3,31,NA,0.408,NA,263,36,1.49699479352649,NA,NA,NA,20,103.7,1.05,1.43283538501918,1.49699479352649,1.49699479352649,"20192626",49,2019,26,26,1.54539658,0.65883348,1.140288716,NA,NA,1.114839592,"Residential","Maintained_lawn","Maintained_lawn"
"292",292,292,NA,2019,26,26,60,80,7.5,29,21,0.378,0.2,327,51.5,1.74139326849663,NA,NA,NA,20,120.63,1.05,1.43404207743981,1.74139326849663,1.74139326849663,"20192626",49,2019,26,26,1.54539658,0.65883348,1.140288716,NA,NA,1.114839592,"Residential","Maintained_lawn","Maintained_lawn"
"293",293,293,NA,2019,26,26,80,100,7.3,27,NA,0.339,NA,322,18,1.54189020150978,NA,NA,NA,20,106.81,1.05,1.43561241100397,1.54189020150978,1.54189020150978,"20192626",49,2019,26,26,1.54539658,0.65883348,1.140288716,NA,NA,1.114839592,"Residential","Maintained_lawn","Maintained_lawn"
"294",294,294,NA,2019,27,27,0,10,7.3,58,NA,3.616,NA,501,301.5,1.22675619627658,NA,NA,NA,10,42.49,1.05,1.30990210595559,1.22675619627658,1.22675619627658,"20192727",50,2019,27,27,1.137569689,2.164619169,0.807296721,NA,NA,1.369828526,"Residential","Garden_non_food_producing","Garden_non_food_producing"
"295",295,295,NA,2019,27,27,10,20,7.3,54,NA,2.588,NA,494,206,0.959982196427305,NA,NA,NA,10,33.25,1.05,1.34800839693481,0.959982196427305,0.959982196427305,"20192727",50,2019,27,27,1.137569689,2.164619169,0.807296721,NA,NA,1.369828526,"Residential","Garden_non_food_producing","Garden_non_food_producing"
"296",296,296,NA,2019,27,27,20,40,7.8,34,19,1.058,1.4,350,91.5,1.16208371146463,NA,NA,NA,20,80.5,1.05,1.40695674367538,1.16208371146463,1.16208371146463,"20192727",50,2019,27,27,1.137569689,2.164619169,0.807296721,NA,NA,1.369828526,"Residential","Garden_non_food_producing","Garden_non_food_producing"
"297",297,297,NA,2019,27,27,40,60,7.8,61,20,5.592,0.1,571,180,1.0444317580679,NA,NA,NA,20,72.35,1.05,1.23989203783892,1.0444317580679,1.0444317580679,"20192727",50,2019,27,27,1.137569689,2.164619169,0.807296721,NA,NA,1.369828526,"Residential","Garden_non_food_producing","Garden_non_food_producing"
"298",298,298,NA,2019,27,27,60,80,7.6,40,22,0.709,0.2,334,230,1.02147880028866,NA,NA,NA,20,70.76,1.05,1.42078848859783,1.02147880028866,1.02147880028866,"20192727",50,2019,27,27,1.137569689,2.164619169,0.807296721,NA,NA,1.369828526,"Residential","Garden_non_food_producing","Garden_non_food_producing"
"299",299,299,NA,2019,27,27,80,100,7.7,48,22,0.697,0.4,249,86,1.03014029379026,NA,NA,NA,20,71.36,1.05,1.42126667301628,1.03014029379026,1.03014029379026,"20192727",50,2019,27,27,1.137569689,2.164619169,0.807296721,NA,NA,1.369828526,"Residential","Garden_non_food_producing","Garden_non_food_producing"
"300",300,300,NA,2019,28,28,0,10,7.1,35,NA,2.665,NA,555,179.5,1.38266307930537,NA,NA,NA,10,47.89,1.05,1.34511301235784,1.38266307930537,1.38266307930537,"20192828",51,2019,28,28,0.912230973,1.15328103,NA,NA,NA,1.032756001,"Residential","Maintained_lawn","Maintained_lawn"
"301",301,301,NA,2019,28,28,10,20,7.5,21,10,2.42,NA,395,103.5,0.898196876115894,NA,NA,NA,10,31.11,1.05,1.35434899154095,0.898196876115894,0.898196876115894,"20192828",51,2019,28,28,0.912230973,1.15328103,NA,NA,NA,1.032756001,"Residential","Maintained_lawn","Maintained_lawn"
"302",302,302,NA,2019,28,28,20,40,7.9,13,8,1.005,1.8,388,34,1.35552373300036,NA,NA,NA,20,93.9,1.05,1.40904790041686,1.35552373300036,1.35552373300036,"20192828",51,2019,28,28,0.912230973,1.15328103,NA,NA,NA,1.032756001,"Residential","Maintained_lawn","Maintained_lawn"
"303",303,303,NA,2019,28,28,40,60,7.9,16,9,0.918,1.8,343,24,1.16627009999041,NA,NA,NA,20,80.79,1.05,1.41248781041678,1.16627009999041,1.16627009999041,"20192828",51,2019,28,28,0.912230973,1.15328103,NA,NA,NA,1.032756001,"Residential","Maintained_lawn","Maintained_lawn"
"304",304,304,NA,2019,28,28,60,80,8.2,5,4,1.437,7,327,6.5,1.12483928940775,NA,NA,NA,20,77.92,1.05,1.39210003710533,1.12483928940775,1.12483928940775,"20192828",51,2019,28,28,0.912230973,1.15328103,NA,NA,NA,1.032756001,"Residential","Maintained_lawn","Maintained_lawn"
"305",305,305,NA,2019,28,28,80,100,8,3,3,1.681,6.6,268,4,0.827172629402776,NA,NA,NA,20,57.3,1.05,1.38262478042775,0.827172629402776,0.827172629402776,"20192828",51,2019,28,28,0.912230973,1.15328103,NA,NA,NA,1.032756001,"Residential","Maintained_lawn","Maintained_lawn"
"306",306,306,NA,2019,29,29,0,10,7.2,97,NA,7.256,NA,755,351.5,1.18749075906933,NA,NA,NA,10,41.13,1.05,1.18408803621355,1.18749075906933,1.18749075906933,"20192929",52,2019,29,29,0.611914131,1.520384954,2.128538936,NA,NA,1.42027934,"Residential","Maintained_lawn","Maintained_lawn"
"307",307,307,NA,2019,29,29,10,20,7.3,101,NA,4.65,NA,806,332.5,1.18720204261927,NA,NA,NA,10,41.12,1.05,1.27274706613606,1.18720204261927,1.18720204261927,"20192929",52,2019,29,29,0.611914131,1.520384954,2.128538936,NA,NA,1.42027934,"Residential","Maintained_lawn","Maintained_lawn"
"308",308,308,NA,2019,29,29,20,40,7.3,84,NA,4.999,NA,849,311,0.243387967394953,NA,NA,NA,20,16.86,1.05,1.26046566118941,0.243387967394953,0.243387967394953,"20192929",52,2019,29,29,0.611914131,1.520384954,2.128538936,NA,NA,1.42027934,"Residential","Maintained_lawn","Maintained_lawn"
"309",309,309,NA,2019,29,29,40,60,7.4,80,NA,3.656,NA,732,259.5,0.366958608017776,NA,NA,NA,20,25.42,1.05,1.30844312193494,0.366958608017776,0.366958608017776,"20192929",52,2019,29,29,0.611914131,1.520384954,2.128538936,NA,NA,1.42027934,"Residential","Maintained_lawn","Maintained_lawn"
"310",310,310,NA,2019,29,29,60,80,7.7,37,24,1.068,0.5,359,38,0.868603439985428,NA,NA,NA,20,60.17,1.05,1.40656256056907,0.868603439985428,0.868603439985428,"20192929",52,2019,29,29,0.611914131,1.520384954,2.128538936,NA,NA,1.42027934,"Residential","Maintained_lawn","Maintained_lawn"
"311",311,311,NA,2019,29,29,80,100,7.5,35,23,0.992,0.1,412,95,1.1072275859545,NA,NA,NA,20,76.7,1.05,1.40956133644581,1.1072275859545,1.1072275859545,"20192929",52,2019,29,29,0.611914131,1.520384954,2.128538936,NA,NA,1.42027934,"Residential","Maintained_lawn","Maintained_lawn"
"312",312,312,NA,2019,30,30,0,10,7,33,NA,4.242,NA,923,304,1.51835981083044,NA,NA,NA,10,52.59,1.05,1.28726958828917,1.51835981083044,1.51835981083044,"20193030",53,2019,30,30,12.97395161,4.899018186,0.945690445,NA,NA,6.272886747,"Residential","Maintained_lawn","Maintained_lawn"
"313",313,313,NA,2019,30,30,10,20,7.3,25,NA,3.431,NA,505,262,1.33762331309705,NA,NA,NA,10,46.33,1.05,1.31667285335472,1.33762331309705,1.33762331309705,"20193030",53,2019,30,30,12.97395161,4.899018186,0.945690445,NA,NA,6.272886747,"Residential","Maintained_lawn","Maintained_lawn"
"314",314,314,NA,2019,30,30,20,40,7.7,12,5,1.501,0.4,369,64,0.675307776674727,NA,NA,NA,20,46.78,1.05,1.38960797271288,0.675307776674727,0.675307776674727,"20193030",53,2019,30,30,12.97395161,4.899018186,0.945690445,NA,NA,6.272886747,"Residential","Maintained_lawn","Maintained_lawn"
"315",315,315,NA,2019,30,30,40,60,8,10,4,0.815,0.3,321,17,1.08629564332563,NA,NA,NA,20,75.25,1.05,1.41657203529179,1.08629564332563,1.08629564332563,"20193030",53,2019,30,30,12.97395161,4.899018186,0.945690445,NA,NA,6.272886747,"Residential","Maintained_lawn","Maintained_lawn"
"316",316,316,NA,2019,30,30,60,80,7.9,15,6,1.07166666666667,2.2,262,25,1.43665305546534,NA,NA,NA,20,99.52,1.05,1.40641805655315,1.43665305546534,1.43665305546534,"20193030",53,2019,30,30,12.97395161,4.899018186,0.945690445,NA,NA,6.272886747,"Residential","Maintained_lawn","Maintained_lawn"
"317",317,317,NA,2019,30,30,80,100,8,11,5,0.644,NA,436,14.5,0.288427733603272,NA,NA,NA,20,19.98,1.05,1.42338072592885,0.288427733603272,0.288427733603272,"20193030",53,2019,30,30,12.97395161,4.899018186,0.945690445,NA,NA,6.272886747,"Residential","Maintained_lawn","Maintained_lawn"
"318",318,318,NA,2019,31,31,0,10,6.6,170,NA,3.363,NA,1037,455,1.315680862893,NA,NA,NA,10,45.57,1.05,1.31917107241155,1.315680862893,1.315680862893,"20193131",54,2019,31,31,2.547482522,1.520384954,7.642447566,NA,NA,3.903438347,"Residential","Maintained_lawn","Maintained_lawn"
"319",319,319,NA,2019,31,31,10,20,7,134,NA,3.325,NA,912,433,0.972108287329545,NA,NA,NA,10,33.67,1.05,1.32056936956301,0.972108287329545,0.972108287329545,"20193131",54,2019,31,31,2.547482522,1.520384954,7.642447566,NA,NA,3.903438347,"Residential","Maintained_lawn","Maintained_lawn"
"320",320,320,NA,2019,31,31,20,40,7.5,86,45,1.658,0.5,563,64.5,1.04573098209314,NA,NA,NA,20,72.44,1.05,1.38351496573237,1.04573098209314,1.04573098209314,"20193131",54,2019,31,31,2.547482522,1.520384954,7.642447566,NA,NA,3.903438347,"Residential","Maintained_lawn","Maintained_lawn"
"321",321,321,NA,2019,31,31,40,60,7.6,73,41,1.321,0.7,486,69.5,1.06738471584714,NA,NA,NA,20,73.94,1.05,1.39662918467083,1.06738471584714,1.06738471584714,"20193131",54,2019,31,31,2.547482522,1.520384954,7.642447566,NA,NA,3.903438347,"Residential","Maintained_lawn","Maintained_lawn"
"322",322,322,NA,2019,31,31,60,80,7.8,63,43,1.611,1.3,458,48,0.729009036384645,NA,NA,NA,20,50.5,1.05,1.38533596170927,0.729009036384645,0.729009036384645,"20193131",54,2019,31,31,2.547482522,1.520384954,7.642447566,NA,NA,3.903438347,"Residential","Maintained_lawn","Maintained_lawn"
"323",323,323,NA,2019,31,31,80,100,7.8,72,35,1.436,NA,352,68.5,0.626659054840742,NA,NA,NA,20,43.41,1.05,1.39213901379789,0.626659054840742,0.626659054840742,"20193131",54,2019,31,31,2.547482522,1.520384954,7.642447566,NA,NA,3.903438347,"Residential","Maintained_lawn","Maintained_lawn"
"324",324,324,NA,2019,32,32,0,10,6.4,79,NA,3.951,NA,812,600,0.824862897802349,NA,NA,NA,10,28.57,1.05,1.29773730928,0.824862897802349,0.824862897802349,"20193232",55,2019,32,32,0.965803813,1.140288716,1.221521546,NA,NA,1.109204692,"Residential","Maintained_lawn","Maintained_lawn"
"325",325,325,NA,2019,32,32,10,20,7.1,72,NA,3.166,NA,647,345.5,0.901950189966587,NA,NA,NA,10,31.24,1.05,1.32643755445071,0.901950189966587,0.901950189966587,"20193232",55,2019,32,32,0.965803813,1.140288716,1.221521546,NA,NA,1.109204692,"Residential","Maintained_lawn","Maintained_lawn"
"326",326,326,NA,2019,32,32,20,40,7.7,59,29,2.044,0.6,521,134.5,1.05381504269464,NA,NA,NA,20,73,1.05,1.36865682046859,1.05381504269464,1.05381504269464,"20193232",55,2019,32,32,0.965803813,1.140288716,1.221521546,NA,NA,1.109204692,"Residential","Maintained_lawn","Maintained_lawn"
"327",327,327,NA,2019,32,32,40,60,7.8,38.5,20,1.516,0.8,327,80,1.08210925479986,NA,NA,NA,20,74.96,1.05,1.38902459072909,1.08210925479986,1.08210925479986,"20193232",55,2019,32,32,0.965803813,1.140288716,1.221521546,NA,NA,1.109204692,"Residential","Maintained_lawn","Maintained_lawn"
"328",328,328,NA,2019,32,32,60,80,7.9,28,16,1.607,NA,432,55,0.461224528960187,NA,NA,NA,20,31.95,1.05,1.3854910593335,0.461224528960187,0.461224528960187,"20193232",55,2019,32,32,0.965803813,1.140288716,1.221521546,NA,NA,1.109204692,"Residential","Maintained_lawn","Maintained_lawn"
"329",329,329,NA,2019,32,32,80,100,7.8,26,16,0.929,0.2,307,11,1.09351355457697,NA,NA,NA,20,75.75,1.05,1.41205238055714,1.09351355457697,1.09351355457697,"20193232",55,2019,32,32,0.965803813,1.140288716,1.221521546,NA,NA,1.109204692,"Residential","Maintained_lawn","Maintained_lawn"
"330",330,330,NA,2019,33,33,0,10,7.4,65,NA,7.942,NA,708,67.5,1.14822532186207,NA,NA,NA,10,39.77,1.05,1.1618853637688,1.14822532186207,1.14822532186207,"20193333",56,2019,33,33,0.304108202,0.258444848,0.61298232,NA,NA,0.391845123,"Residential","Maintained_lawn","Maintained_lawn"
"331",331,331,NA,2019,33,33,10,20,7.9,36,20,3.97966666666667,NA,302,101,1.84201095134021,NA,NA,NA,10,63.8,1.05,1.2967020400434,1.84201095134021,1.84201095134021,"20193333",56,2019,33,33,0.304108202,0.258444848,0.61298232,NA,NA,0.391845123,"Residential","Maintained_lawn","Maintained_lawn"
"332",332,332,NA,2019,33,33,20,40,7.9,22,11,0.986,0.4,300,17,1.54030226103449,NA,NA,NA,20,106.7,1.05,1.40979837483711,1.54030226103449,1.54030226103449,"20193333",56,2019,33,33,0.304108202,0.258444848,0.61298232,NA,NA,0.391845123,"Residential","Maintained_lawn","Maintained_lawn"
"333",333,333,NA,2019,33,33,40,60,7.9,15,9,0.554,0.3,278,4.5,0.879719023312481,NA,NA,NA,20,60.94,1.05,1.42697837884991,0.879719023312481,0.879719023312481,"20193333",56,2019,33,33,0.304108202,0.258444848,0.61298232,NA,NA,0.391845123,"Residential","Maintained_lawn","Maintained_lawn"
"334",334,334,NA,2019,33,33,60,80,7.8,15,10,0.675,0.4,304,10,0.969365481054038,NA,NA,NA,20,67.15,1.05,1.42214379413713,0.969365481054038,0.969365481054038,"20193333",56,2019,33,33,0.304108202,0.258444848,0.61298232,NA,NA,0.391845123,"Residential","Maintained_lawn","Maintained_lawn"
"335",335,335,NA,2019,33,33,80,100,7.8,17,9,0.625,NA,230,12,1.1007314658283,NA,NA,NA,20,76.25,1.05,1.42413941732796,1.1007314658283,1.1007314658283,"20193333",56,2019,33,33,0.304108202,0.258444848,0.61298232,NA,NA,0.391845123,"Residential","Maintained_lawn","Maintained_lawn"
"336",336,336,NA,2019,34,34,0,10,5.9,83,NA,2.651,NA,702,90.5,1.18287129586847,NA,NA,NA,10,40.97,1.05,1.34563894582589,1.18287129586847,1.18287129586847,"20193434",57,2019,34,34,1.045264656,0.760192477,1.089609217,NA,NA,0.965022117,"Residential","Maintained_lawn","Maintained_lawn"
"337",337,337,NA,2019,34,34,10,20,6.2,53,NA,1.635,NA,465,32,1.44300481736652,NA,NA,NA,10,49.98,1.05,1.38440576885592,1.44300481736652,1.44300481736652,"20193434",57,2019,34,34,1.045264656,0.760192477,1.089609217,NA,NA,0.965022117,"Residential","Maintained_lawn","Maintained_lawn"
"338",338,338,NA,2019,34,34,20,40,6.5,31,NA,1.331,NA,310,22,0.726988021234272,NA,NA,NA,20,50.36,1.05,1.39623811639545,0.726988021234272,0.726988021234272,"20193434",57,2019,34,34,1.045264656,0.760192477,1.089609217,NA,NA,0.965022117,"Residential","Maintained_lawn","Maintained_lawn"
"339",339,339,NA,2019,34,34,40,60,6.8,34,NA,0.83,NA,248,16,1.0487625048187,NA,NA,NA,20,72.65,1.05,1.41597645553266,1.0487625048187,1.0487625048187,"20193434",57,2019,34,34,1.045264656,0.760192477,1.089609217,NA,NA,0.965022117,"Residential","Maintained_lawn","Maintained_lawn"
"340",340,340,NA,2019,34,34,60,80,7,17,NA,0.305,NA,162,5.5,1.31091704146712,NA,NA,NA,20,90.81,1.05,1.43698292786917,1.31091704146712,1.31091704146712,"20193434",57,2019,34,34,1.045264656,0.760192477,1.089609217,NA,NA,0.965022117,"Residential","Maintained_lawn","Maintained_lawn"
"341",341,341,NA,2019,34,34,80,100,7.1,11,NA,0.195,NA,142,0,1.63745534647743,NA,NA,NA,20,113.43,1.05,1.44142659547799,1.63745534647743,1.63745534647743,"20193434",57,2019,34,34,1.045264656,0.760192477,1.089609217,NA,NA,0.965022117,"Residential","Maintained_lawn","Maintained_lawn"
"342",342,342,NA,2019,35,35,0,10,6.8,171,NA,2.699,NA,593,134,1.35090426979951,NA,NA,NA,10,46.79,1.05,1.34383666967092,1.35090426979951,1.35090426979951,"20193535",58,2019,35,35,1.453134098,3.875024261,1.216307964,NA,NA,2.181488774,"Residential","Maintained_lawn","Maintained_lawn"
"343",343,343,NA,2019,35,35,10,20,6.4,68,NA,2.198,NA,399,68,1.17074520496623,NA,NA,NA,10,40.55,1.05,1.36277707090333,1.17074520496623,1.17074520496623,"20193535",58,2019,35,35,1.453134098,3.875024261,1.216307964,NA,NA,2.181488774,"Residential","Maintained_lawn","Maintained_lawn"
"344",344,344,NA,2019,35,35,20,40,6.7,56,NA,1.412,NA,549,14,1.16237242791469,NA,NA,NA,20,80.52,1.05,1.39307480722495,1.16237242791469,1.16237242791469,"20193535",58,2019,35,35,1.453134098,3.875024261,1.216307964,NA,NA,2.181488774,"Residential","Maintained_lawn","Maintained_lawn"
"345",345,345,NA,2019,35,35,40,60,6.7,17,NA,0.704,NA,241,6,1.27078545490971,NA,NA,NA,20,88.03,1.05,1.42098771107015,1.27078545490971,1.27078545490971,"20193535",58,2019,35,35,1.453134098,3.875024261,1.216307964,NA,NA,2.181488774,"Residential","Maintained_lawn","Maintained_lawn"
"346",346,346,NA,2019,35,35,60,80,6.4,8,NA,0.232,NA,171,0,1.58981713221863,NA,NA,NA,20,110.13,1.05,1.43993026130337,1.58981713221863,1.58981713221863,"20193535",58,2019,35,35,1.453134098,3.875024261,1.216307964,NA,NA,2.181488774,"Residential","Maintained_lawn","Maintained_lawn"
"347",347,347,NA,2019,35,35,80,100,6.3,12,NA,0.274,NA,125,8,0.825873405377536,NA,NA,NA,20,57.21,1.05,1.4382337424143,0.825873405377536,0.825873405377536,"20193535",58,2019,35,35,1.453134098,3.875024261,1.216307964,NA,NA,2.181488774,"Residential","Maintained_lawn","Maintained_lawn"
"348",348,348,NA,2019,36,36,0,10,6.1,39,NA,6.622,NA,765,284.5,0.502366623092785,NA,NA,NA,10,17.4,1.05,1.20502026961508,0.502366623092785,0.502366623092785,"20193636",59,2019,36,36,0.83054761,0.551568798,0.719439609,NA,NA,0.700518672,"Residential","Maintained_lawn","Maintained_lawn"
"349",349,349,NA,2019,36,36,10,20,6.8,15,NA,2.175,NA,455,119.5,1.36678367455244,NA,NA,NA,10,47.34,1.05,1.3636534812212,1.36678367455244,1.36678367455244,"20193636",59,2019,36,36,0.83054761,0.551568798,0.719439609,NA,NA,0.700518672,"Residential","Maintained_lawn","Maintained_lawn"
"350",350,350,NA,2019,36,36,20,40,7.2,10,NA,1.91,NA,310,36,0.839443078530042,NA,NA,NA,20,58.15,1.05,1.37379523666434,0.839443078530042,0.839443078530042,"20193636",59,2019,36,36,0.83054761,0.551568798,0.719439609,NA,NA,0.700518672,"Residential","Maintained_lawn","Maintained_lawn"
"351",351,351,NA,2019,36,36,40,60,7.5,19,11,1.083,0.3,289,17,1.30932910099183,NA,NA,NA,20,90.7,1.05,1.40597150881175,1.30932910099183,1.30932910099183,"20193636",59,2019,36,36,0.83054761,0.551568798,0.719439609,NA,NA,0.700518672,"Residential","Maintained_lawn","Maintained_lawn"
"352",352,352,NA,2019,36,36,60,80,7.7,14,9,0.409,0.1,234,11,1.19615225257092,NA,NA,NA,20,82.86,1.05,1.43279518074202,1.19615225257092,1.19615225257092,"20193636",59,2019,36,36,0.83054761,0.551568798,0.719439609,NA,NA,0.700518672,"Residential","Maintained_lawn","Maintained_lawn"
"353",353,353,NA,2019,36,36,80,100,7.9,15,7,0.178,0.3,236,11.5,1.52904231948241,NA,NA,NA,20,105.92,1.05,1.4421146605094,1.52904231948241,1.52904231948241,"20193636",59,2019,36,36,0.83054761,0.551568798,0.719439609,NA,NA,0.700518672,"Residential","Maintained_lawn","Maintained_lawn"
"354",354,354,"21.45.135.0-10",2021,45,135,0,10,7.3,17,NA,6.788,NA,656,60.5,1.2160736876246,NA,NA,NA,10,42.12,1.05,1.19950084581248,1.2160736876246,1.19950084581248,"202145135",195,2021,45,135,118.1284228,62.05208468,85.87520534,NA,NA,88.68523761,"Residential","Maintained_lawn","Maintained_lawn"
"355",355,355,"21.45.135.10-20",2021,45,135,10,20,7.7,20,10,2.171,0.4,368,35,1.68956866571206,NA,NA,NA,10,58.52,1.05,1.36380596248573,1.68956866571206,1.36380596248573,"202145135",195,2021,45,135,118.1284228,62.05208468,85.87520534,NA,NA,88.68523761,"Residential","Maintained_lawn","Maintained_lawn"
"356",356,356,"21.45.135.20-40",2021,45,135,20,40,7.6,23,12,1.699,0.7,277,17.5,0.639506936868115,NA,NA,NA,20,44.3,1.05,1.38192854434536,0.639506936868115,1.38192854434536,"202145135",195,2021,45,135,118.1284228,62.05208468,85.87520534,NA,NA,88.68523761,"Residential","Maintained_lawn","Maintained_lawn"
"357",357,357,"21.45.135.40-60",2021,45,135,40,60,7.8,22,10,1.029,NA,252,12.5,0.232994175193033,NA,NA,NA,20,16.14,1.05,1.40810054732168,0.232994175193033,1.40810054732168,"202145135",195,2021,45,135,118.1284228,62.05208468,85.87520534,NA,NA,88.68523761,"Residential","Maintained_lawn","Maintained_lawn"
"358",358,358,"21.45.135.60-80",2021,45,135,60,80,7.7,25,12,0.684,0.2,190,0,0.590280782134023,NA,NA,NA,20,40.89,1.05,1.42178490150399,0.590280782134023,1.42178490150399,"202145135",195,2021,45,135,118.1284228,62.05208468,85.87520534,NA,NA,88.68523761,"Residential","Maintained_lawn","Maintained_lawn"
"359",359,359,"21.45.135.80-100",2021,45,135,80,100,7.9,24,12,0.284,NA,171,8,1.54824196341095,NA,NA,NA,20,107.25,1.05,1.43783012604666,1.54824196341095,1.43783012604666,"202145135",195,2021,45,135,118.1284228,62.05208468,85.87520534,NA,NA,88.68523761,"Residential","Maintained_lawn","Maintained_lawn"
"360",360,360,"21.45.136.0-10",2021,45,136,0,10,6.6,137,NA,3.4,NA,561,88.5,1.11733266170637,NA,NA,NA,10,38.7,1.05,1.31781111179462,1.11733266170637,1.31781111179462,"202145136",196,2021,45,136,42.68295244,29.27793909,29.27793909,NA,NA,33.74627687,"Residential","Maintained_lawn","Maintained_lawn"
"361",361,361,"21.45.136.10-20",2021,45,136,10,20,7,160,NA,6.459,NA,721,126,0.901950189966587,NA,NA,NA,10,31.24,1.05,1.21046690456148,0.901950189966587,1.21046690456148,"202145136",196,2021,45,136,42.68295244,29.27793909,29.27793909,NA,NA,33.74627687,"Residential","Maintained_lawn","Maintained_lawn"
"362",362,362,"21.45.136.20-40",2021,45,136,20,40,6,79,NA,2.953,NA,542,150.5,0.813458598025243,NA,NA,NA,20,56.35,1.05,1.33434294416597,0.813458598025243,1.33434294416597,"202145136",196,2021,45,136,42.68295244,29.27793909,29.27793909,NA,NA,33.74627687,"Residential","Maintained_lawn","Maintained_lawn"
"363",363,363,"21.45.136.40-60",2021,45,136,40,60,5.7,48,NA,1.331,NA,350,57.5,1.24075894410416,NA,NA,NA,20,85.95,1.05,1.39623811639545,1.24075894410416,1.39623811639545,"202145136",196,2021,45,136,42.68295244,29.27793909,29.27793909,NA,NA,33.74627687,"Residential","Maintained_lawn","Maintained_lawn"
"364",364,364,"21.45.136.60-80",2021,45,136,60,80,6.6,28,NA,0.663,NA,223,10,1.25375118435656,NA,NA,NA,20,86.85,1.05,1.42262246923671,1.25375118435656,1.42262246923671,"202145136",196,2021,45,136,42.68295244,29.27793909,29.27793909,NA,NA,33.74627687,"Residential","Maintained_lawn","Maintained_lawn"
"365",365,365,"21.45.136.80-100",2021,45,136,80,100,7,24,NA,0.272,NA,179,4.5,1.27280647006008,NA,NA,NA,20,88.17,1.05,1.43831448029893,1.27280647006008,1.43831448029893,"202145136",196,2021,45,136,42.68295244,29.27793909,29.27793909,NA,NA,33.74627687,"Residential","Maintained_lawn","Maintained_lawn"
"366",366,366,"21.45.137.0-10",2021,45,137,0,10,5.9,143,NA,3.452,NA,747,143,1.00184608168504,NA,NA,NA,10,34.7,1.05,1.31590237958238,1.00184608168504,1.31590237958238,"202145137",197,2021,45,137,138.1489338,33.76205212,37.41533625,NA,NA,69.77544072,"Residential","Maintained_lawn","Maintained_lawn"
"367",367,367,"21.45.137.10-20",2021,45,137,10,20,6.2,111,NA,2.664,NA,645,154.5,1.67397797740918,NA,NA,NA,10,57.98,1.05,1.3451505716688,1.67397797740918,1.3451505716688,"202145137",197,2021,45,137,138.1489338,33.76205212,37.41533625,NA,NA,69.77544072,"Residential","Maintained_lawn","Maintained_lawn"
"368",368,368,"21.45.137.20-40",2021,45,137,20,40,6.5,67,NA,1.433,NA,478,124.5,1.15587630778849,NA,NA,NA,20,80.07,1.05,1.39225595093019,1.15587630778849,1.39225595093019,"202145137",197,2021,45,137,138.1489338,33.76205212,37.41533625,NA,NA,69.77544072,"Residential","Maintained_lawn","Maintained_lawn"
"369",369,369,"21.45.137.40-60",2021,45,137,40,60,7.1,52,NA,0.778,NA,295,26,1.44646941476716,NA,NA,NA,20,100.2,1.05,1.41804228474181,1.44646941476716,1.41804228474181,"202145137",197,2021,45,137,138.1489338,33.76205212,37.41533625,NA,NA,69.77544072,"Residential","Maintained_lawn","Maintained_lawn"
"370",370,370,"21.45.137.60-80",2021,45,137,60,80,7.1,54,NA,0.324,NA,260,8.5,1.26876443975934,NA,NA,NA,20,87.89,1.05,1.43621687753122,1.26876443975934,1.43621687753122,"202145137",197,2021,45,137,138.1489338,33.76205212,37.41533625,NA,NA,69.77544072,"Residential","Maintained_lawn","Maintained_lawn"
"371",371,371,"21.45.137.80-100",2021,45,137,80,100,7.3,48,NA,0.345,NA,228,8,1.30499835424103,NA,NA,NA,20,90.4,1.05,1.43537070096416,1.30499835424103,1.43537070096416,"202145137",197,2021,45,137,138.1489338,33.76205212,37.41533625,NA,NA,69.77544072,"Residential","Maintained_lawn","Maintained_lawn"
"372",372,372,"21.46.138.0-10",2021,46,138,0,10,7.5,200,116,4.177,1.8,1124,13.5,1.0639201184465,NA,NA,NA,10,36.85,1.05,1.28959977557905,1.0639201184465,1.28959977557905,"202146138",198,2021,46,138,59.20668593,34.29795771,99.86290377,NA,NA,64.45584914,"Community Garden/Urban Farm","Garden_food_producing_in_ground","Garden_food_producing_in_ground"
"373",373,373,"21.46.138.10-20",2021,46,138,10,20,7.5,163,101,2.991,1.7,819,15,1.75077655312336,NA,NA,NA,10,60.64,1.05,1.33292886786208,1.75077655312336,1.33292886786208,"202146138",198,2021,46,138,59.20668593,34.29795771,99.86290377,NA,NA,64.45584914,"Community Garden/Urban Farm","Garden_food_producing_in_ground","Garden_food_producing_in_ground"
"374",374,374,"21.46.138.20-40",2021,46,138,20,40,7.7,116,64,1.59066666666667,2.4,500,9.5,0.800466357772843,NA,NA,NA,20,55.45,1.05,1.38612456889133,0.800466357772843,1.38612456889133,"202146138",198,2021,46,138,59.20668593,34.29795771,99.86290377,NA,NA,64.45584914,"Community Garden/Urban Farm","Garden_food_producing_in_ground","Garden_food_producing_in_ground"
"375",375,375,"21.46.138.40-60",2021,46,138,40,60,8,63,33,2.353,5.4,300,9.5,1.35942140507608,NA,NA,NA,20,94.17,1.05,1.35688665730932,1.35942140507608,1.35688665730932,"202146138",198,2021,46,138,59.20668593,34.29795771,99.86290377,NA,NA,64.45584914,"Community Garden/Urban Farm","Garden_food_producing_in_ground","Garden_food_producing_in_ground"
"376",376,376,"21.46.138.60-80",2021,46,138,60,80,8,27,17,2.054,4.8,281,10.5,1.69173403908746,NA,NA,NA,20,117.19,1.05,1.36827418876425,1.69173403908746,1.36827418876425,"202146138",198,2021,46,138,59.20668593,34.29795771,99.86290377,NA,NA,64.45584914,"Community Garden/Urban Farm","Garden_food_producing_in_ground","Garden_food_producing_in_ground"
"377",377,377,"21.46.138.80-100",2021,46,138,80,100,7.9,27,23,1.493,4.1,271,22,1.79596067755671,NA,NA,NA,20,124.41,1.05,1.38991921772014,1.79596067755671,1.38991921772014,"202146138",198,2021,46,138,59.20668593,34.29795771,99.86290377,NA,NA,64.45584914,"Community Garden/Urban Farm","Garden_food_producing_in_ground","Garden_food_producing_in_ground"
"378",378,378,"21.46.139.0-10",2021,46,139,0,10,7.4,99,NA,5.222,NA,841,30,0.724100856733739,NA,NA,NA,10,25.08,1.05,1.25268566169782,0.724100856733739,1.25268566169782,"202146139",199,2021,46,139,45.40739621,73.58319225,108.7036845,NA,NA,75.89809099,"Community Garden/Urban Farm","Garden_food_producing_in_ground","Garden_food_producing_in_ground"
"379",379,379,"21.46.139.10-20",2021,46,139,10,20,7.4,102,NA,5.059,NA,851,12.5,0.778379549343764,NA,NA,NA,10,26.96,1.05,1.25836723893206,0.778379549343764,1.25836723893206,"202146139",199,2021,46,139,45.40739621,73.58319225,108.7036845,NA,NA,75.89809099,"Community Garden/Urban Farm","Garden_food_producing_in_ground","Garden_food_producing_in_ground"
"380",380,380,"21.46.139.20-40",2021,46,139,20,40,7.5,102,66,4.036,1.7,859,12.5,0.632722100291861,NA,NA,NA,20,43.83,1.05,1.29467022191238,0.632722100291861,1.29467022191238,"202146139",199,2021,46,139,45.40739621,73.58319225,108.7036845,NA,NA,75.89809099,"Community Garden/Urban Farm","Garden_food_producing_in_ground","Garden_food_producing_in_ground"
"381",381,381,"21.46.139.40-60",2021,46,139,40,60,7.9,39,22,1.63,3.6,395,5.5,1.77820461587843,NA,NA,NA,20,123.18,1.05,1.38459950350378,1.77820461587843,1.38459950350378,"202146139",199,2021,46,139,45.40739621,73.58319225,108.7036845,NA,NA,75.89809099,"Community Garden/Urban Farm","Garden_food_producing_in_ground","Garden_food_producing_in_ground"
"382",382,382,"21.46.139.60-80",2021,46,139,60,80,8.1,32,16,1.546,4.4,231,5,1.7601598377501,NA,NA,NA,20,121.93,1.05,1.38785861835839,1.7601598377501,1.38785861835839,"202146139",199,2021,46,139,45.40739621,73.58319225,108.7036845,NA,NA,75.89809099,"Community Garden/Urban Farm","Garden_food_producing_in_ground","Garden_food_producing_in_ground"
"383",383,383,"21.46.140.0-10",2021,46,140,0,10,7.4,506,NA,7.864,NA,1167,12.5,0.756148382689658,NA,NA,NA,10,26.19,1.05,1.16438677761792,0.756148382689658,1.16438677761792,"202146140",200,2021,46,140,90.03213898,15.76782691,110.3747884,NA,NA,72.05825143,"Community Garden/Urban Farm","Garden_food_producing_in_ground","Garden_food_producing_in_ground"
"384",384,384,"21.46.140.10-20",2021,46,140,10,20,7.4,134,NA,3.575,1,757,12,2.1229320572421,NA,NA,NA,10,73.53,1.05,1.31139939266907,2.1229320572421,1.31139939266907,"202146140",200,2021,46,140,90.03213898,15.76782691,110.3747884,NA,NA,72.05825143,"Community Garden/Urban Farm","Garden_food_producing_in_ground","Garden_food_producing_in_ground"
"385",385,385,"21.46.140.20-40",2021,46,140,20,40,7.5,90,62,1.763,1.9,431,12.5,1.54391121666015,NA,NA,NA,20,106.95,1.05,1.37945609764055,1.54391121666015,1.37945609764055,"202146140",200,2021,46,140,90.03213898,15.76782691,110.3747884,NA,NA,72.05825143,"Community Garden/Urban Farm","Garden_food_producing_in_ground","Garden_food_producing_in_ground"
"386",386,386,"21.46.140.40-60",2021,46,140,40,60,7.5,151,101,3.489,3.1,620,8.5,1.03158387604053,NA,NA,NA,20,71.46,1.05,1.31454606512604,1.03158387604053,1.31454606512604,"202146140",200,2021,46,140,90.03213898,15.76782691,110.3747884,NA,NA,72.05825143,"Community Garden/Urban Farm","Garden_food_producing_in_ground","Garden_food_producing_in_ground"
"387",387,387,"21.46.140.60-80",2021,46,140,60,80,7.5,136,114,3.637,3.7,604,11,0.417917061452188,NA,NA,NA,20,28.95,1.05,1.30913591984635,0.417917061452188,1.30913591984635,"202146140",200,2021,46,140,90.03213898,15.76782691,110.3747884,NA,NA,72.05825143,"Community Garden/Urban Farm","Garden_food_producing_in_ground","Garden_food_producing_in_ground"
"388",388,388,"21.46.140.80-100",2021,46,140,80,100,7.5,154,138,4.489,3.2,750,10,0.452707393683613,NA,NA,NA,20,31.36,1.05,1.27845642760047,0.452707393683613,1.27845642760047,"202146140",200,2021,46,140,90.03213898,15.76782691,110.3747884,NA,NA,72.05825143,"Community Garden/Urban Farm","Garden_food_producing_in_ground","Garden_food_producing_in_ground"
"389",389,389,"21.46.141.0-10",2021,46,141,0,10,7,704,NA,4.885,NA,1330,14,1.22502389757626,NA,NA,NA,10,42.43,1.05,1.26446314192853,1.22502389757626,1.26446314192853,"202146141",201,2021,46,141,141.4790755,137.1918308,46.04964461,NA,NA,108.2401836,"Community Garden/Urban Farm","Garden_food_producing_in_ground","Garden_food_producing_in_ground"
"390",390,390,"21.46.141.10-20",2021,46,141,10,20,7.1,248,NA,3.938,NA,1189,18,2.34668730603342,NA,NA,NA,10,81.28,1.05,1.29820708696163,2.34668730603342,1.29820708696163,"202146141",201,2021,46,141,141.4790755,137.1918308,46.04964461,NA,NA,108.2401836,"Community Garden/Urban Farm","Garden_food_producing_in_ground","Garden_food_producing_in_ground"
"391",391,391,"21.46.141.20-40",2021,46,141,20,40,7.3,192,NA,2.641,NA,705,12.5,1.4851574190743,NA,NA,NA,20,102.88,1.05,1.34601474859556,1.4851574190743,1.34601474859556,"202146141",201,2021,46,141,141.4790755,137.1918308,46.04964461,NA,NA,108.2401836,"Community Garden/Urban Farm","Garden_food_producing_in_ground","Garden_food_producing_in_ground"
"392",392,392,"21.46.141.40-60",2021,46,141,40,60,7.5,133,64,2.136,5,447,7,1.57263850344046,NA,NA,NA,20,108.94,1.05,1.36514095864683,1.57263850344046,1.36514095864683,"202146141",201,2021,46,141,141.4790755,137.1918308,46.04964461,NA,NA,108.2401836,"Community Garden/Urban Farm","Garden_food_producing_in_ground","Garden_food_producing_in_ground"
"393",393,393,"21.46.141.60-80",2021,46,141,60,80,7.3,177,NA,2.43,NA,601,4,1.4570075651941,NA,NA,NA,20,100.93,1.05,1.35397067513203,1.4570075651941,1.35397067513203,"202146141",201,2021,46,141,141.4790755,137.1918308,46.04964461,NA,NA,108.2401836,"Community Garden/Urban Farm","Garden_food_producing_in_ground","Garden_food_producing_in_ground"
"394",394,394,"21.46.142.0-10",2021,46,142,0,10,7.3,168,NA,5.153,NA,983,12.5,1.31365984774263,NA,NA,NA,10,45.5,1.05,1.25508733715662,1.31365984774263,1.25508733715662,"202146142",202,2021,46,142,175.7770332,94.60696146,63.07130764,NA,NA,111.1517674,"Community Garden/Urban Farm","Garden_food_producing_in_ground","Garden_food_producing_in_ground"
"395",395,395,"21.46.142.10-20",2021,46,142,10,20,7.3,151,NA,4.72,1.6,853,13.5,1.73287613322006,NA,NA,NA,10,60.02,1.05,1.27027337055109,1.73287613322006,1.27027337055109,"202146142",202,2021,46,142,175.7770332,94.60696146,63.07130764,NA,NA,111.1517674,"Community Garden/Urban Farm","Garden_food_producing_in_ground","Garden_food_producing_in_ground"
"396",396,396,"21.46.142.20-40",2021,46,142,20,40,7.5,95,49,2.273,3.9,452,12,1.13234591710914,NA,NA,NA,20,78.44,1.05,1.35992343164904,1.13234591710914,1.35992343164904,"202146142",202,2021,46,142,175.7770332,94.60696146,63.07130764,NA,NA,111.1517674,"Community Garden/Urban Farm","Garden_food_producing_in_ground","Garden_food_producing_in_ground"
"397",397,397,"21.46.142.40-60",2021,46,142,40,60,7.8,38,33,1.366,6.1,579,0,1.50017067447708,NA,NA,NA,20,103.92,1.05,1.39487030603612,1.50017067447708,1.39487030603612,"202146142",202,2021,46,142,175.7770332,94.60696146,63.07130764,NA,NA,111.1517674,"Community Garden/Urban Farm","Garden_food_producing_in_ground","Garden_food_producing_in_ground"
"398",398,398,"21.46.142.60-80",2021,46,142,60,80,7.8,55,36,1.945,NA,308,10,1.56570930863918,NA,NA,NA,20,108.46,1.05,1.37245110837623,1.56570930863918,1.37245110837623,"202146142",202,2021,46,142,175.7770332,94.60696146,63.07130764,NA,NA,111.1517674,"Community Garden/Urban Farm","Garden_food_producing_in_ground","Garden_food_producing_in_ground"
"399",399,399,"21.46.143.0-10",2021,46,143,0,10,7.2,78,NA,6.287,NA,700,27,0.966333958328478,NA,NA,NA,10,33.47,1.05,1.21624338740403,0.966333958328478,1.21624338740403,"202146143",203,2021,46,143,54.02716337,69.15476912,49.93145188,NA,NA,57.70446146,"Community Garden/Urban Farm","Garden_food_producing_in_ground","Garden_food_producing_in_ground"
"400",400,400,"21.46.143.10-20",2021,46,143,10,20,7.2,54,NA,4.899,NA,582,18,0.898774309016,NA,NA,NA,10,31.13,1.05,1.26397148249487,0.898774309016,1.26397148249487,"202146143",203,2021,46,143,54.02716337,69.15476912,49.93145188,NA,NA,57.70446146,"Community Garden/Urban Farm","Garden_food_producing_in_ground","Garden_food_producing_in_ground"
"401",401,401,"21.46.143.20-40",2021,46,143,20,40,7.4,14,NA,3.079,0.4,218,9,0.924036998395666,NA,NA,NA,20,64.01,1.05,1.32966038136673,0.924036998395666,1.32966038136673,"202146143",203,2021,46,143,54.02716337,69.15476912,49.93145188,NA,NA,57.70446146,"Community Garden/Urban Farm","Garden_food_producing_in_ground","Garden_food_producing_in_ground"
"402",402,402,"21.46.143.40-60",2021,46,143,40,60,7.4,35,NA,2.554,3.2,310,10,0.66780114897334,NA,NA,NA,20,46.26,1.05,1.34928902037154,0.66780114897334,1.34928902037154,"202146143",203,2021,46,143,54.02716337,69.15476912,49.93145188,NA,NA,57.70446146,"Community Garden/Urban Farm","Garden_food_producing_in_ground","Garden_food_producing_in_ground"
"403",403,403,"21.46.143.60-80",2021,46,143,60,80,8,8,5,1.847,7,138,0,1.59183814736901,NA,NA,NA,20,110.27,1.05,1.37621824659525,1.59183814736901,1.37621824659525,"202146143",203,2021,46,143,54.02716337,69.15476912,49.93145188,NA,NA,57.70446146,"Community Garden/Urban Farm","Garden_food_producing_in_ground","Garden_food_producing_in_ground"
"404",404,404,"21.46.143.80-100",2021,46,143,80,100,8.1,8,4,1.422,5.2,194,0,1.7514983442485,NA,NA,NA,20,121.33,1.05,1.39268481096328,1.7514983442485,1.39268481096328,"202146143",203,2021,46,143,54.02716337,69.15476912,49.93145188,NA,NA,57.70446146,"Community Garden/Urban Farm","Garden_food_producing_in_ground","Garden_food_producing_in_ground"
"405",405,405,"21.47.144.0-10",2021,47,144,0,10,7.5,114,104,7.44,2,765,39,1.84922886259155,NA,NA,NA,10,64.05,1.05,1.17808763923218,1.84922886259155,1.17808763923218,"202147144",204,2021,47,144,29.61853534,131.8262786,62.67150951,NA,NA,74.70544115,"Community Garden/Urban Farm","Garden_food_producing_in_ground","Garden_food_producing_in_ground"
"406",406,406,"21.47.144.10-20",2021,47,144,10,20,7.4,137,NA,5.556,NA,2447,75.5,1.58765175884323,NA,NA,NA,10,54.99,1.05,1.24113056160529,1.58765175884323,1.24113056160529,"202147144",204,2021,47,144,29.61853534,131.8262786,62.67150951,NA,NA,74.70544115,"Community Garden/Urban Farm","Garden_food_producing_in_ground","Garden_food_producing_in_ground"
"407",407,407,"21.47.144.20-40",2021,47,144,20,40,7.4,279,NA,2.519,0.8,1131,130,1.33675716374689,NA,NA,NA,20,92.6,1.05,1.35060868185107,1.33675716374689,1.35060868185107,"202147144",204,2021,47,144,29.61853534,131.8262786,62.67150951,NA,NA,74.70544115,"Community Garden/Urban Farm","Garden_food_producing_in_ground","Garden_food_producing_in_ground"
"408",408,408,"21.47.144.40-60",2021,47,144,40,60,7.5,86,63,0.882,0.1,401,9.5,1.73330920789514,NA,NA,NA,20,120.07,1.05,1.41391386419408,1.73330920789514,1.41391386419408,"202147144",204,2021,47,144,29.61853534,131.8262786,62.67150951,NA,NA,74.70544115,"Community Garden/Urban Farm","Garden_food_producing_in_ground","Garden_food_producing_in_ground"
"409",409,409,"21.47.144.60-80",2021,47,144,60,80,7.7,48,33,0.424,NA,374,14,1.83103972623819,NA,NA,NA,20,126.84,1.05,1.43219226209311,1.83103972623819,1.43219226209311,"202147144",204,2021,47,144,29.61853534,131.8262786,62.67150951,NA,NA,74.70544115,"Community Garden/Urban Farm","Garden_food_producing_in_ground","Garden_food_producing_in_ground"
"410",410,410,"21.47.144.80-100",2021,47,144,80,100,7.7,56,34,0.794,NA,443,6,1.81414981391007,NA,NA,NA,20,125.67,1.05,1.41740629981797,1.81414981391007,1.41740629981797,"202147144",204,2021,47,144,29.61853534,131.8262786,62.67150951,NA,NA,74.70544115,"Community Garden/Urban Farm","Garden_food_producing_in_ground","Garden_food_producing_in_ground"
"411",411,411,"21.47.145.0-10",2021,47,145,0,10,7.3,169,NA,11.967,NA,852,19,0.888669233264134,NA,NA,NA,10,30.78,1.05,1.04047721005517,0.888669233264134,1.04047721005517,"202147145",205,2021,47,145,NA,NA,NA,NA,NA,NA,"Community Garden/Urban Farm","Garden_food_producing_in_ground","Garden_food_producing_in_ground"
"412",412,412,"21.47.145.10-20",2021,47,145,10,20,7.2,138,NA,8.393,NA,675,30.5,0.89790815966584,NA,NA,NA,10,31.1,1.05,1.14753689139209,0.89790815966584,1.14753689139209,"202147145",205,2021,47,145,NA,NA,NA,NA,NA,NA,"Community Garden/Urban Farm","Garden_food_producing_in_ground","Garden_food_producing_in_ground"
"413",413,413,"21.47.145.20-40",2021,47,145,20,40,7.4,95,NA,5.882,NA,566,146.5,0.806096328548883,NA,NA,NA,20,55.84,1.05,1.22996394499047,0.806096328548883,1.22996394499047,"202147145",205,2021,47,145,NA,NA,NA,NA,NA,NA,"Community Garden/Urban Farm","Garden_food_producing_in_ground","Garden_food_producing_in_ground"
"414",414,414,"21.47.145.40-60",2021,47,145,40,60,7.3,99,NA,16.733,NA,755,381,0.417917061452188,NA,NA,NA,20,28.95,1.05,0.914538234685052,0.417917061452188,0.914538234685052,"202147145",205,2021,47,145,NA,NA,NA,NA,NA,NA,"Community Garden/Urban Farm","Garden_food_producing_in_ground","Garden_food_producing_in_ground"
"415",415,415,"21.47.145.60-80",2021,47,145,60,80,7.3,111,NA,11.132,NA,695,194.5,0.677184433600073,NA,NA,NA,20,46.91,1.05,1.06446653177425,0.677184433600073,1.06446653177425,"202147145",205,2021,47,145,NA,NA,NA,NA,NA,NA,"Community Garden/Urban Farm","Garden_food_producing_in_ground","Garden_food_producing_in_ground"
"416",416,416,"21.47.145.80-100",2021,47,145,80,100,7.2,141,NA,13.083,NA,710,49.5,0.949444046000359,NA,NA,NA,20,65.77,1.05,1.00934390591967,0.949444046000359,1.00934390591967,"202147145",205,2021,47,145,NA,NA,NA,NA,NA,NA,"Community Garden/Urban Farm","Garden_food_producing_in_ground","Garden_food_producing_in_ground"
"417",417,417,"21.47.146.0-10",2021,47,146,0,10,7.5,137,100,5.933,1.2,755,31,1.35234785204977,NA,NA,NA,10,46.84,1.05,1.22822693211512,1.35234785204977,1.22822693211512,"202147146",206,2021,47,146,3.590125496,2.154075298,1.29020135,NA,NA,2.344800715,"Community Garden/Urban Farm","Garden_food_producing_in_ground","Garden_food_producing_in_ground"
"418",418,418,"21.47.146.10-20",2021,47,146,10,20,7.5,116,73,4.057,NA,568,30.5,1.21491882182439,NA,NA,NA,10,42.08,1.05,1.29391368159011,1.21491882182439,1.29391368159011,"202147146",206,2021,47,146,3.590125496,2.154075298,1.29020135,NA,NA,2.344800715,"Community Garden/Urban Farm","Garden_food_producing_in_ground","Garden_food_producing_in_ground"
"419",419,419,"21.47.146.20-40",2021,47,146,20,40,7.5,82,55,3.13,2,629,32.5,1.67455541030928,NA,NA,NA,20,116,1.05,1.32777011227964,1.67455541030928,1.32777011227964,"202147146",206,2021,47,146,3.590125496,2.154075298,1.29020135,NA,NA,2.344800715,"Community Garden/Urban Farm","Garden_food_producing_in_ground","Garden_food_producing_in_ground"
"420",420,420,"21.47.146.40-60",2021,47,146,40,60,7.8,35,23,1.499,2.5,406,46,1.40114093210879,NA,NA,NA,20,97.06,1.05,1.38968577692333,1.40114093210879,1.38968577692333,"202147146",206,2021,47,146,3.590125496,2.154075298,1.29020135,NA,NA,2.344800715,"Community Garden/Urban Farm","Garden_food_producing_in_ground","Garden_food_producing_in_ground"
"421",421,421,"21.47.146.60-80",2021,47,146,60,80,7.8,42,23,1.087,1.6,282,22.5,1.67397797740918,NA,NA,NA,20,115.96,1.05,1.40581394017146,1.67397797740918,1.40581394017146,"202147146",206,2021,47,146,3.590125496,2.154075298,1.29020135,NA,NA,2.344800715,"Community Garden/Urban Farm","Garden_food_producing_in_ground","Garden_food_producing_in_ground"
"422",422,422,"21.47.146.80-100",2021,47,146,80,100,7.5,99.5,82,1.42,NA,722,28.5,1.39969734985852,NA,NA,NA,20,96.96,1.05,1.39276280080453,1.39969734985852,1.39276280080453,"202147146",206,2021,47,146,3.590125496,2.154075298,1.29020135,NA,NA,2.344800715,"Community Garden/Urban Farm","Garden_food_producing_in_ground","Garden_food_producing_in_ground"
"423",423,423,"21.47.147.0-10",2021,47,147,0,10,7.3,143,NA,5.12,NA,801,34,1.3286731031454,NA,NA,NA,10,46.02,1.05,1.25623773281114,1.3286731031454,1.25623773281114,"202147147",207,2021,47,147,31.48246137,14.7526429,20.17014099,NA,NA,22.13508175,"Community Garden/Urban Farm","Garden_food_producing_in_ground","Garden_food_producing_in_ground"
"424",424,424,"21.47.147.10-20",2021,47,147,10,20,7.4,105,NA,2.336,0.8,592,51.5,2.3357160809314,NA,NA,NA,10,80.9,1.05,1.35753135882356,2.3357160809314,1.35753135882356,"202147147",207,2021,47,147,31.48246137,14.7526429,20.17014099,NA,NA,22.13508175,"Community Garden/Urban Farm","Garden_food_producing_in_ground","Garden_food_producing_in_ground"
"425",425,425,"21.47.147.20-40",2021,47,147,20,40,7.4,85,NA,1.093,0.8,548,17.5,1.66127445360683,NA,NA,NA,20,115.08,1.05,1.405577622856,1.66127445360683,1.405577622856,"202147147",207,2021,47,147,31.48246137,14.7526429,20.17014099,NA,NA,22.13508175,"Community Garden/Urban Farm","Garden_food_producing_in_ground","Garden_food_producing_in_ground"
"426",426,426,"21.47.147.40-60",2021,47,147,40,60,8.1,20,11,0.253,0.3,451,0,1.67166824580875,NA,NA,NA,20,115.8,1.05,1.43908173318815,1.67166824580875,1.43908173318815,"202147147",207,2021,47,147,31.48246137,14.7526429,20.17014099,NA,NA,22.13508175,"Community Garden/Urban Farm","Garden_food_producing_in_ground","Garden_food_producing_in_ground"
"427",427,427,"21.47.147.60-80",2021,47,147,60,80,8.5,14,10,0.133,0.1,335,0,1.78109178037896,NA,NA,NA,20,123.38,1.05,1.44393771320487,1.78109178037896,1.44393771320487,"202147147",207,2021,47,147,31.48246137,14.7526429,20.17014099,NA,NA,22.13508175,"Community Garden/Urban Farm","Garden_food_producing_in_ground","Garden_food_producing_in_ground"
"428",428,428,"21.47.147.80-100",2021,47,147,80,100,8.4,18,11,0.127,NA,346,0,1.76117034532528,NA,NA,NA,20,122,1.05,1.44418097392485,1.76117034532528,1.44418097392485,"202147147",207,2021,47,147,31.48246137,14.7526429,20.17014099,NA,NA,22.13508175,"Community Garden/Urban Farm","Garden_food_producing_in_ground","Garden_food_producing_in_ground"
"429",429,429,"21.47.148.0-10",2021,47,148,0,10,7.1,39,NA,4.004,NA,518,24.5,1.00993014228653,NA,NA,NA,10,34.98,1.05,1.29582396718761,1.00993014228653,1.29582396718761,"202147148",208,2021,47,148,11.88597594,18.39579806,11.88597594,NA,NA,14.05591665,"Community Garden/Urban Farm","Garden_food_producing_in_ground","Garden_food_producing_in_ground"
"430",430,430,"21.47.148.10-20",2021,47,148,10,20,7.2,24,NA,3.051,NA,353,23,1.34426379144828,NA,NA,NA,10,46.56,1.05,1.33069941337275,1.34426379144828,1.33069941337275,"202147148",208,2021,47,148,11.88597594,18.39579806,11.88597594,NA,NA,14.05591665,"Community Garden/Urban Farm","Garden_food_producing_in_ground","Garden_food_producing_in_ground"
"431",431,431,"21.47.148.20-40",2021,47,148,20,40,7.7,9,7,0.726,1.2,426,10,1.65088066140491,NA,NA,NA,20,114.36,1.05,1.42011135690437,1.65088066140491,1.42011135690437,"202147148",208,2021,47,148,11.88597594,18.39579806,11.88597594,NA,NA,14.05591665,"Community Garden/Urban Farm","Garden_food_producing_in_ground","Garden_food_producing_in_ground"
"432",432,432,"21.47.148.40-60",2021,47,148,40,60,7.9,8,7,0.689,1.7,394,8,1.66459469278244,NA,NA,NA,20,115.31,1.05,1.42158555880478,1.66459469278244,1.42158555880478,"202147148",208,2021,47,148,11.88597594,18.39579806,11.88597594,NA,NA,14.05591665,"Community Garden/Urban Farm","Garden_food_producing_in_ground","Garden_food_producing_in_ground"
"433",433,433,"21.47.148.60-80",2021,47,148,60,80,8.1,5,3,0.309,1.5,376,4.5,1.59963349152045,NA,NA,NA,20,110.81,1.05,1.43682161762571,1.59963349152045,1.43682161762571,"202147148",208,2021,47,148,11.88597594,18.39579806,11.88597594,NA,NA,14.05591665,"Community Garden/Urban Farm","Garden_food_producing_in_ground","Garden_food_producing_in_ground"
"434",434,434,"21.47.148.80-100",2021,47,148,80,100,8,6,3,0.48,NA,395,4,1.68509356073623,NA,NA,NA,20,116.73,1.05,1.429943774649,1.68509356073623,1.429943774649,"202147148",208,2021,47,148,11.88597594,18.39579806,11.88597594,NA,NA,14.05591665,"Community Garden/Urban Farm","Garden_food_producing_in_ground","Garden_food_producing_in_ground"
"435",435,435,"21.47.149.0-10",2021,47,149,0,10,7.1,81,NA,3.122,NA,655,13.5,0.79108307314611,NA,NA,NA,10,27.4,1.05,1.32806643280929,0.79108307314611,1.32806643280929,"202147149",209,2021,47,149,18.16295848,13.57627493,21.38019214,NA,NA,17.70647518,"Community Garden/Urban Farm","Garden_food_producing_in_ground","Garden_food_producing_in_ground"
"436",436,436,"21.47.149.10-20",2021,47,149,10,20,7.3,63,NA,1.637,NA,554,14,1.67368926095912,NA,NA,NA,10,57.97,1.05,1.384328283178,1.67368926095912,1.384328283178,"202147149",209,2021,47,149,18.16295848,13.57627493,21.38019214,NA,NA,17.70647518,"Community Garden/Urban Farm","Garden_food_producing_in_ground","Garden_food_producing_in_ground"
"437",437,437,"21.47.149.20-40",2021,47,149,20,40,7.2,75,NA,0.617,0.4,535,13,1.37890976545468,NA,NA,NA,20,95.52,1.05,1.42445899644911,1.37890976545468,1.42445899644911,"202147149",209,2021,47,149,18.16295848,13.57627493,21.38019214,NA,NA,17.70647518,"Community Garden/Urban Farm","Garden_food_producing_in_ground","Garden_food_producing_in_ground"
"438",438,438,"21.47.149.40-60",2021,47,149,40,60,7.6,61,42,0.714,0.9,625,16,1.59313737139425,NA,NA,NA,20,110.36,1.05,1.4205892961709,1.59313737139425,1.4205892961709,"202147149",209,2021,47,149,18.16295848,13.57627493,21.38019214,NA,NA,17.70647518,"Community Garden/Urban Farm","Garden_food_producing_in_ground","Garden_food_producing_in_ground"
"439",439,439,"21.47.149.60-80",2021,47,149,60,80,7.6,34,31,0.553,NA,448,10.5,0.797434835047283,NA,NA,NA,20,55.24,1.05,1.42701840766101,0.797434835047283,1.42701840766101,"202147149",209,2021,47,149,18.16295848,13.57627493,21.38019214,NA,NA,17.70647518,"Community Garden/Urban Farm","Garden_food_producing_in_ground","Garden_food_producing_in_ground"
"440",440,440,"21.48.150.0-10",2021,48,150,0,10,7.1,176,NA,2.437,NA,1705,44,1.36476265940207,NA,NA,NA,10,47.27,1.05,1.35370592153832,1.36476265940207,1.35370592153832,"202148150",210,2021,48,150,50.01785499,113.0132572,8.321908647,NA,NA,57.11767361,"Community Garden/Urban Farm","Garden_food_producing_in_ground","Garden_food_producing_in_ground"
"441",441,441,"21.48.150.10-20",2021,48,150,10,20,7.1,166,NA,2.511,NA,816,47,1.60930549259723,NA,NA,NA,10,55.74,1.05,1.35091051443624,1.60930549259723,1.35091051443624,"202148150",210,2021,48,150,50.01785499,113.0132572,8.321908647,NA,NA,57.11767361,"Community Garden/Urban Farm","Garden_food_producing_in_ground","Garden_food_producing_in_ground"
"442",442,442,"21.48.150.20-40",2021,48,150,20,40,7.2,134,NA,1.261,NA,617,21,1.58216614629222,NA,NA,NA,20,109.6,1.05,1.39897807321774,1.58216614629222,1.39897807321774,"202148150",210,2021,48,150,50.01785499,113.0132572,8.321908647,NA,NA,57.11767361,"Community Garden/Urban Farm","Garden_food_producing_in_ground","Garden_food_producing_in_ground"
"443",443,443,"21.48.150.40-60",2021,48,150,40,60,7.2,100,NA,0.891,NA,528,20,1.66199624473196,NA,NA,NA,20,115.13,1.05,1.41355720555489,1.66199624473196,1.41355720555489,"202148150",210,2021,48,150,50.01785499,113.0132572,8.321908647,NA,NA,57.11767361,"Community Garden/Urban Farm","Garden_food_producing_in_ground","Garden_food_producing_in_ground"
"444",444,444,"21.48.150.60-80",2021,48,150,60,80,7.1,65,NA,0.553,NA,458,12.5,1.52341234870637,NA,NA,NA,20,105.53,1.05,1.42701840766101,1.52341234870637,1.42701840766101,"202148150",210,2021,48,150,50.01785499,113.0132572,8.321908647,NA,NA,57.11767361,"Community Garden/Urban Farm","Garden_food_producing_in_ground","Garden_food_producing_in_ground"
"445",445,445,"21.48.150.80-100",2021,48,150,80,100,7.2,58,NA,0.377,NA,559,6.5,1.50103682382724,NA,NA,NA,20,103.98,1.05,1.43408231933008,1.50103682382724,1.43408231933008,"202148150",210,2021,48,150,50.01785499,113.0132572,8.321908647,NA,NA,57.11767361,"Community Garden/Urban Farm","Garden_food_producing_in_ground","Garden_food_producing_in_ground"
"446",446,446,"21.48.151.0-10",2021,48,151,0,10,6.7,104,NA,3.525,NA,778,39.5,1.48111538877356,NA,NA,NA,10,51.3,1.05,1.31322785999016,1.48111538877356,1.31322785999016,"202148151",211,2021,48,151,12.60883126,8.223150823,12.11667355,NA,NA,10.98288521,"Community Garden/Urban Farm","Garden_food_producing_in_ground","Garden_food_producing_in_ground"
"447",447,447,"21.48.151.10-20",2021,48,151,10,20,6.8,136,NA,2.197,NA,761,37,1.35494630010025,NA,NA,NA,10,46.93,1.05,1.36281516305738,1.35494630010025,1.36281516305738,"202148151",211,2021,48,151,12.60883126,8.223150823,12.11667355,NA,NA,10.98288521,"Community Garden/Urban Farm","Garden_food_producing_in_ground","Garden_food_producing_in_ground"
"448",448,448,"21.48.151.20-40",2021,48,151,20,40,7,125,NA,1.195,NA,602,28.5,1.55574859111234,NA,NA,NA,20,107.77,1.05,1.40156676554808,1.55574859111234,1.40156676554808,"202148151",211,2021,48,151,12.60883126,8.223150823,12.11667355,NA,NA,10.98288521,"Community Garden/Urban Farm","Garden_food_producing_in_ground","Garden_food_producing_in_ground"
"449",449,449,"21.48.151.40-60",2021,48,151,40,60,6.8,51,NA,0.635,NA,402,7.5,1.63269152505155,NA,NA,NA,20,113.1,1.05,1.42374005186216,1.63269152505155,1.42374005186216,"202148151",211,2021,48,151,12.60883126,8.223150823,12.11667355,NA,NA,10.98288521,"Community Garden/Urban Farm","Garden_food_producing_in_ground","Garden_food_producing_in_ground"
"450",450,450,"21.48.151.60-80",2021,48,151,60,80,6.2,45,NA,0.447,NA,493,12.5,1.49150918097548,NA,NA,NA,20,103.32,1.05,1.43126831651686,1.49150918097548,1.43126831651686,"202148151",211,2021,48,151,12.60883126,8.223150823,12.11667355,NA,NA,10.98288521,"Community Garden/Urban Farm","Garden_food_producing_in_ground","Garden_food_producing_in_ground"
"451",451,451,"21.48.151.80-100",2021,48,151,80,100,6.1,45,NA,0.287,NA,493,9,1.51576136277996,NA,NA,NA,20,105,1.05,1.43770906487582,1.51576136277996,1.43770906487582,"202148151",211,2021,48,151,12.60883126,8.223150823,12.11667355,NA,NA,10.98288521,"Community Garden/Urban Farm","Garden_food_producing_in_ground","Garden_food_producing_in_ground"
"452",452,452,"21.48.152.0-10",2021,48,152,0,10,7.3,184,NA,2.265,NA,789,40.5,1.37457901870388,NA,NA,NA,10,47.61,1.05,1.36022751233552,1.37457901870388,1.36022751233552,"202148152",212,2021,48,152,6.988094003,11.64682334,7.31918011,NA,NA,8.651365818,"Community Garden/Urban Farm","Garden_food_producing_in_ground","Garden_food_producing_in_ground"
"453",453,453,"21.48.152.10-20",2021,48,152,10,20,7.3,199,NA,1.99,NA,813,47,2.29385219567367,NA,NA,NA,10,79.45,1.05,1.37072502732337,2.29385219567367,1.37072502732337,"202148152",212,2021,48,152,6.988094003,11.64682334,7.31918011,NA,NA,8.651365818,"Community Garden/Urban Farm","Garden_food_producing_in_ground","Garden_food_producing_in_ground"
"454",454,454,"21.48.152.20-40",2021,48,152,20,40,7.3,171,NA,1.182,NA,645,23.5,1.71916210184252,NA,NA,NA,20,119.09,1.05,1.4020772673191,1.71916210184252,1.4020772673191,"202148152",212,2021,48,152,6.988094003,11.64682334,7.31918011,NA,NA,8.651365818,"Community Garden/Urban Farm","Garden_food_producing_in_ground","Garden_food_producing_in_ground"
"455",455,455,"21.48.152.40-60",2021,48,152,40,60,7.3,150,NA,0.695,NA,559,14.5,1.57581438439105,NA,NA,NA,20,109.16,1.05,1.42134638724918,1.57581438439105,1.42134638724918,"202148152",212,2021,48,152,6.988094003,11.64682334,7.31918011,NA,NA,8.651365818,"Community Garden/Urban Farm","Garden_food_producing_in_ground","Garden_food_producing_in_ground"
"456",456,456,"21.48.152.60-80",2021,48,152,60,80,7.2,62,NA,0.464,0.1,516,13,1.62042107592429,NA,NA,NA,20,112.25,1.05,1.43058581210575,1.62042107592429,1.43058581210575,"202148152",212,2021,48,152,6.988094003,11.64682334,7.31918011,NA,NA,8.651365818,"Community Garden/Urban Farm","Garden_food_producing_in_ground","Garden_food_producing_in_ground"
"457",457,457,"21.48.152.80-100",2021,48,152,80,100,7.4,56,NA,0.396,NA,410,10.5,1.23743870492855,NA,NA,NA,20,85.72,1.05,1.43331793095214,1.23743870492855,1.43331793095214,"202148152",212,2021,48,152,6.988094003,11.64682334,7.31918011,NA,NA,8.651365818,"Community Garden/Urban Farm","Garden_food_producing_in_ground","Garden_food_producing_in_ground"
"458",458,458,"21.49.153.0-10",2021,49,153,0,10,7.4,174,NA,3.836,NA,728,27.5,1.06709599939709,NA,NA,NA,10,36.96,1.05,1.30189943512105,1.06709599939709,1.30189943512105,"202149153",213,2021,49,153,12.60633812,10.89777509,18.72941664,NA,NA,14.07784328,"Community Garden/Urban Farm","Garden_food_producing_in_ground","Garden_food_producing_in_ground"
"459",459,459,"21.49.153.10-20",2021,49,153,10,20,7.6,146,79,2.644,NA,792,28.5,1.56426572638891,NA,NA,NA,10,54.18,1.05,1.34590199586155,1.56426572638891,1.34590199586155,"202149153",213,2021,49,153,12.60633812,10.89777509,18.72941664,NA,NA,14.07784328,"Community Garden/Urban Farm","Garden_food_producing_in_ground","Garden_food_producing_in_ground"
"460",460,460,"21.49.153.20-40",2021,49,153,20,40,7.9,65,36,1.018,3.5,376,7.5,1.61984364302418,NA,NA,NA,20,112.21,1.05,1.40853466568933,1.61984364302418,1.40853466568933,"202149153",213,2021,49,153,12.60633812,10.89777509,18.72941664,NA,NA,14.07784328,"Community Garden/Urban Farm","Garden_food_producing_in_ground","Garden_food_producing_in_ground"
"461",461,461,"21.49.153.40-60",2021,49,153,40,60,7.7,110,62,1.8,2.3,652,51,1.45152195264309,NA,NA,NA,20,100.55,1.05,1.37802889030004,1.45152195264309,1.37802889030004,"202149153",213,2021,49,153,12.60633812,10.89777509,18.72941664,NA,NA,14.07784328,"Community Garden/Urban Farm","Garden_food_producing_in_ground","Garden_food_producing_in_ground"
"462",462,462,"21.49.153.60-80",2021,49,153,60,80,7.6,168,97,2.317,2,1104,87,1.45036708684288,NA,NA,NA,20,100.47,1.05,1.35825229891839,1.45036708684288,1.35825229891839,"202149153",213,2021,49,153,12.60633812,10.89777509,18.72941664,NA,NA,14.07784328,"Community Garden/Urban Farm","Garden_food_producing_in_ground","Garden_food_producing_in_ground"
"463",463,463,"21.49.153.80-100",2021,49,153,80,100,7.8,53,47,2.924,NA,617,46.5,0.577721616556703,NA,NA,NA,20,40.02,1.05,1.33542319870932,0.577721616556703,1.33542319870932,"202149153",213,2021,49,153,12.60633812,10.89777509,18.72941664,NA,NA,14.07784328,"Community Garden/Urban Farm","Garden_food_producing_in_ground","Garden_food_producing_in_ground"
"464",464,464,"21.49.154.0-10",2021,49,154,0,10,7.7,315,32,4.135,NA,1542,24.5,1.40027478275863,NA,NA,NA,10,48.5,1.05,1.29110786674858,1.40027478275863,1.29110786674858,"202149154",214,2021,49,154,1.240986377,1.42350063,2.847001261,NA,NA,1.837162756,"Community Garden/Urban Farm","Garden_food_producing_in_ground","Garden_food_producing_in_ground"
"465",465,465,"21.49.154.10-20",2021,49,154,10,20,7.7,196,130,2.406,2.8,895,30.5,1.70977881721579,NA,NA,NA,10,59.22,1.05,1.35487882626978,1.70977881721579,1.35487882626978,"202149154",214,2021,49,154,1.240986377,1.42350063,2.847001261,NA,NA,1.837162756,"Community Garden/Urban Farm","Garden_food_producing_in_ground","Garden_food_producing_in_ground"
"466",466,466,"21.49.154.20-40",2021,49,154,20,40,7.9,26,16,0.364,0.6,347,4.5,0.948866613100252,NA,NA,NA,20,65.73,1.05,1.43460557438294,0.948866613100252,1.43460557438294,"202149154",214,2021,49,154,1.240986377,1.42350063,2.847001261,NA,NA,1.837162756,"Community Garden/Urban Farm","Garden_food_producing_in_ground","Garden_food_producing_in_ground"
"467",467,467,"21.49.154.40-60",2021,49,154,40,60,7.8,190,64,2.951,2.6,1259,155,1.64366275015358,NA,NA,NA,20,113.86,1.05,1.33441741414462,1.64366275015358,1.33441741414462,"202149154",214,2021,49,154,1.240986377,1.42350063,2.847001261,NA,NA,1.837162756,"Community Garden/Urban Farm","Garden_food_producing_in_ground","Garden_food_producing_in_ground"
"468",468,468,"21.49.154.60-80",2021,49,154,60,80,7.7,374,231,4.871,NA,1714,58,0.2106186503139,NA,NA,NA,20,14.59,1.05,1.26495500903824,0.2106186503139,1.26495500903824,"202149154",214,2021,49,154,1.240986377,1.42350063,2.847001261,NA,NA,1.837162756,"Community Garden/Urban Farm","Garden_food_producing_in_ground","Garden_food_producing_in_ground"
"469",469,469,"21.49.155.0-10",2021,49,155,0,10,7.4,342,NA,5.592,NA,1808,15,0.843918183505869,NA,NA,NA,10,29.23,1.05,1.23989203783892,0.843918183505869,1.23989203783892,"202149155",215,2021,49,155,4.357276783,9.758906814,8.118350895,NA,NA,7.411511497,"Community Garden/Urban Farm","Garden_food_producing_in_ground","Garden_food_producing_in_ground"
"470",470,470,"21.49.155.10-20",2021,49,155,10,20,7.4,385,NA,4.281,NA,1563,16,0.962869360927838,NA,NA,NA,10,33.35,1.05,1.28587366738515,0.962869360927838,1.28587366738515,"202149155",215,2021,49,155,4.357276783,9.758906814,8.118350895,NA,NA,7.411511497,"Community Garden/Urban Farm","Garden_food_producing_in_ground","Garden_food_producing_in_ground"
"471",471,471,"21.49.155.20-40",2021,49,155,20,40,7.5,182,182,3.427,NA,850,26,1.19672968547103,NA,NA,NA,20,82.9,1.05,1.3168196656082,1.19672968547103,1.3168196656082,"202149155",215,2021,49,155,4.357276783,9.758906814,8.118350895,NA,NA,7.411511497,"Community Garden/Urban Farm","Garden_food_producing_in_ground","Garden_food_producing_in_ground"
"472",472,472,"21.49.155.40-60",2021,49,155,40,60,7.4,265,NA,3.235,2.6,1255,238.5,1.31394856419268,NA,NA,NA,20,91.02,1.05,1.32388752651643,1.31394856419268,1.32388752651643,"202149155",215,2021,49,155,4.357276783,9.758906814,8.118350895,NA,NA,7.411511497,"Community Garden/Urban Farm","Garden_food_producing_in_ground","Garden_food_producing_in_ground"
"473",473,473,"21.49.155.60-80",2021,49,155,60,80,7.5,252,188,3.609,2.7,1320,122.5,1.51085318312905,NA,NA,NA,20,104.66,1.05,1.31015760920008,1.51085318312905,1.31015760920008,"202149155",215,2021,49,155,4.357276783,9.758906814,8.118350895,NA,NA,7.411511497,"Community Garden/Urban Farm","Garden_food_producing_in_ground","Garden_food_producing_in_ground"
"474",474,474,"21.49.155.80-100",2021,49,155,80,100,7.4,248,NA,3.763,NA,1152,47,1.304853996016,NA,NA,NA,20,90.39,1.05,1.30454898158559,1.304853996016,1.30454898158559,"202149155",215,2021,49,155,4.357276783,9.758906814,8.118350895,NA,NA,7.411511497,"Community Garden/Urban Farm","Garden_food_producing_in_ground","Garden_food_producing_in_ground"
"475",475,475,"21.50.156.0-10",2021,50,156,0,10,7.3,166,NA,5.725,NA,811,111,0.883183620713121,NA,NA,NA,10,30.59,1.05,1.23532802596215,0.883183620713121,1.23532802596215,"202150156",216,2021,50,156,4.141092743,3.241629802,13.46297061,NA,NA,6.948564385,"Community Garden/Urban Farm","Garden_food_producing_in_ground","Garden_food_producing_in_ground"
"476",476,476,"21.50.156.10-20",2021,50,156,10,20,7.3,165,NA,5.119,NA,804,132.5,1.53856996233417,NA,NA,NA,10,53.29,1.05,1.25627261116525,1.53856996233417,1.25627261116525,"202150156",216,2021,50,156,4.141092743,3.241629802,13.46297061,NA,NA,6.948564385,"Community Garden/Urban Farm","Garden_food_producing_in_ground","Garden_food_producing_in_ground"
"477",477,477,"21.50.156.20-40",2021,50,156,20,40,7.5,112.5,63,6.56,NA,582,147.5,0.528784178272665,NA,NA,NA,20,36.63,1.05,1.207088840491,0.528784178272665,1.207088840491,"202150156",216,2021,50,156,4.141092743,3.241629802,13.46297061,NA,NA,6.948564385,"Community Garden/Urban Farm","Garden_food_producing_in_ground","Garden_food_producing_in_ground"
"478",478,478,"21.50.156.40-60",2021,50,156,40,60,7.3,190,NA,3.798,1.6,1123,510,1.06969444744757,NA,NA,NA,20,74.1,1.05,1.30327792300885,1.06969444744757,1.30327792300885,"202150156",216,2021,50,156,4.141092743,3.241629802,13.46297061,NA,NA,6.948564385,"Community Garden/Urban Farm","Garden_food_producing_in_ground","Garden_food_producing_in_ground"
"479",479,479,"21.50.156.60-80",2021,50,156,60,80,7.6,142,107,3.637,5,1432,200,0.987987692082478,NA,NA,NA,20,68.44,1.05,1.30913591984635,0.987987692082478,1.30913591984635,"202150156",216,2021,50,156,4.141092743,3.241629802,13.46297061,NA,NA,6.948564385,"Community Garden/Urban Farm","Garden_food_producing_in_ground","Garden_food_producing_in_ground"
"480",480,480,"21.50.156.80-100",2021,50,156,80,100,7.5,195,104,2.033,NA,1070,149.5,1.29965709991504,NA,NA,NA,20,90.03,1.05,1.36907784867559,1.29965709991504,1.36907784867559,"202150156",216,2021,50,156,4.141092743,3.241629802,13.46297061,NA,NA,6.948564385,"Community Garden/Urban Farm","Garden_food_producing_in_ground","Garden_food_producing_in_ground"
"481",481,481,"21.50.157.0-10",2021,50,157,0,10,7.1,196,NA,2.843,NA,999,169,1.12079725910701,NA,NA,NA,10,38.82,1.05,1.3384454720628,1.12079725910701,1.3384454720628,"202150157",217,2021,50,157,23.05158971,11.82587018,9.835095264,NA,NA,14.90418505,"Community Garden/Urban Farm","Garden_food_producing_in_ground","Garden_food_producing_in_ground"
"482",482,482,"21.50.157.10-20",2021,50,157,10,20,7.3,288,NA,2.605,NA,1365,207,1.11704394525631,NA,NA,NA,10,38.69,1.05,1.3473685775795,1.11704394525631,1.3473685775795,"202150157",217,2021,50,157,23.05158971,11.82587018,9.835095264,NA,NA,14.90418505,"Community Garden/Urban Farm","Garden_food_producing_in_ground","Garden_food_producing_in_ground"
"483",483,483,"21.50.157.20-40",2021,50,157,20,40,7.3,433,NA,1.559,0.9,1665,155.5,1.45614141584394,NA,NA,NA,20,100.87,1.05,1.38735369125307,1.45614141584394,1.38735369125307,"202150157",217,2021,50,157,23.05158971,11.82587018,9.835095264,NA,NA,14.90418505,"Community Garden/Urban Farm","Garden_food_producing_in_ground","Garden_food_producing_in_ground"
"484",484,484,"21.50.157.40-60",2021,50,157,40,60,7.4,230,NA,0.554,0.4,516,55,1.60353116359617,NA,NA,NA,20,111.08,1.05,1.42697837884991,1.60353116359617,1.42697837884991,"202150157",217,2021,50,157,23.05158971,11.82587018,9.835095264,NA,NA,14.90418505,"Community Garden/Urban Farm","Garden_food_producing_in_ground","Garden_food_producing_in_ground"
"485",485,485,"21.50.157.60-80",2021,50,157,60,80,7.4,163,NA,0.289,0.2,477,18,1.82988486043797,NA,NA,NA,20,126.76,1.05,1.43762836351471,1.82988486043797,1.43762836351471,"202150157",217,2021,50,157,23.05158971,11.82587018,9.835095264,NA,NA,14.90418505,"Community Garden/Urban Farm","Garden_food_producing_in_ground","Garden_food_producing_in_ground"
"486",486,486,"21.50.157.80-100",2021,50,157,80,100,7.6,115,50,0.133,NA,276,14,1.56412136816389,NA,NA,NA,20,108.35,1.05,1.44393771320487,1.56412136816389,1.44393771320487,"202150157",217,2021,50,157,23.05158971,11.82587018,9.835095264,NA,NA,14.90418505,"Community Garden/Urban Farm","Garden_food_producing_in_ground","Garden_food_producing_in_ground"
"487",487,487,"21.50.158.0-10",2021,50,158,0,10,7.2,157,NA,3.373,NA,819,198.5,1.09134818120157,NA,NA,NA,10,37.8,1.05,1.31880336579633,1.09134818120157,1.31880336579633,"202150158",218,2021,50,158,1.167987179,0.690182124,3.752865298,NA,NA,1.870344867,"Community Garden/Urban Farm","Garden_food_producing_in_ground","Garden_food_producing_in_ground"
"488",488,488,"21.50.158.10-20",2021,50,158,10,20,7.3,169,NA,2.789,NA,964,233,1.5068111528283,NA,NA,NA,10,52.19,1.05,1.34046442736518,1.5068111528283,1.34046442736518,"202150158",218,2021,50,158,1.167987179,0.690182124,3.752865298,NA,NA,1.870344867,"Community Garden/Urban Farm","Garden_food_producing_in_ground","Garden_food_producing_in_ground"
"489",489,489,"21.50.158.20-40",2021,50,158,20,40,7.2,155,NA,2.511,NA,996,206.5,1.15818603938891,NA,NA,NA,20,80.23,1.05,1.35091051443624,1.15818603938891,1.35091051443624,"202150158",218,2021,50,158,1.167987179,0.690182124,3.752865298,NA,NA,1.870344867,"Community Garden/Urban Farm","Garden_food_producing_in_ground","Garden_food_producing_in_ground"
"490",490,490,"21.50.158.40-60",2021,50,158,40,60,7.3,153,NA,3.411,0.8,1167,322,1.05829014767046,NA,NA,NA,20,73.31,1.05,1.31740709179743,1.05829014767046,1.31740709179743,"202150158",218,2021,50,158,1.167987179,0.690182124,3.752865298,NA,NA,1.870344867,"Community Garden/Urban Farm","Garden_food_producing_in_ground","Garden_food_producing_in_ground"
"491",491,491,"21.50.158.60-80",2021,50,158,60,80,7.4,196,NA,2.466,0.2,945,261.5,0.938905895573413,NA,NA,NA,20,65.04,1.05,1.35260968057475,0.938905895573413,1.35260968057475,"202150158",218,2021,50,158,1.167987179,0.690182124,3.752865298,NA,NA,1.870344867,"Community Garden/Urban Farm","Garden_food_producing_in_ground","Garden_food_producing_in_ground"
"492",492,492,"21.50.158.80-100",2021,50,158,80,100,7.4,303,NA,0.989,NA,767,34,1.30543142891611,NA,NA,NA,20,90.43,1.05,1.40967985027878,1.30543142891611,1.40967985027878,"202150158",218,2021,50,158,1.167987179,0.690182124,3.752865298,NA,NA,1.870344867,"Community Garden/Urban Farm","Garden_food_producing_in_ground","Garden_food_producing_in_ground"
"493",493,493,"21.51.159.0-10",2021,51,159,0,10,7.2,224,NA,10.721,NA,1222,33.5,1.01050757518664,NA,NA,NA,10,35,1.05,1.07649820987326,1.01050757518664,1.07649820987326,"202151159",219,2021,51,159,8.526548053,68.32457585,84.81671484,NA,NA,53.88927958,"Community Garden/Urban Farm","Garden_food_producing_in_ground","Garden_food_producing_in_ground"
"494",494,494,"21.51.159.10-20",2021,51,159,10,20,7.2,206,NA,8.934,NA,1108,43.5,1.50103682382724,NA,NA,NA,10,51.99,1.05,1.13058063283861,1.50103682382724,1.13058063283861,"202151159",219,2021,51,159,8.526548053,68.32457585,84.81671484,NA,NA,53.88927958,"Community Garden/Urban Farm","Garden_food_producing_in_ground","Garden_food_producing_in_ground"
"495",495,495,"21.51.159.20-40",2021,51,159,20,40,7.2,168,NA,4.147,NA,788,64,1.38194128818024,NA,NA,NA,20,95.73,1.05,1.29067678857624,1.38194128818024,1.29067678857624,"202151159",219,2021,51,159,8.526548053,68.32457585,84.81671484,NA,NA,53.88927958,"Community Garden/Urban Farm","Garden_food_producing_in_ground","Garden_food_producing_in_ground"
"496",496,496,"21.51.159.40-60",2021,51,159,40,60,7.3,139,NA,3.613,NA,567,50.5,1.60179886489585,NA,NA,NA,20,110.96,1.05,1.31001160073992,1.60179886489585,1.31001160073992,"202151159",219,2021,51,159,8.526548053,68.32457585,84.81671484,NA,NA,53.88927958,"Community Garden/Urban Farm","Garden_food_producing_in_ground","Garden_food_producing_in_ground"
"497",497,497,"21.51.159.60-80",2021,51,159,60,80,7.2,197,NA,9.08,1.5,983,37,1.44242738446641,NA,NA,NA,20,99.92,1.05,1.1260518536718,1.44242738446641,1.1260518536718,"202151159",219,2021,51,159,8.526548053,68.32457585,84.81671484,NA,NA,53.88927958,"Community Garden/Urban Farm","Garden_food_producing_in_ground","Garden_food_producing_in_ground"
"498",498,498,"21.51.159.80-100",2021,51,159,80,100,7.5,73,34,2.13,NA,479,40,3.0000526325041,NA,NA,NA,20,207.82,1.05,1.36536995668554,NA,1.36536995668554,"202151159",219,2021,51,159,8.526548053,68.32457585,84.81671484,NA,NA,53.88927958,"Community Garden/Urban Farm","Garden_food_producing_in_ground","Garden_food_producing_in_ground"
"499",499,499,"21.51.160.0-10",2021,51,160,0,10,7.1,77,NA,5.079,NA,767,109.5,0.856044274408108,NA,NA,NA,10,29.65,1.05,1.25766860840549,0.856044274408108,1.25766860840549,"202151160",220,2021,51,160,19.97925433,27.01358169,15.76782691,NA,NA,20.92022098,"Community Garden/Urban Farm","Garden_food_producing_in_ground","Garden_food_producing_in_ground"
"500",500,500,"21.51.160.10-20",2021,51,160,10,20,7,76,NA,2.934,NA,669,133.5,1.42423824811305,NA,NA,NA,10,49.33,1.05,1.33505059039123,1.42423824811305,1.33505059039123,"202151160",220,2021,51,160,19.97925433,27.01358169,15.76782691,NA,NA,20.92022098,"Community Garden/Urban Farm","Garden_food_producing_in_ground","Garden_food_producing_in_ground"
"501",501,501,"21.51.160.20-40",2021,51,160,20,40,7,42,NA,1.579,NA,407,38.5,1.09943224180306,NA,NA,NA,20,76.16,1.05,1.38657726685416,1.09943224180306,1.38657726685416,"202151160",220,2021,51,160,19.97925433,27.01358169,15.76782691,NA,NA,20.92022098,"Community Garden/Urban Farm","Garden_food_producing_in_ground","Garden_food_producing_in_ground"
"502",502,502,"21.51.160.40-60",2021,51,160,40,60,7,28,NA,0.525,NA,322,13.5,1.42409388988803,NA,NA,NA,20,98.65,1.05,1.42813970474354,1.42409388988803,1.42813970474354,"202151160",220,2021,51,160,19.97925433,27.01358169,15.76782691,NA,NA,20.92022098,"Community Garden/Urban Farm","Garden_food_producing_in_ground","Garden_food_producing_in_ground"
"503",503,503,"21.51.160.60-80",2021,51,160,60,80,7.3,25,NA,0.195,NA,235,7,1.42784720373872,NA,NA,NA,20,98.91,1.05,1.44142659547799,1.42784720373872,1.44142659547799,"202151160",220,2021,51,160,19.97925433,27.01358169,15.76782691,NA,NA,20.92022098,"Community Garden/Urban Farm","Garden_food_producing_in_ground","Garden_food_producing_in_ground"
"504",504,504,"21.51.160.80-100",2021,51,160,80,100,7.4,12,NA,0.081,NA,195,7,1.87102695457057,NA,NA,NA,20,129.61,1.05,1.44604743619539,1.87102695457057,1.44604743619539,"202151160",220,2021,51,160,19.97925433,27.01358169,15.76782691,NA,NA,20.92022098,"Community Garden/Urban Farm","Garden_food_producing_in_ground","Garden_food_producing_in_ground"
"505",505,505,"21.51.161.0-10",2021,51,161,0,10,7,76,NA,3.037,NA,668,162,1.13783152966015,NA,NA,NA,10,39.41,1.05,1.33121925856285,1.13783152966015,1.33121925856285,"202151161",221,2021,51,161,39.47112395,29.60334296,18.39939317,NA,NA,29.15795336,"Community Garden/Urban Farm","Garden_food_producing_in_ground","Garden_food_producing_in_ground"
"506",506,506,"21.51.161.10-20",2021,51,161,10,20,7.1,68,NA,2.796,NA,814,155.5,1.71064496656595,NA,NA,NA,10,59.25,1.05,1.34020252537535,1.71064496656595,1.34020252537535,"202151161",221,2021,51,161,39.47112395,29.60334296,18.39939317,NA,NA,29.15795336,"Community Garden/Urban Farm","Garden_food_producing_in_ground","Garden_food_producing_in_ground"
"507",507,507,"21.51.161.20-40",2021,51,161,20,40,7.2,85,NA,2.927,NA,602,143.5,1.40532732063456,NA,NA,NA,20,97.35,1.05,1.33531140441197,1.40532732063456,1.33531140441197,"202151161",221,2021,51,161,39.47112395,29.60334296,18.39939317,NA,NA,29.15795336,"Community Garden/Urban Farm","Garden_food_producing_in_ground","Garden_food_producing_in_ground"
"508",508,508,"21.51.161.40-60",2021,51,161,40,60,7.2,61,NA,2.082,NA,461,31,1.58288793741735,NA,NA,NA,20,109.65,1.05,1.36720343382587,1.58288793741735,1.36720343382587,"202151161",221,2021,51,161,39.47112395,29.60334296,18.39939317,NA,NA,29.15795336,"Community Garden/Urban Farm","Garden_food_producing_in_ground","Garden_food_producing_in_ground"
"509",509,509,"21.51.161.60-80",2021,51,161,60,80,7.1,40,NA,2.574,NA,455,57,1.65088066140491,NA,NA,NA,20,114.36,1.05,1.34853555340803,1.65088066140491,1.34853555340803,"202151161",221,2021,51,161,39.47112395,29.60334296,18.39939317,NA,NA,29.15795336,"Community Garden/Urban Farm","Garden_food_producing_in_ground","Garden_food_producing_in_ground"
"510",510,510,"21.51.161.80-100",2021,51,161,80,100,7,42,NA,1.042,NA,422,45.5,1.61204829887274,NA,NA,NA,20,111.67,1.05,1.40758768402022,1.61204829887274,1.40758768402022,"202151161",221,2021,51,161,39.47112395,29.60334296,18.39939317,NA,NA,29.15795336,"Community Garden/Urban Farm","Garden_food_producing_in_ground","Garden_food_producing_in_ground"
"511",511,511,"21.52.162.0-10",2021,52,162,0,10,7.2,36,NA,4.686,NA,530,710,0.888669233264134,NA,NA,NA,10,30.78,1.05,1.2714742274599,0.888669233264134,1.2714742274599,"202152162",222,2021,52,162,127.8834227,22.70369811,30.25521149,NA,NA,60.28077743,"Community Garden/Urban Farm","Garden_food_producing_in_ground","Garden_food_producing_in_ground"
"512",512,512,"21.52.162.10-20",2021,52,162,10,20,7.3,27,NA,3.917,0.4,596,605,1.32694080444508,NA,NA,NA,10,45.96,1.05,1.29896634786105,1.32694080444508,1.29896634786105,"202152162",222,2021,52,162,127.8834227,22.70369811,30.25521149,NA,NA,60.28077743,"Community Garden/Urban Farm","Garden_food_producing_in_ground","Garden_food_producing_in_ground"
"513",513,513,"21.52.162.20-40",2021,52,162,20,40,7.5,19,9,2.061,0.9,449,343,1.58332101209243,NA,NA,NA,20,109.68,1.05,1.36800641523817,1.58332101209243,1.36800641523817,"202152162",222,2021,52,162,127.8834227,22.70369811,30.25521149,NA,NA,60.28077743,"Community Garden/Urban Farm","Garden_food_producing_in_ground","Garden_food_producing_in_ground"
"514",514,514,"21.52.162.40-60",2021,52,162,40,60,7.6,27,17,1.712,1.7,617,153.5,1.64265224257839,NA,NA,NA,20,113.79,1.05,1.38142594222747,1.64265224257839,1.38142594222747,"202152162",222,2021,52,162,127.8834227,22.70369811,30.25521149,NA,NA,60.28077743,"Community Garden/Urban Farm","Garden_food_producing_in_ground","Garden_food_producing_in_ground"
"515",515,515,"21.52.162.60-80",2021,52,162,60,80,7.7,11,13,1.978,5.8,425,60,1.31712444514327,NA,NA,NA,20,91.24,1.05,1.37118508653304,1.31712444514327,1.37118508653304,"202152162",222,2021,52,162,127.8834227,22.70369811,30.25521149,NA,NA,60.28077743,"Community Garden/Urban Farm","Garden_food_producing_in_ground","Garden_food_producing_in_ground"
"516",516,516,"21.52.162.80-100",2021,52,162,80,100,7.6,30,22,0.939,NA,317,49,1.6800410228603,NA,NA,NA,20,116.38,1.05,1.41165666058743,1.6800410228603,1.41165666058743,"202152162",222,2021,52,162,127.8834227,22.70369811,30.25521149,NA,NA,60.28077743,"Community Garden/Urban Farm","Garden_food_producing_in_ground","Garden_food_producing_in_ground"
"517",517,517,"21.52.163.0-10",2021,52,163,0,10,7.3,120,NA,9.133,NA,914,95,0.633732607867048,NA,NA,NA,10,21.95,1.05,1.12441277289391,0.633732607867048,1.12441277289391,"202152163",223,2021,52,163,5.385188244,6.659751444,9.197899031,NA,NA,7.08094624,"Community Garden/Urban Farm","Garden_food_producing_in_ground","Garden_food_producing_in_ground"
"518",518,518,"21.52.163.10-20",2021,52,163,10,20,7.3,115,NA,10.091,NA,960,82.5,1.07373647774832,NA,NA,NA,10,37.19,1.05,1.09523294148238,1.07373647774832,1.09523294148238,"202152163",223,2021,52,163,5.385188244,6.659751444,9.197899031,NA,NA,7.08094624,"Community Garden/Urban Farm","Garden_food_producing_in_ground","Garden_food_producing_in_ground"
"519",519,519,"21.52.163.20-40",2021,52,163,20,40,7.4,79,NA,4.626,1.5,425,35,1.38367358688056,NA,NA,NA,20,95.85,1.05,1.27359639347961,1.38367358688056,1.27359639347961,"202152163",223,2021,52,163,5.385188244,6.659751444,9.197899031,NA,NA,7.08094624,"Community Garden/Urban Farm","Garden_food_producing_in_ground","Garden_food_producing_in_ground"
"520",520,520,"21.52.163.40-60",2021,52,163,40,60,7.8,24,13,1.11,1.8,260,26,1.71396520574156,NA,NA,NA,20,118.73,1.05,1.40490828935231,1.71396520574156,1.40490828935231,"202152163",223,2021,52,163,5.385188244,6.659751444,9.197899031,NA,NA,7.08094624,"Community Garden/Urban Farm","Garden_food_producing_in_ground","Garden_food_producing_in_ground"
"521",521,521,"21.52.163.60-80",2021,52,163,60,80,7.5,98,71,5.188,1.9,542,34,1.13234591710914,NA,NA,NA,20,78.44,1.05,1.25386847126639,1.13234591710914,1.25386847126639,"202152163",223,2021,52,163,5.385188244,6.659751444,9.197899031,NA,NA,7.08094624,"Community Garden/Urban Farm","Garden_food_producing_in_ground","Garden_food_producing_in_ground"
"522",522,522,"21.52.163.80-100",2021,52,163,80,100,7.6,49,37,2.85,NA,328,22,2.47632099210737,NA,NA,NA,20,171.54,1.05,1.33818399633945,2.47632099210737,1.33818399633945,"202152163",223,2021,52,163,5.385188244,6.659751444,9.197899031,NA,NA,7.08094624,"Community Garden/Urban Farm","Garden_food_producing_in_ground","Garden_food_producing_in_ground"
"523",523,523,"21.52.164.0-10",2021,52,164,0,10,7.3,131,NA,11.071,NA,1222,93,0.737670529886245,NA,NA,NA,10,25.55,1.05,1.06624284241051,0.737670529886245,1.06624284241051,"202152164",224,2021,52,164,13.13985576,19.73556198,12.86173414,NA,NA,15.24571729,"Community Garden/Urban Farm","Garden_food_producing_in_ground","Garden_food_producing_in_ground"
"524",524,524,"21.52.164.10-20",2021,52,164,10,20,7.3,83,NA,6.701,3.7,837,51,1.53972482813438,NA,NA,NA,10,53.33,1.05,1.20239010903442,1.53972482813438,1.20239010903442,"202152164",224,2021,52,164,13.13985576,19.73556198,12.86173414,NA,NA,15.24571729,"Community Garden/Urban Farm","Garden_food_producing_in_ground","Garden_food_producing_in_ground"
"525",525,525,"21.52.164.20-40",2021,52,164,20,40,7.4,38,NA,3.506,4.5,552,44,1.87506898487132,NA,NA,NA,20,129.89,1.05,1.31392340098188,1.87506898487132,1.31392340098188,"202152164",224,2021,52,164,13.13985576,19.73556198,12.86173414,NA,NA,15.24571729,"Community Garden/Urban Farm","Garden_food_producing_in_ground","Garden_food_producing_in_ground"
"526",526,526,"21.52.164.40-60",2021,52,164,40,60,7.5,46,64,2.458,2.9,436,63,2.26700156581871,NA,NA,NA,20,157.04,1.05,1.35291199609805,2.26700156581871,1.35291199609805,"202152164",224,2021,52,164,13.13985576,19.73556198,12.86173414,NA,NA,15.24571729,"Community Garden/Urban Farm","Garden_food_producing_in_ground","Garden_food_producing_in_ground"
"527",527,527,"21.52.164.60-80",2021,52,164,60,80,7.4,54,NA,2.863,2.6,467,51.5,2.36906283091256,NA,NA,NA,20,164.11,1.05,1.33769854502343,2.36906283091256,1.33769854502343,"202152164",224,2021,52,164,13.13985576,19.73556198,12.86173414,NA,NA,15.24571729,"Community Garden/Urban Farm","Garden_food_producing_in_ground","Garden_food_producing_in_ground"
"528",528,528,"21.52.164.80-100",2021,52,164,80,100,7.4,83,NA,1.685,NA,374,21,1.9930096547181,NA,NA,NA,20,138.06,1.05,1.38247002862705,1.9930096547181,1.38247002862705,"202152164",224,2021,52,164,13.13985576,19.73556198,12.86173414,NA,NA,15.24571729,"Community Garden/Urban Farm","Garden_food_producing_in_ground","Garden_food_producing_in_ground"
"529",529,529,"21.53.165.0-10",2021,53,165,0,10,7.2,154,NA,10.147,NA,1013,66,2.07471641008319,NA,NA,NA,10,71.86,1.05,1.09355317735481,2.07471641008319,1.09355317735481,"202153165",225,2021,53,165,9.758906814,22.25837349,17.28869228,NA,NA,16.43532419,"Community Garden/Urban Farm","Garden_food_producing_in_ground","Garden_food_producing_in_ground"
"530",530,530,"21.53.165.10-20",2021,53,165,10,20,7.2,168,NA,10.249,NA,1191,72.5,0.605149679311769,NA,NA,NA,10,20.96,1.05,1.09050088850393,0.605149679311769,1.09050088850393,"202153165",225,2021,53,165,9.758906814,22.25837349,17.28869228,NA,NA,16.43532419,"Community Garden/Urban Farm","Garden_food_producing_in_ground","Garden_food_producing_in_ground"
"531",531,531,"21.53.165.20-40",2021,53,165,20,40,7.2,145,NA,6.359,NA,879,43,0.385003386146109,NA,NA,NA,20,26.67,1.05,1.21382167727318,0.385003386146109,1.21382167727318,"202153165",225,2021,53,165,9.758906814,22.25837349,17.28869228,NA,NA,16.43532419,"Community Garden/Urban Farm","Garden_food_producing_in_ground","Garden_food_producing_in_ground"
"532",532,532,"21.53.165.40-60",2021,53,165,40,60,7.2,77,NA,2.57,NA,590,27,1.66574955858266,NA,NA,NA,20,115.39,1.05,1.34868621043769,1.66574955858266,1.34868621043769,"202153165",225,2021,53,165,9.758906814,22.25837349,17.28869228,NA,NA,16.43532419,"Community Garden/Urban Farm","Garden_food_producing_in_ground","Garden_food_producing_in_ground"
"533",533,533,"21.53.165.60-80",2021,53,165,60,80,7.3,80,NA,3.225,0.4,536,21.5,1.20827834347316,NA,NA,NA,20,83.7,1.05,1.3242567669964,1.20827834347316,1.3242567669964,"202153165",225,2021,53,165,9.758906814,22.25837349,17.28869228,NA,NA,16.43532419,"Community Garden/Urban Farm","Garden_food_producing_in_ground","Garden_food_producing_in_ground"
"534",534,534,"21.53.165.80-100",2021,53,165,80,100,7.4,50,NA,3.009,NA,335,11.5,1.46451419289549,NA,NA,NA,20,101.45,1.05,1.33225960778078,1.46451419289549,1.33225960778078,"202153165",225,2021,53,165,9.758906814,22.25837349,17.28869228,NA,NA,16.43532419,"Community Garden/Urban Farm","Garden_food_producing_in_ground","Garden_food_producing_in_ground"
"535",535,535,"21.53.166.0-10",2021,53,166,0,10,7.2,182,NA,9.744,NA,1494,51.5,1.10491785435407,NA,NA,NA,10,38.27,1.05,1.10570498465997,1.10491785435407,1.10570498465997,"202153166",226,2021,53,166,9.424079427,4.486183805,9.927891018,NA,NA,7.946051417,"Community Garden/Urban Farm","Garden_food_producing_in_ground","Garden_food_producing_in_ground"
"536",536,536,"21.53.166.10-20",2021,53,166,10,20,7.2,163,NA,6.613,NA,928,41,2.18933684075436,NA,NA,NA,10,75.83,1.05,1.20532030605352,2.18933684075436,1.20532030605352,"202153166",226,2021,53,166,9.424079427,4.486183805,9.927891018,NA,NA,7.946051417,"Community Garden/Urban Farm","Garden_food_producing_in_ground","Garden_food_producing_in_ground"
"537",537,537,"21.53.166.20-40",2021,53,166,20,40,7.1,124,NA,3.865,NA,627,64,1.09885480890295,NA,NA,NA,20,76.12,1.05,1.30084849377011,1.09885480890295,1.30084849377011,"202153166",226,2021,53,166,9.424079427,4.486183805,9.927891018,NA,NA,7.946051417,"Community Garden/Urban Farm","Garden_food_producing_in_ground","Garden_food_producing_in_ground"
"538",538,538,"21.53.166.40-60",2021,53,166,40,60,7,98,NA,6.095,NA,722,121.5,0.870480096910774,NA,NA,NA,20,60.3,1.05,1.22272705398577,0.870480096910774,1.22272705398577,"202153166",226,2021,53,166,9.424079427,4.486183805,9.927891018,NA,NA,7.946051417,"Community Garden/Urban Farm","Garden_food_producing_in_ground","Garden_food_producing_in_ground"
"539",539,539,"21.53.166.60-80",2021,53,166,60,80,7.2,57,NA,1.747,0.3,198,12.5,1.6800410228603,NA,NA,NA,20,116.38,1.05,1.3800737619017,1.6800410228603,1.3800737619017,"202153166",226,2021,53,166,9.424079427,4.486183805,9.927891018,NA,NA,7.946051417,"Community Garden/Urban Farm","Garden_food_producing_in_ground","Garden_food_producing_in_ground"
"540",540,540,"21.53.166.80-100",2021,53,166,80,100,7.4,47,NA,1.484,NA,167,12,1.76001547952507,NA,NA,NA,20,121.92,1.05,1.39026945814432,1.76001547952507,1.39026945814432,"202153166",226,2021,53,166,9.424079427,4.486183805,9.927891018,NA,NA,7.946051417,"Community Garden/Urban Farm","Garden_food_producing_in_ground","Garden_food_producing_in_ground"
"541",541,541,"21.53.167.0-10",2021,53,167,0,10,6.8,48,NA,2.164,NA,345,62,2.33225148353076,NA,NA,NA,10,80.78,1.05,1.36407284897368,2.33225148353076,1.36407284897368,"202153167",227,2021,53,167,13.59276306,10.3216108,10.3216108,NA,NA,11.41199489,"Community Garden/Urban Farm","Garden_food_producing_in_ground","Garden_food_producing_in_ground"
"542",542,542,"21.53.167.10-20",2021,53,167,10,20,7,34,NA,1.923,NA,256,38,2.65445904179027,NA,NA,NA,10,91.94,1.05,1.37329582334952,NA,1.37329582334952,"202153167",227,2021,53,167,13.59276306,10.3216108,10.3216108,NA,NA,11.41199489,"Community Garden/Urban Farm","Garden_food_producing_in_ground","Garden_food_producing_in_ground"
"543",543,543,"21.53.167.20-40",2021,53,167,20,40,7.1,32,NA,2.253,NA,290,29,1.19340944629542,NA,NA,NA,20,82.67,1.05,1.36068377097595,1.19340944629542,1.36068377097595,"202153167",227,2021,53,167,13.59276306,10.3216108,10.3216108,NA,NA,11.41199489,"Community Garden/Urban Farm","Garden_food_producing_in_ground","Garden_food_producing_in_ground"
"544",544,544,"21.53.167.40-60",2021,53,167,40,60,7.3,18,NA,0.582,0.2,102,8,1.79725990158195,NA,NA,NA,20,124.5,1.05,1.42585806222999,1.79725990158195,1.42585806222999,"202153167",227,2021,53,167,13.59276306,10.3216108,10.3216108,NA,NA,11.41199489,"Community Garden/Urban Farm","Garden_food_producing_in_ground","Garden_food_producing_in_ground"
"545",545,545,"21.53.167.60-80",2021,53,167,60,80,7.5,12,6,0.421,NA,125,7,1.03504847344117,NA,NA,NA,20,71.7,1.05,1.43231282399949,1.03504847344117,1.43231282399949,"202153167",227,2021,53,167,13.59276306,10.3216108,10.3216108,NA,NA,11.41199489,"Community Garden/Urban Farm","Garden_food_producing_in_ground","Garden_food_producing_in_ground"
"546",546,546,"21.53.167.80-100",2021,53,167,80,100,7.4,8,NA,0.271,NA,116,9,1.63875457050267,NA,NA,NA,20,113.52,1.05,1.43835485106787,1.63875457050267,1.43835485106787,"202153167",227,2021,53,167,13.59276306,10.3216108,10.3216108,NA,NA,11.41199489,"Community Garden/Urban Farm","Garden_food_producing_in_ground","Garden_food_producing_in_ground"
"547",547,547,"21.54.168.0-10",2021,54,168,0,10,7.2,164,NA,9.314,NA,1666,30,0.924470073070746,NA,NA,NA,10,32.02,1.05,1.11883487189742,0.924470073070746,1.11883487189742,"202154168",228,2021,54,168,5.576518179,9.199696583,4.936422557,NA,NA,6.570879106,"Community Garden/Urban Farm","Garden_food_producing_in_ground","Garden_food_producing_in_ground"
"548",548,548,"21.54.168.10-20",2021,54,168,10,20,7.3,151,NA,7.601,NA,1329,24,1.97251078676432,NA,NA,NA,10,68.32,1.05,1.17286454240948,1.97251078676432,1.17286454240948,"202154168",228,2021,54,168,5.576518179,9.199696583,4.936422557,NA,NA,6.570879106,"Community Garden/Urban Farm","Garden_food_producing_in_ground","Garden_food_producing_in_ground"
"549",549,549,"21.54.168.20-40",2021,54,168,20,40,6.9,130,NA,4.72,1.8,831,25.5,0.929666969171706,NA,NA,NA,20,64.4,1.05,1.27027337055109,0.929666969171706,1.27027337055109,"202154168",228,2021,54,168,5.576518179,9.199696583,4.936422557,NA,NA,6.570879106,"Community Garden/Urban Farm","Garden_food_producing_in_ground","Garden_food_producing_in_ground"
"550",550,550,"21.54.168.40-60",2021,54,168,40,60,7.4,70,NA,3.073,1.6,379,42.5,1.71916210184252,NA,NA,NA,20,119.09,1.05,1.32988295720991,1.71916210184252,1.32988295720991,"202154168",228,2021,54,168,5.576518179,9.199696583,4.936422557,NA,NA,6.570879106,"Community Garden/Urban Farm","Garden_food_producing_in_ground","Garden_food_producing_in_ground"
"551",551,551,"21.54.168.60-80",2021,54,168,60,80,7.5,47,43,3.866,NA,356,54.5,2.01769491119766,NA,NA,NA,20,139.77,1.05,1.30081227080799,2.01769491119766,1.30081227080799,"202154168",228,2021,54,168,5.576518179,9.199696583,4.936422557,NA,NA,6.570879106,"Community Garden/Urban Farm","Garden_food_producing_in_ground","Garden_food_producing_in_ground"
"552",552,552,"21.54.169.0-10",2021,54,169,0,10,6.9,74,NA,4.174,NA,551,23,2.42464074754782,NA,NA,NA,10,83.98,1.05,1.28970743302524,2.42464074754782,1.28970743302524,"202154169",229,2021,54,169,20.18782712,6.731485305,7.870615343,NA,NA,11.59664259,"Community Garden/Urban Farm","Garden_food_producing_in_ground","Garden_food_producing_in_ground"
"553",553,553,"21.54.169.10-20",2021,54,169,10,20,7,63,NA,3.241,NA,449,19.5,4.69914894106792,NA,NA,NA,10,162.76,1.05,1.32366603568547,NA,1.32366603568547,"202154169",229,2021,54,169,20.18782712,6.731485305,7.870615343,NA,NA,11.59664259,"Community Garden/Urban Farm","Garden_food_producing_in_ground","Garden_food_producing_in_ground"
"554",554,554,"21.54.169.20-40",2021,54,169,20,40,7.1,60,NA,2.818,0.4,507,9,3.3195173844881,NA,NA,NA,20,229.95,1.05,1.33937976476946,NA,1.33937976476946,"202154169",229,2021,54,169,20.18782712,6.731485305,7.870615343,NA,NA,11.59664259,"Community Garden/Urban Farm","Garden_food_producing_in_ground","Garden_food_producing_in_ground"
"555",555,555,"21.54.169.40-60",2021,54,169,40,60,7.8,18,10,0.641,3.1,232,6,2.01336416444686,NA,NA,NA,20,139.47,1.05,1.42350049040108,2.01336416444686,1.42350049040108,"202154169",229,2021,54,169,20.18782712,6.731485305,7.870615343,NA,NA,11.59664259,"Community Garden/Urban Farm","Garden_food_producing_in_ground","Garden_food_producing_in_ground"
"556",556,556,"21.54.169.60-80",2021,54,169,60,80,7.6,31,18,1.794,1.5,288,46.5,1.69895195033879,NA,NA,NA,20,117.69,1.05,1.37826022113103,1.69895195033879,1.37826022113103,"202154169",229,2021,54,169,20.18782712,6.731485305,7.870615343,NA,NA,11.59664259,"Community Garden/Urban Farm","Garden_food_producing_in_ground","Garden_food_producing_in_ground"
"557",557,557,"21.54.169.80-100",2021,54,169,80,100,7.7,22,14,0.934,NA,313,14,2.81556282092002,NA,NA,NA,20,195.04,1.05,1.4118545056512,NA,1.4118545056512,"202154169",229,2021,54,169,20.18782712,6.731485305,7.870615343,NA,NA,11.59664259,"Community Garden/Urban Farm","Garden_food_producing_in_ground","Garden_food_producing_in_ground"
"558",558,558,"21.54.170.0-10",2021,54,170,0,10,7,156,NA,11.463,NA,1106,22,2.82537918022184,NA,NA,NA,10,97.86,1.05,1.05488464295668,NA,1.05488464295668,"202154170",230,2021,54,170,6.796381531,4.530921021,9.317458671,NA,NA,6.881587074,"Community Garden/Urban Farm","Garden_food_producing_in_ground","Garden_food_producing_in_ground"
"559",559,559,"21.54.170.10-20",2021,54,170,10,20,7,170,NA,11.032,NA,1171,20,3.71029509963528,NA,NA,NA,10,128.51,1.05,1.0673802304976,NA,1.0673802304976,"202154170",230,2021,54,170,6.796381531,4.530921021,9.317458671,NA,NA,6.881587074,"Community Garden/Urban Farm","Garden_food_producing_in_ground","Garden_food_producing_in_ground"
"560",560,560,"21.54.170.20-40",2021,54,170,20,40,7.2,152,NA,8.75,NA,1177,23.5,1.87146002924565,NA,NA,NA,20,129.64,1.05,1.13631661634617,1.87146002924565,1.13631661634617,"202154170",230,2021,54,170,6.796381531,4.530921021,9.317458671,NA,NA,6.881587074,"Community Garden/Urban Farm","Garden_food_producing_in_ground","Garden_food_producing_in_ground"
"561",561,561,"21.54.170.40-60",2021,54,170,40,60,7.2,140,NA,7.572,NA,1037,25.5,2.0211595085983,NA,NA,NA,20,140.01,1.05,1.17380347660262,2.0211595085983,1.17380347660262,"202154170",230,2021,54,170,6.796381531,4.530921021,9.317458671,NA,NA,6.881587074,"Community Garden/Urban Farm","Garden_food_producing_in_ground","Garden_food_producing_in_ground"
"562",562,562,"21.54.170.60-80",2021,54,170,60,80,7.3,133,NA,5.544,1.9,864,24,2.37830175731426,NA,NA,NA,20,164.75,1.05,1.24154370183076,2.37830175731426,1.24154370183076,"202154170",230,2021,54,170,6.796381531,4.530921021,9.317458671,NA,NA,6.881587074,"Community Garden/Urban Farm","Garden_food_producing_in_ground","Garden_food_producing_in_ground"
"563",563,563,"21.54.170.80-100",2021,54,170,80,100,7.4,98,NA,3.292,NA,723,14.5,1.22228109130075,NA,NA,NA,20,84.67,1.05,1.32178498127791,1.22228109130075,1.32178498127791,"202154170",230,2021,54,170,6.796381531,4.530921021,9.317458671,NA,NA,6.881587074,"Community Garden/Urban Farm","Garden_food_producing_in_ground","Garden_food_producing_in_ground"
"564",564,564,"21.55.171.0-10",2021,55,171,0,10,7,102,NA,6.353,NA,852,65.5,0.996360469134024,NA,NA,NA,10,34.51,1.05,1.21402328562189,0.996360469134024,1.21402328562189,"202155171",231,2021,55,171,23.81128327,8.414356631,4.295029972,NA,NA,12.17355662,"Community Garden/Urban Farm","Garden_food_producing_in_ground","Garden_food_producing_in_ground"
"565",565,565,"21.55.171.10-20",2021,55,171,10,20,7,100,NA,6.392,NA,820,38,1.358988330401,NA,NA,NA,10,47.07,1.05,1.21271348336021,1.358988330401,1.21271348336021,"202155171",231,2021,55,171,23.81128327,8.414356631,4.295029972,NA,NA,12.17355662,"Community Garden/Urban Farm","Garden_food_producing_in_ground","Garden_food_producing_in_ground"
"566",566,566,"21.55.171.20-40",2021,55,171,20,40,7.1,90,NA,3.422,NA,604,36,1.25750449820726,NA,NA,NA,20,87.11,1.05,1.31700320583757,1.25750449820726,1.31700320583757,"202155171",231,2021,55,171,23.81128327,8.414356631,4.295029972,NA,NA,12.17355662,"Community Garden/Urban Farm","Garden_food_producing_in_ground","Garden_food_producing_in_ground"
"567",567,567,"21.55.171.40-60",2021,55,171,40,60,7.1,45,NA,0.95,NA,406,13,1.44820171346748,NA,NA,NA,20,100.32,1.05,1.41122150646936,1.44820171346748,1.41122150646936,"202155171",231,2021,55,171,23.81128327,8.414356631,4.295029972,NA,NA,12.17355662,"Community Garden/Urban Farm","Garden_food_producing_in_ground","Garden_food_producing_in_ground"
"568",568,568,"21.55.171.60-80",2021,55,171,60,80,7.3,53,NA,0.794,NA,411,13,1.01902471046321,NA,NA,NA,20,70.59,1.05,1.41740629981797,1.01902471046321,1.41740629981797,"202155171",231,2021,55,171,23.81128327,8.414356631,4.295029972,NA,NA,12.17355662,"Community Garden/Urban Farm","Garden_food_producing_in_ground","Garden_food_producing_in_ground"
"569",569,569,"21.55.171.80-100",2021,55,171,80,100,7.2,61,NA,0.532,NA,484,15,1.33617973084679,NA,NA,NA,20,92.56,1.05,1.42785929167906,1.33617973084679,1.42785929167906,"202155171",231,2021,55,171,23.81128327,8.414356631,4.295029972,NA,NA,12.17355662,"Community Garden/Urban Farm","Garden_food_producing_in_ground","Garden_food_producing_in_ground"
"570",570,570,"21.55.172.0-10",2021,55,172,0,10,7,88,NA,5.815,NA,708,56.5,0.979903631480985,NA,NA,NA,10,33.94,1.05,1.23224996813238,0.979903631480985,1.23224996813238,"202155172",232,2021,55,172,8.282185485,1.811728075,1.617614353,NA,NA,3.903842638,"Community Garden/Urban Farm","Garden_food_producing_in_ground","Garden_food_producing_in_ground"
"571",571,571,"21.55.172.10-20",2021,55,172,10,20,7,83,NA,3.574,NA,657,53.5,1.41673162041167,NA,NA,NA,10,49.07,1.05,1.31143593499578,1.41673162041167,1.31143593499578,"202155172",232,2021,55,172,8.282185485,1.811728075,1.617614353,NA,NA,3.903842638,"Community Garden/Urban Farm","Garden_food_producing_in_ground","Garden_food_producing_in_ground"
"572",572,572,"21.55.172.20-40",2021,55,172,20,40,7.1,55,NA,1.882,NA,414,36,1.40215143968397,NA,NA,NA,20,97.13,1.05,1.37487156150986,1.40215143968397,1.37487156150986,"202155172",232,2021,55,172,8.282185485,1.811728075,1.617614353,NA,NA,3.903842638,"Community Garden/Urban Farm","Garden_food_producing_in_ground","Garden_food_producing_in_ground"
"573",573,573,"21.55.172.40-60",2021,55,172,40,60,7,61,NA,1.441,NA,480,17,1.03851307084181,NA,NA,NA,20,71.94,1.05,1.39194414209186,1.03851307084181,1.39194414209186,"202155172",232,2021,55,172,8.282185485,1.811728075,1.617614353,NA,NA,3.903842638,"Community Garden/Urban Farm","Garden_food_producing_in_ground","Garden_food_producing_in_ground"
"574",574,574,"21.55.172.60-80",2021,55,172,60,80,6.9,41,NA,0.465,NA,387,11.5,1.30456527956595,NA,NA,NA,20,90.37,1.05,1.43054567568577,1.30456527956595,1.43054567568577,"202155172",232,2021,55,172,8.282185485,1.811728075,1.617614353,NA,NA,3.903842638,"Community Garden/Urban Farm","Garden_food_producing_in_ground","Garden_food_producing_in_ground"
"575",575,575,"21.55.172.80-100",2021,55,172,80,100,6.7,78,NA,0.793,NA,499,15.5,0.961425778677572,NA,NA,NA,20,66.6,1.05,1.41744603988364,0.961425778677572,1.41744603988364,"202155172",232,2021,55,172,8.282185485,1.811728075,1.617614353,NA,NA,3.903842638,"Community Garden/Urban Farm","Garden_food_producing_in_ground","Garden_food_producing_in_ground"
"576",576,576,"21.55.173.0-10",2021,55,173,0,10,7.1,114,NA,4.739,NA,786,62,0.835256690004269,NA,NA,NA,10,28.93,1.05,1.26960283969217,0.835256690004269,1.26960283969217,"202155173",233,2021,55,173,1.084779645,6.127420476,3.991010505,NA,NA,3.734403542,"Community Garden/Urban Farm","Garden_food_producing_in_ground","Garden_food_producing_in_ground"
"577",577,577,"21.55.173.10-20",2021,55,173,10,20,7.1,71,NA,4.147,NA,727,65.5,1.34022176114753,NA,NA,NA,10,46.42,1.05,1.29067678857624,1.34022176114753,1.29067678857624,"202155173",233,2021,55,173,1.084779645,6.127420476,3.991010505,NA,NA,3.734403542,"Community Garden/Urban Farm","Garden_food_producing_in_ground","Garden_food_producing_in_ground"
"578",578,578,"21.55.173.20-40",2021,55,173,20,40,7.2,45,NA,2.939,NA,505,55,1.35321400139993,NA,NA,NA,20,93.74,1.05,1.33486432837684,1.35321400139993,1.33486432837684,"202155173",233,2021,55,173,1.084779645,6.127420476,3.991010505,NA,NA,3.734403542,"Community Garden/Urban Farm","Garden_food_producing_in_ground","Garden_food_producing_in_ground"
"579",579,579,"21.55.173.40-60",2021,55,173,40,60,7.3,39,NA,1.605,0.1,435,36,1.31062832501707,NA,NA,NA,20,90.79,1.05,1.38556861516366,1.31062832501707,1.38556861516366,"202155173",233,2021,55,173,1.084779645,6.127420476,3.991010505,NA,NA,3.734403542,"Community Garden/Urban Farm","Garden_food_producing_in_ground","Garden_food_producing_in_ground"
"580",580,580,"21.55.173.60-80",2021,55,173,60,80,7.4,40,NA,0.885,NA,405,18,1.16222806968966,NA,NA,NA,20,80.51,1.05,1.41379496722227,1.16222806968966,1.41379496722227,"202155173",233,2021,55,173,1.084779645,6.127420476,3.991010505,NA,NA,3.734403542,"Community Garden/Urban Farm","Garden_food_producing_in_ground","Garden_food_producing_in_ground"
"581",581,581,"21.55.173.80-100",2021,55,173,80,100,7.2,54,NA,1.265,NA,457,24.5,0.467431932636333,NA,NA,NA,20,32.38,1.05,1.39882134835247,0.467431932636333,1.39882134835247,"202155173",233,2021,55,173,1.084779645,6.127420476,3.991010505,NA,NA,3.734403542,"Community Garden/Urban Farm","Garden_food_producing_in_ground","Garden_food_producing_in_ground"
"582",582,582,"21.56.174.0-10",2021,56,174,0,10,7.3,99,NA,6.578,2.5,724,17,1.63326895795166,NA,NA,NA,10,56.57,1.05,1.20648788906006,1.63326895795166,1.20648788906006,"202156174",234,2021,56,174,11.34570431,19.70978364,13.79684855,NA,NA,14.95077883,"Community Garden/Urban Farm","Garden_food_producing_in_ground","Garden_food_producing_in_ground"
"583",583,583,"21.56.174.10-20",2021,56,174,10,20,7.4,79,NA,2.768,2.9,367,5,2.7482918880576,NA,NA,NA,10,95.19,1.05,1.34125046522714,NA,1.34125046522714,"202156174",234,2021,56,174,11.34570431,19.70978364,13.79684855,NA,NA,14.95077883,"Community Garden/Urban Farm","Garden_food_producing_in_ground","Garden_food_producing_in_ground"
"584",584,584,"21.56.174.20-40",2021,56,174,20,40,7.6,53,18,1.603,4.1,282,0,1.55964626318806,NA,NA,NA,20,108.04,1.05,1.38564617567289,1.55964626318806,1.38564617567289,"202156174",234,2021,56,174,11.34570431,19.70978364,13.79684855,NA,NA,14.95077883,"Community Garden/Urban Farm","Garden_food_producing_in_ground","Garden_food_producing_in_ground"
"585",585,585,"21.56.174.40-60",2021,56,174,40,60,7.7,34,21,2.179,NA,298,6.5,1.41759776976183,NA,NA,NA,20,98.2,1.05,1.36350101835391,1.41759776976183,1.36350101835391,"202156174",234,2021,56,174,11.34570431,19.70978364,13.79684855,NA,NA,14.95077883,"Community Garden/Urban Farm","Garden_food_producing_in_ground","Garden_food_producing_in_ground"
"586",586,586,"21.56.175.0-10",2021,56,175,0,10,7.3,100,NA,4.571,NA,815,14.5,0.931399267872026,NA,NA,NA,10,32.26,1.05,1.2755450893396,0.931399267872026,1.2755450893396,"202156175",235,2021,56,175,5.762897426,6.861562094,7.923983961,NA,NA,6.84948116,"Community Garden/Urban Farm","Garden_food_producing_in_ground","Garden_food_producing_in_ground"
"587",587,587,"21.56.175.10-20",2021,56,175,10,20,7.3,98,NA,4.243,1.6,696,12,2.47429997695699,NA,NA,NA,10,85.7,1.05,1.28723377492758,2.47429997695699,1.28723377492758,"202156175",235,2021,56,175,5.762897426,6.861562094,7.923983961,NA,NA,6.84948116,"Community Garden/Urban Farm","Garden_food_producing_in_ground","Garden_food_producing_in_ground"
"588",588,588,"21.56.175.20-40",2021,56,175,20,40,7.4,115,NA,4.925,1.7,754,13,0.824285464902243,NA,NA,NA,20,57.1,1.05,1.2630589513677,0.824285464902243,1.2630589513677,"202156175",235,2021,56,175,5.762897426,6.861562094,7.923983961,NA,NA,6.84948116,"Community Garden/Urban Farm","Garden_food_producing_in_ground","Garden_food_producing_in_ground"
"589",589,589,"21.56.175.40-60",2021,56,175,40,60,7.4,104,NA,4.131,1.8,639,20,0.81230373222503,NA,NA,NA,20,56.27,1.05,1.29125159415202,0.81230373222503,1.29125159415202,"202156175",235,2021,56,175,5.762897426,6.861562094,7.923983961,NA,NA,6.84948116,"Community Garden/Urban Farm","Garden_food_producing_in_ground","Garden_food_producing_in_ground"
"590",590,590,"21.56.175.60-80",2021,56,175,60,80,7.7,25,37,2.124,4.2,521,3.5,1.20539117897263,NA,NA,NA,20,83.5,1.05,1.36559899617425,1.20539117897263,1.36559899617425,"202156175",235,2021,56,175,5.762897426,6.861562094,7.923983961,NA,NA,6.84948116,"Community Garden/Urban Farm","Garden_food_producing_in_ground","Garden_food_producing_in_ground"
"591",591,591,"21.56.175.80-100",2021,56,175,80,100,7.5,66,49,3.451,NA,582,4.5,0.747342530963031,NA,NA,NA,20,51.77,1.05,1.31593905774342,0.747342530963031,1.31593905774342,"202156175",235,2021,56,175,5.762897426,6.861562094,7.923983961,NA,NA,6.84948116,"Community Garden/Urban Farm","Garden_food_producing_in_ground","Garden_food_producing_in_ground"
"592",592,592,"21.56.176.0-10",2021,56,176,0,10,7.3,113,NA,6.328,NA,936,19,1.42221723296268,NA,NA,NA,10,49.26,1.05,1.21486371328245,1.42221723296268,1.21486371328245,"202156176",236,2021,56,176,6.12307815,7.883913455,8.28416505,NA,NA,7.430385552,"Community Garden/Urban Farm","Garden_food_producing_in_ground","Garden_food_producing_in_ground"
"593",593,593,"21.56.176.10-20",2021,56,176,10,20,7.4,128,NA,3.83,1.9,709,18,1.51778237793033,NA,NA,NA,10,52.57,1.05,1.30211698606784,1.51778237793033,1.30211698606784,"202156176",236,2021,56,176,6.12307815,7.883913455,8.28416505,NA,NA,7.430385552,"Community Garden/Urban Farm","Garden_food_producing_in_ground","Garden_food_producing_in_ground"
"594",594,594,"21.56.176.20-40",2021,56,176,20,40,7.4,102,NA,3.314,2.8,721,0,0.863406543884468,NA,NA,NA,20,59.81,1.05,1.320974439023,0.863406543884468,1.320974439023,"202156176",236,2021,56,176,6.12307815,7.883913455,8.28416505,NA,NA,7.430385552,"Community Garden/Urban Farm","Garden_food_producing_in_ground","Garden_food_producing_in_ground"
"595",595,595,"21.56.176.40-60",2021,56,176,40,60,7.6,32,38,1.806,3.6,431,4,0.940638194273732,NA,NA,NA,20,65.16,1.05,1.37779760133372,0.940638194273732,1.37779760133372,"202156176",236,2021,56,176,6.12307815,7.883913455,8.28416505,NA,NA,7.430385552,"Community Garden/Urban Farm","Garden_food_producing_in_ground","Garden_food_producing_in_ground"
"596",596,596,"21.56.176.60-80",2021,56,176,60,80,7.7,56,39,1.836,NA,414,0,0.610635291862782,NA,NA,NA,20,42.3,1.05,1.37664178420717,0.610635291862782,1.37664178420717,"202156176",236,2021,56,176,6.12307815,7.883913455,8.28416505,NA,NA,7.430385552,"Community Garden/Urban Farm","Garden_food_producing_in_ground","Garden_food_producing_in_ground"
"597",597,597,"21.56.176.80-100",2021,56,176,80,100,7.5,62,47,2.08,NA,491,6,0.432930316854961,NA,NA,NA,20,29.99,1.05,1.36727988633293,0.432930316854961,1.36727988633293,"202156176",236,2021,56,176,6.12307815,7.883913455,8.28416505,NA,NA,7.430385552,"Community Garden/Urban Farm","Garden_food_producing_in_ground","Garden_food_producing_in_ground"
"598",598,598,"21.57.177.0-10",2021,57,177,0,10,7,119,NA,5.682,NA,750,58.5,1.14909147121223,NA,NA,NA,10,39.8,1.05,1.23680160623507,1.14909147121223,1.23680160623507,"202157177",237,2021,57,177,38.1055817,14.7526429,23.77195188,NA,NA,25.54339216,"Community Garden/Urban Farm","Garden_food_producing_in_ground","Garden_food_producing_in_ground"
"599",599,599,"21.57.177.10-20",2021,57,177,10,20,7.1,117,NA,3.769,NA,671,67.5,1.69823015921366,NA,NA,NA,10,58.82,1.05,1.30433099051281,1.69823015921366,1.30433099051281,"202157177",237,2021,57,177,38.1055817,14.7526429,23.77195188,NA,NA,25.54339216,"Community Garden/Urban Farm","Garden_food_producing_in_ground","Garden_food_producing_in_ground"
"600",600,600,"21.57.177.20-40",2021,57,177,20,40,7.1,114,NA,2.423,NA,636,44.5,1.445603265417,NA,NA,NA,20,100.14,1.05,1.35423548463555,1.445603265417,1.35423548463555,"202157177",237,2021,57,177,38.1055817,14.7526429,23.77195188,NA,NA,25.54339216,"Community Garden/Urban Farm","Garden_food_producing_in_ground","Garden_food_producing_in_ground"
"601",601,601,"21.57.177.40-60",2021,57,177,40,60,7,101,NA,2.036,NA,608,20,1.3086073098667,NA,NA,NA,20,90.65,1.05,1.36896300894575,1.3086073098667,1.36896300894575,"202157177",237,2021,57,177,38.1055817,14.7526429,23.77195188,NA,NA,25.54339216,"Community Garden/Urban Farm","Garden_food_producing_in_ground","Garden_food_producing_in_ground"
"602",602,602,"21.57.177.60-80",2021,57,177,60,80,6.6,43,NA,1.038,NA,355,18.5,1.60800626857199,NA,NA,NA,20,111.39,1.05,1.40774546669285,1.60800626857199,1.40774546669285,"202157177",237,2021,57,177,38.1055817,14.7526429,23.77195188,NA,NA,25.54339216,"Community Garden/Urban Farm","Garden_food_producing_in_ground","Garden_food_producing_in_ground"
"603",603,603,"21.57.177.80-100",2021,57,177,80,100,6.4,42,NA,1.146,NA,313,28.5,1.32347620704444,NA,NA,NA,20,91.68,1.05,1.40349200975759,1.32347620704444,1.40349200975759,"202157177",237,2021,57,177,38.1055817,14.7526429,23.77195188,NA,NA,25.54339216,"Community Garden/Urban Farm","Garden_food_producing_in_ground","Garden_food_producing_in_ground"
"604",604,604,"21.57.178.0-10",2021,57,178,0,10,7.1,71,NA,3.912,NA,608,90.5,1.32636337154497,NA,NA,NA,10,45.94,1.05,1.29914719516712,1.32636337154497,1.29914719516712,"202157178",238,2021,57,178,25.21766252,10.29288701,4.598949516,NA,NA,13.36983302,"Community Garden/Urban Farm","Garden_food_producing_in_ground","Garden_food_producing_in_ground"
"605",605,605,"21.57.178.10-20",2021,57,178,10,20,7.2,77,NA,3.613,NA,609,88,1.81718133663563,NA,NA,NA,10,62.94,1.05,1.31001160073992,1.81718133663563,1.31001160073992,"202157178",238,2021,57,178,25.21766252,10.29288701,4.598949516,NA,NA,13.36983302,"Community Garden/Urban Farm","Garden_food_producing_in_ground","Garden_food_producing_in_ground"
"606",606,606,"21.57.178.20-40",2021,57,178,20,40,7.3,79,NA,2.933,NA,655,90.5,1.08369719527515,NA,NA,NA,20,75.07,1.05,1.33508784616538,1.08369719527515,1.33508784616538,"202157178",238,2021,57,178,25.21766252,10.29288701,4.598949516,NA,NA,13.36983302,"Community Garden/Urban Farm","Garden_food_producing_in_ground","Garden_food_producing_in_ground"
"607",607,607,"21.57.178.40-60",2021,57,178,40,60,7.2,81,NA,3.382,NA,567,118,1.14880275476218,NA,NA,NA,20,79.58,1.05,1.31847252466456,1.14880275476218,1.31847252466456,"202157178",238,2021,57,178,25.21766252,10.29288701,4.598949516,NA,NA,13.36983302,"Community Garden/Urban Farm","Garden_food_producing_in_ground","Garden_food_producing_in_ground"
"608",608,608,"21.57.178.60-80",2021,57,178,60,80,7.2,71,NA,3.592,NA,566,106.5,1.39060278168184,NA,NA,NA,20,96.33,1.05,1.31077834173677,1.39060278168184,1.31077834173677,"202157178",238,2021,57,178,25.21766252,10.29288701,4.598949516,NA,NA,13.36983302,"Community Garden/Urban Farm","Garden_food_producing_in_ground","Garden_food_producing_in_ground"
"609",609,609,"21.57.178.80-100",2021,57,178,80,100,7.2,40,NA,1.421,NA,339,23.5,2.93104940094135,NA,NA,NA,20,203.04,1.05,1.39272380529576,NA,1.39272380529576,"202157178",238,2021,57,178,25.21766252,10.29288701,4.598949516,NA,NA,13.36983302,"Community Garden/Urban Farm","Garden_food_producing_in_ground","Garden_food_producing_in_ground"
"610",610,610,"21.57.179.0-10",2021,57,179,0,10,7.1,60,NA,3.568,NA,671,108,1.34801710529897,NA,NA,NA,10,46.69,1.05,1.31165521210576,1.34801710529897,1.31165521210576,"202157179",239,2021,57,179,7.764548893,4.712039713,8.713309655,NA,NA,7.06329942,"Community Garden/Urban Farm","Garden_food_producing_in_ground","Garden_food_producing_in_ground"
"611",611,611,"21.57.179.10-20",2021,57,179,10,20,7.2,58,NA,3.013,NA,582,101,1.25158581098116,NA,NA,NA,10,43.35,1.05,1.33211093266071,1.25158581098116,1.33211093266071,"202157179",239,2021,57,179,7.764548893,4.712039713,8.713309655,NA,NA,7.06329942,"Community Garden/Urban Farm","Garden_food_producing_in_ground","Garden_food_producing_in_ground"
"612",612,612,"21.57.179.20-40",2021,57,179,20,40,7.3,63,NA,2.063,NA,490,65,1.09452406215215,NA,NA,NA,20,75.82,1.05,1.36792991890104,1.09452406215215,1.36792991890104,"202157179",239,2021,57,179,7.764548893,4.712039713,8.713309655,NA,NA,7.06329942,"Community Garden/Urban Farm","Garden_food_producing_in_ground","Garden_food_producing_in_ground"
"613",613,613,"21.57.179.40-60",2021,57,179,40,60,7.5,61,28,2.012,0.4,494,198,1.11964239330679,NA,NA,NA,20,77.56,1.05,1.36988201783742,1.11964239330679,1.36988201783742,"202157179",239,2021,57,179,7.764548893,4.712039713,8.713309655,NA,NA,7.06329942,"Community Garden/Urban Farm","Garden_food_producing_in_ground","Garden_food_producing_in_ground"
"614",614,614,"21.57.179.60-80",2021,57,179,60,80,7.4,75,NA,1.926,0.2,681,160.5,0.999391991859584,NA,NA,NA,20,69.23,1.05,1.37318060193224,0.999391991859584,1.37318060193224,"202157179",239,2021,57,179,7.764548893,4.712039713,8.713309655,NA,NA,7.06329942,"Community Garden/Urban Farm","Garden_food_producing_in_ground","Garden_food_producing_in_ground"
"615",615,615,"21.57.179.80-100",2021,57,179,80,100,7.5,62,38,1.666,0.5,482,46.5,1.18316001231853,NA,NA,NA,20,81.96,1.05,1.38320526600905,1.18316001231853,1.38320526600905,"202157179",239,2021,57,179,7.764548893,4.712039713,8.713309655,NA,NA,7.06329942,"Community Garden/Urban Farm","Garden_food_producing_in_ground","Garden_food_producing_in_ground"
"616",616,616,"21.58.180.0-10",2021,58,180,0,10,6.1,12,NA,3.252,NA,442,47,1.24754378068042,NA,NA,NA,10,43.21,1.05,1.32326007326362,1.24754378068042,1.32326007326362,"202158180",240,2021,58,180,5.582806882,1.890950718,21.09198729,NA,NA,9.521914963,"Community Garden/Urban Farm","Garden_food_producing_in_ground","Garden_food_producing_in_ground"
"617",617,617,"21.58.180.10-20",2021,58,180,10,20,6.2,10,NA,2.579,NA,390,32,1.77243028687736,NA,NA,NA,10,61.39,1.05,1.34834725768231,1.77243028687736,1.34834725768231,"202158180",240,2021,58,180,5.582806882,1.890950718,21.09198729,NA,NA,9.521914963,"Community Garden/Urban Farm","Garden_food_producing_in_ground","Garden_food_producing_in_ground"
"618",618,618,"21.58.180.20-40",2021,58,180,20,40,6.3,14,NA,1.655,NA,378,16,1.43477639854,NA,NA,NA,20,99.39,1.05,1.38363112239798,1.43477639854,1.38363112239798,"202158180",240,2021,58,180,5.582806882,1.890950718,21.09198729,NA,NA,9.521914963,"Community Garden/Urban Farm","Garden_food_producing_in_ground","Garden_food_producing_in_ground"
"619",619,619,"21.58.180.40-60",2021,58,180,40,60,6.4,19,NA,1.071,NA,379,11.5,1.56758596556453,NA,NA,NA,20,108.59,1.05,1.4064443288218,1.56758596556453,1.4064443288218,"202158180",240,2021,58,180,5.582806882,1.890950718,21.09198729,NA,NA,9.521914963,"Community Garden/Urban Farm","Garden_food_producing_in_ground","Garden_food_producing_in_ground"
"620",620,620,"21.58.180.60-80",2021,58,180,60,80,6.6,15,NA,0.371,NA,207,0,1.70862395141558,NA,NA,NA,20,118.36,1.05,1.43432379616515,1.70862395141558,1.43432379616515,"202158180",240,2021,58,180,5.582806882,1.890950718,21.09198729,NA,NA,9.521914963,"Community Garden/Urban Farm","Garden_food_producing_in_ground","Garden_food_producing_in_ground"
"621",621,621,"21.58.180.80-100",2021,58,180,80,100,6.6,11,NA,0.226,NA,215,7,2.18370686997832,NA,NA,NA,20,151.27,1.05,1.44017279665071,2.18370686997832,1.44017279665071,"202158180",240,2021,58,180,5.582806882,1.890950718,21.09198729,NA,NA,9.521914963,"Community Garden/Urban Farm","Garden_food_producing_in_ground","Garden_food_producing_in_ground"
"622",622,622,"21.58.181.0-10",2021,58,181,0,10,7,128,NA,9.576,NA,1547,40,0.588404125208676,NA,NA,NA,10,20.38,1.05,1.11081453970524,0.588404125208676,1.11081453970524,"202158181",241,2021,58,181,3.141359809,80.58286814,34.16401513,NA,NA,39.29608103,"Community Garden/Urban Farm","Garden_food_producing_in_ground","Garden_food_producing_in_ground"
"623",623,623,"21.58.181.10-20",2021,58,181,10,20,7.1,128,NA,9.305,NA,1448,32.5,0.593601021309636,NA,NA,NA,10,20.56,1.05,1.11911150717257,0.593601021309636,1.11911150717257,"202158181",241,2021,58,181,3.141359809,80.58286814,34.16401513,NA,NA,39.29608103,"Community Garden/Urban Farm","Garden_food_producing_in_ground","Garden_food_producing_in_ground"
"624",624,624,"21.58.181.20-40",2021,58,181,20,40,7.1,63,NA,4.472,NA,606,38,1.44502583251689,NA,NA,NA,20,100.1,1.05,1.27906089948258,1.44502583251689,1.27906089948258,"202158181",241,2021,58,181,3.141359809,80.58286814,34.16401513,NA,NA,39.29608103,"Community Garden/Urban Farm","Garden_food_producing_in_ground","Garden_food_producing_in_ground"
"625",625,625,"21.58.181.40-60",2021,58,181,40,60,7.2,79,NA,3.079,NA,581,7.5,2.24274938401423,NA,NA,NA,20,155.36,1.05,1.32966038136673,2.24274938401423,1.32966038136673,"202158181",241,2021,58,181,3.141359809,80.58286814,34.16401513,NA,NA,39.29608103,"Community Garden/Urban Farm","Garden_food_producing_in_ground","Garden_food_producing_in_ground"
"626",626,626,"21.58.181.60-80",2021,58,181,60,80,7.2,78,NA,3.215,NA,586,19.5,2.29096503117313,NA,NA,NA,20,158.7,1.05,1.3246261188743,2.29096503117313,1.3246261188743,"202158181",241,2021,58,181,3.141359809,80.58286814,34.16401513,NA,NA,39.29608103,"Community Garden/Urban Farm","Garden_food_producing_in_ground","Garden_food_producing_in_ground"
"627",627,627,"21.58.181.80-100",2021,58,181,80,100,7.5,39,16,1.117,0.5,302,4.5,2.23567583098792,NA,NA,NA,20,154.87,1.05,1.40463278118779,2.23567583098792,1.40463278118779,"202158181",241,2021,58,181,3.141359809,80.58286814,34.16401513,NA,NA,39.29608103,"Community Garden/Urban Farm","Garden_food_producing_in_ground","Garden_food_producing_in_ground"
"628",628,628,"21.58.182.0-10",2021,58,182,0,10,7.3,64,NA,7.541,NA,1127,26.5,0.748930471438325,NA,NA,NA,10,25.94,1.05,1.17480807357926,0.748930471438325,1.17480807357926,"202158182",242,2021,58,182,16.56437097,12.5471659,42.40835742,NA,NA,23.83996476,"Community Garden/Urban Farm","Garden_food_producing_in_ground","Garden_food_producing_in_ground"
"629",629,629,"21.58.182.10-20",2021,58,182,10,20,7.3,53,NA,4.708,NA,635,24.5,1.50565628702809,NA,NA,NA,10,52.15,1.05,1.2706970617749,1.50565628702809,1.2706970617749,"202158182",242,2021,58,182,16.56437097,12.5471659,42.40835742,NA,NA,23.83996476,"Community Garden/Urban Farm","Garden_food_producing_in_ground","Garden_food_producing_in_ground"
"630",630,630,"21.58.182.20-40",2021,58,182,20,40,7.5,29,11,1.842,0.9,444,13.5,1.61161522419766,NA,NA,NA,20,111.64,1.05,1.37641074626987,1.61161522419766,1.37641074626987,"202158182",242,2021,58,182,16.56437097,12.5471659,42.40835742,NA,NA,23.83996476,"Community Garden/Urban Farm","Garden_food_producing_in_ground","Garden_food_producing_in_ground"
"631",631,631,"21.58.182.40-60",2021,58,182,40,60,7.7,20,9,1.457,2.6,286,0,2.24303810046428,NA,NA,NA,20,155.38,1.05,1.39132075010638,2.24303810046428,1.39132075010638,"202158182",242,2021,58,182,16.56437097,12.5471659,42.40835742,NA,NA,23.83996476,"Community Garden/Urban Farm","Garden_food_producing_in_ground","Garden_food_producing_in_ground"
"632",632,632,"21.58.182.60-80",2021,58,182,60,80,7.5,39,12,2.179,1.8,390,3.5,2.40370880491896,NA,NA,NA,20,166.51,1.05,1.36350101835391,2.40370880491896,1.36350101835391,"202158182",242,2021,58,182,16.56437097,12.5471659,42.40835742,NA,NA,23.83996476,"Community Garden/Urban Farm","Garden_food_producing_in_ground","Garden_food_producing_in_ground"
"633",633,633,"21.58.182.80-100",2021,58,182,80,100,7.4,54,NA,1.617,2.1,393,8.5,2.69098167272201,NA,NA,NA,20,186.41,1.05,1.38510335035893,NA,1.38510335035893,"202158182",242,2021,58,182,16.56437097,12.5471659,42.40835742,NA,NA,23.83996476,"Community Garden/Urban Farm","Garden_food_producing_in_ground","Garden_food_producing_in_ground"
"634",634,634,"21.59.183.0-10",2021,59,183,0,10,7.1,120,NA,5.239,NA,776,81.5,1.40114093210879,NA,NA,NA,10,48.53,1.05,1.25209471166996,1.40114093210879,1.25209471166996,"202159183",243,2021,59,183,2.916976965,2.78825909,0.755153503,NA,NA,2.153463186,"Community Garden/Urban Farm","Garden_food_producing_in_ground","Garden_food_producing_in_ground"
"635",635,635,"21.59.183.10-20",2021,59,183,10,20,7.1,122,NA,4.371,NA,745,96.5,0.739402828586565,NA,NA,NA,10,25.61,1.05,1.28265857214964,0.739402828586565,1.28265857214964,"202159183",243,2021,59,183,2.916976965,2.78825909,0.755153503,NA,NA,2.153463186,"Community Garden/Urban Farm","Garden_food_producing_in_ground","Garden_food_producing_in_ground"
"636",636,636,"21.59.183.20-40",2021,59,183,20,40,7.3,95,NA,3.682,NA,712,116.5,2.19973063295628,NA,NA,NA,20,152.38,1.05,1.30749572590268,2.19973063295628,1.30749572590268,"202159183",243,2021,59,183,2.916976965,2.78825909,0.755153503,NA,NA,2.153463186,"Community Garden/Urban Farm","Garden_food_producing_in_ground","Garden_food_producing_in_ground"
"637",637,637,"21.59.183.40-60",2021,59,183,40,60,7.2,74,NA,3.489,NA,894,200,1.36014319620121,NA,NA,NA,20,94.22,1.05,1.31454606512604,1.36014319620121,1.31454606512604,"202159183",243,2021,59,183,2.916976965,2.78825909,0.755153503,NA,NA,2.153463186,"Community Garden/Urban Farm","Garden_food_producing_in_ground","Garden_food_producing_in_ground"
"638",638,638,"21.59.183.60-80",2021,59,183,60,80,7.3,58,NA,2.381,NA,526,51.5,1.0660854918219,NA,NA,NA,20,73.85,1.05,1.35582551642416,1.0660854918219,1.35582551642416,"202159183",243,2021,59,183,2.916976965,2.78825909,0.755153503,NA,NA,2.153463186,"Community Garden/Urban Farm","Garden_food_producing_in_ground","Garden_food_producing_in_ground"
"639",639,639,"21.59.183.80-100",2021,59,183,80,100,7.4,52,NA,1.397,0.3,445,37,1.11386806430573,NA,NA,NA,20,77.16,1.05,1.39366002224075,1.11386806430573,1.39366002224075,"202159183",243,2021,59,183,2.916976965,2.78825909,0.755153503,NA,NA,2.153463186,"Community Garden/Urban Farm","Garden_food_producing_in_ground","Garden_food_producing_in_ground"
"640",640,640,"21.59.184.0-10",2021,59,184,0,10,7,139,NA,9.955,NA,1260,60.5,0.77809083289371,NA,NA,NA,10,26.95,1.05,1.09932420149335,0.77809083289371,1.09932420149335,"202159184",244,2021,59,184,5.718925778,9.238123432,5.1608054,NA,NA,6.705951537,"Community Garden/Urban Farm","Garden_food_producing_in_ground","Garden_food_producing_in_ground"
"641",641,641,"21.59.184.10-20",2021,59,184,10,20,6.9,121,NA,6.337,NA,950,62,2.24736884721508,NA,NA,NA,10,77.84,1.05,1.21456108630993,2.24736884721508,1.21456108630993,"202159184",244,2021,59,184,5.718925778,9.238123432,5.1608054,NA,NA,6.705951537,"Community Garden/Urban Farm","Garden_food_producing_in_ground","Garden_food_producing_in_ground"
"642",642,642,"21.59.184.20-40",2021,59,184,20,40,7.4,90,NA,4.393,1.2,819,145,1.55675909868753,NA,NA,NA,20,107.84,1.05,1.28187398667793,1.55675909868753,1.28187398667793,"202159184",244,2021,59,184,5.718925778,9.238123432,5.1608054,NA,NA,6.705951537,"Community Garden/Urban Farm","Garden_food_producing_in_ground","Garden_food_producing_in_ground"
"643",643,643,"21.59.184.40-60",2021,59,184,40,60,7.3,87,NA,5.738,NA,1377,258.5,1.40330630548419,NA,NA,NA,20,97.21,1.05,1.23488290109707,1.40330630548419,1.23488290109707,"202159184",244,2021,59,184,5.718925778,9.238123432,5.1608054,NA,NA,6.705951537,"Community Garden/Urban Farm","Garden_food_producing_in_ground","Garden_food_producing_in_ground"
"644",644,644,"21.59.184.60-80",2021,59,184,60,80,7.3,75,NA,3.985,NA,549,107.5,1.38858176653147,NA,NA,NA,20,96.19,1.05,1.29650953056403,1.38858176653147,1.29650953056403,"202159184",244,2021,59,184,5.718925778,9.238123432,5.1608054,NA,NA,6.705951537,"Community Garden/Urban Farm","Garden_food_producing_in_ground","Garden_food_producing_in_ground"
"645",645,645,"21.59.184.80-100",2021,59,184,80,100,7.2,428,NA,2.65,NA,1138,262,1.14360585866122,NA,NA,NA,20,79.22,1.05,1.34567652100183,1.14360585866122,1.34567652100183,"202159184",244,2021,59,184,5.718925778,9.238123432,5.1608054,NA,NA,6.705951537,"Community Garden/Urban Farm","Garden_food_producing_in_ground","Garden_food_producing_in_ground"
"646",646,646,"21.59.185.0-10",2021,59,185,0,10,7.3,139,NA,10.371,NA,1244,50.5,1.89426862879986,NA,NA,NA,10,65.61,1.05,1.0868624242606,1.89426862879986,1.0868624242606,"202159185",245,2021,59,185,4.357276783,6.273582952,1.296808566,NA,NA,3.975889434,"Community Garden/Urban Farm","Garden_food_producing_in_ground","Garden_food_producing_in_ground"
"647",647,647,"21.59.185.10-20",2021,59,185,10,20,7.4,118,NA,5.658,1.8,805,51,1.79783733448205,NA,NA,NA,10,62.27,1.05,1.23762490114345,1.79783733448205,1.23762490114345,"202159185",245,2021,59,185,4.357276783,6.273582952,1.296808566,NA,NA,3.975889434,"Community Garden/Urban Farm","Garden_food_producing_in_ground","Garden_food_producing_in_ground"
"648",648,648,"21.59.185.20-40",2021,59,185,20,40,7.4,94,NA,5.126,1.4,869,132.5,1.43073436823925,NA,NA,NA,20,99.11,1.05,1.25602848477921,1.43073436823925,1.25602848477921,"202159185",245,2021,59,185,4.357276783,6.273582952,1.296808566,NA,NA,3.975889434,"Community Garden/Urban Farm","Garden_food_producing_in_ground","Garden_food_producing_in_ground"
"649",649,649,"21.59.185.40-60",2021,59,185,40,60,7.3,112,NA,5.523,NA,1200,197.5,1.61926621012407,NA,NA,NA,20,112.17,1.05,1.24226705717327,1.61926621012407,1.24226705717327,"202159185",245,2021,59,185,4.357276783,6.273582952,1.296808566,NA,NA,3.975889434,"Community Garden/Urban Farm","Garden_food_producing_in_ground","Garden_food_producing_in_ground"
"650",650,650,"21.59.185.60-80",2021,59,185,60,80,7.3,130,NA,5.726,NA,957,106.5,1.05511426671988,NA,NA,NA,20,73.09,1.05,1.23529377939042,1.05511426671988,1.23529377939042,"202159185",245,2021,59,185,4.357276783,6.273582952,1.296808566,NA,NA,3.975889434,"Community Garden/Urban Farm","Garden_food_producing_in_ground","Garden_food_producing_in_ground"
"651",651,651,"21.59.185.80-100",2021,59,185,80,100,7.2,110,NA,4.713,NA,899,66.5,0.596343827585143,NA,NA,NA,20,41.31,1.05,1.2705205051264,0.596343827585143,1.2705205051264,"202159185",245,2021,59,185,4.357276783,6.273582952,1.296808566,NA,NA,3.975889434,"Community Garden/Urban Farm","Garden_food_producing_in_ground","Garden_food_producing_in_ground"
"652",652,652,"21.60.186.0-10",2021,60,186,0,10,7.2,97,NA,6.382,NA,918,92,1.13840896256026,NA,NA,NA,10,39.43,1.05,1.21304918321152,1.13840896256026,1.21304918321152,"202160186",246,2021,60,186,7.469617342,20.19445591,18.16295848,NA,NA,15.27567724,"Community Garden/Urban Farm","Garden_food_producing_in_ground","Garden_food_producing_in_ground"
"653",653,653,"21.60.186.10-20",2021,60,186,10,20,7.4,79,NA,3.783,0.9,579,62.5,1.61479110514825,NA,NA,NA,10,55.93,1.05,1.30382249808277,1.61479110514825,1.30382249808277,"202160186",246,2021,60,186,7.469617342,20.19445591,18.16295848,NA,NA,15.27567724,"Community Garden/Urban Farm","Garden_food_producing_in_ground","Garden_food_producing_in_ground"
"654",654,654,"21.60.186.20-40",2021,60,186,20,40,7.6,48,25,1.987,1.2,444,61.5,1.7038601299897,NA,NA,NA,20,118.03,1.05,1.3708400265139,1.7038601299897,1.3708400265139,"202160186",246,2021,60,186,7.469617342,20.19445591,18.16295848,NA,NA,15.27567724,"Community Garden/Urban Farm","Garden_food_producing_in_ground","Garden_food_producing_in_ground"
"655",655,655,"21.60.186.40-60",2021,60,186,40,60,7.9,22,15,1.064,1.6,359,29.5,1.78397894487949,NA,NA,NA,20,123.58,1.05,1.40672021954313,1.78397894487949,1.40672021954313,"202160186",246,2021,60,186,7.469617342,20.19445591,18.16295848,NA,NA,15.27567724,"Community Garden/Urban Farm","Garden_food_producing_in_ground","Garden_food_producing_in_ground"
"656",656,656,"21.60.186.60-80",2021,60,186,60,80,7.6,40,29,2.055,1.7,415,77.5,2.18211892950303,NA,NA,NA,20,151.16,1.05,1.36823593194156,2.18211892950303,1.36823593194156,"202160186",246,2021,60,186,7.469617342,20.19445591,18.16295848,NA,NA,15.27567724,"Community Garden/Urban Farm","Garden_food_producing_in_ground","Garden_food_producing_in_ground"
"657",657,657,"21.60.186.80-100",2021,60,186,80,100,7.5,32,20,1.809,1.7,397,74.5,1.5349610067085,NA,NA,NA,20,106.33,1.05,1.37768197254744,1.5349610067085,1.37768197254744,"202160186",246,2021,60,186,7.469617342,20.19445591,18.16295848,NA,NA,15.27567724,"Community Garden/Urban Farm","Garden_food_producing_in_ground","Garden_food_producing_in_ground"
"658",658,658,"21.60.187.0-10",2021,60,187,0,10,7.2,95,NA,8.387,NA,1016,158.5,1.34051047759759,NA,NA,NA,10,46.43,1.05,1.14772650180029,1.34051047759759,1.14772650180029,"202160187",247,2021,60,187,9.424079427,4.722805459,6.069064091,NA,NA,6.738649659,"Community Garden/Urban Farm","Garden_food_producing_in_ground","Garden_food_producing_in_ground"
"659",659,659,"21.60.187.10-20",2021,60,187,10,20,7.2,86,NA,4.692,NA,549,205,1.86539698379453,NA,NA,NA,10,64.61,1.05,1.27126222203092,1.86539698379453,1.27126222203092,"202160187",247,2021,60,187,9.424079427,4.722805459,6.069064091,NA,NA,6.738649659,"Community Garden/Urban Farm","Garden_food_producing_in_ground","Garden_food_producing_in_ground"
"660",660,660,"21.60.187.20-40",2021,60,187,20,40,7.4,67,NA,2.873,NA,388,80,0.755859666239605,NA,NA,NA,20,52.36,1.05,1.33732525045227,0.755859666239605,1.33732525045227,"202160187",247,2021,60,187,9.424079427,4.722805459,6.069064091,NA,NA,6.738649659,"Community Garden/Urban Farm","Garden_food_producing_in_ground","Garden_food_producing_in_ground"
"661",661,661,"21.60.187.40-60",2021,60,187,40,60,7.9,43,30,1.587,3.1,408,25,1.22747798740171,NA,NA,NA,20,85.03,1.05,1.38626682822726,1.22747798740171,1.38626682822726,"202160187",247,2021,60,187,9.424079427,4.722805459,6.069064091,NA,NA,6.738649659,"Community Garden/Urban Farm","Garden_food_producing_in_ground","Garden_food_producing_in_ground"
"662",662,662,"21.60.188.0-10",2021,60,188,0,10,6.9,160,NA,10.618,NA,1252,74.5,1.66473905100747,NA,NA,NA,10,57.66,1.05,1.07953689583097,1.66473905100747,1.07953689583097,"202160188",248,2021,60,188,17.25235312,17.25235312,123.1819325,NA,NA,52.56221291,"Community Garden/Urban Farm","Garden_food_producing_in_ground","Garden_food_producing_in_ground"
"663",663,663,"21.60.188.10-20",2021,60,188,10,20,7,139,NA,5.795,NA,979,137,1.54261199263491,NA,NA,NA,10,53.43,1.05,1.2329332590031,1.54261199263491,1.2329332590031,"202160188",248,2021,60,188,17.25235312,17.25235312,123.1819325,NA,NA,52.56221291,"Community Garden/Urban Farm","Garden_food_producing_in_ground","Garden_food_producing_in_ground"
"664",664,664,"21.60.188.20-40",2021,60,188,20,40,7.1,158,NA,7.41,NA,1332,180.5,1.04024536954213,NA,NA,NA,20,72.06,1.05,1.17906369388804,1.04024536954213,1.17906369388804,"202160188",248,2021,60,188,17.25235312,17.25235312,123.1819325,NA,NA,52.56221291,"Community Garden/Urban Farm","Garden_food_producing_in_ground","Garden_food_producing_in_ground"
"665",665,665,"21.60.188.40-60",2021,60,188,40,60,7.2,122,NA,3.832,NA,806,316,2.05335139277925,NA,NA,NA,20,142.24,1.05,1.30204446471059,2.05335139277925,1.30204446471059,"202160188",248,2021,60,188,17.25235312,17.25235312,123.1819325,NA,NA,52.56221291,"Community Garden/Urban Farm","Garden_food_producing_in_ground","Garden_food_producing_in_ground"
"666",666,666,"21.60.188.60-80",2021,60,188,60,80,7,138,NA,4.493,NA,761,55.5,1.72421463971846,NA,NA,NA,20,119.44,1.05,1.27831424396501,1.72421463971846,1.27831424396501,"202160188",248,2021,60,188,17.25235312,17.25235312,123.1819325,NA,NA,52.56221291,"Community Garden/Urban Farm","Garden_food_producing_in_ground","Garden_food_producing_in_ground"
"667",667,667,"21.60.188.80-100",2021,60,188,80,100,7,177,NA,6.686,NA,831,39,0.992462797058304,NA,NA,NA,20,68.75,1.05,1.20288902467447,0.992462797058304,1.20288902467447,"202160188",248,2021,60,188,17.25235312,17.25235312,123.1819325,NA,NA,52.56221291,"Community Garden/Urban Farm","Garden_food_producing_in_ground","Garden_food_producing_in_ground"
"668",668,668,"21.61.189.0-10",2021,61,189,0,10,7.5,50,43,7.575,NA,927,199.5,1.29922402523996,NA,NA,NA,10,45,1.05,1.17370630738539,1.29922402523996,1.17370630738539,"202161189",249,2021,61,189,54.02716337,40.86665659,24.51999395,NA,NA,39.80460464,"Community Garden/Urban Farm","Garden_food_producing_in_ground","Garden_food_producing_in_ground"
"669",669,669,"21.61.189.10-20",2021,61,189,10,20,7.6,22,40,6.422,12,938,272.5,1.68956866571206,NA,NA,NA,10,58.52,1.05,1.21170699117424,1.68956866571206,1.21170699117424,"202161189",249,2021,61,189,54.02716337,40.86665659,24.51999395,NA,NA,39.80460464,"Community Garden/Urban Farm","Garden_food_producing_in_ground","Garden_food_producing_in_ground"
"670",670,670,"21.61.189.20-40",2021,61,189,20,40,7.6,58,50,5.441,6.4,947,391,1.5955914612197,NA,NA,NA,20,110.53,1.05,1.24509597953264,1.5955914612197,1.24509597953264,"202161189",249,2021,61,189,54.02716337,40.86665659,24.51999395,NA,NA,39.80460464,"Community Garden/Urban Farm","Garden_food_producing_in_ground","Garden_food_producing_in_ground"
"671",671,671,"21.61.189.40-60",2021,61,189,40,60,7.5,119,53,4.628,4.5,820,250,1.91390134740349,NA,NA,NA,20,132.58,1.05,1.27352559271372,1.91390134740349,1.27352559271372,"202161189",249,2021,61,189,54.02716337,40.86665659,24.51999395,NA,NA,39.80460464,"Community Garden/Urban Farm","Garden_food_producing_in_ground","Garden_food_producing_in_ground"
"672",672,672,"21.61.189.60-80",2021,61,189,60,80,7.6,77,37,2.163,3.5,1866,96.5,1.61565725449841,NA,NA,NA,20,111.92,1.05,1.36411098021537,1.61565725449841,1.36411098021537,"202161189",249,2021,61,189,54.02716337,40.86665659,24.51999395,NA,NA,39.80460464,"Community Garden/Urban Farm","Garden_food_producing_in_ground","Garden_food_producing_in_ground"
"673",673,673,"21.61.189.80-100",2021,61,189,80,100,7.6,72,33,1.641,1.8,409,55,1.55950190496303,NA,NA,NA,20,108.03,1.05,1.38417332584554,1.55950190496303,1.38417332584554,"202161189",249,2021,61,189,54.02716337,40.86665659,24.51999395,NA,NA,39.80460464,"Community Garden/Urban Farm","Garden_food_producing_in_ground","Garden_food_producing_in_ground"
"674",674,674,"21.61.190.0-10",2021,61,190,0,10,7.2,149,NA,7.021,NA,1044,115,1.07748979159901,NA,NA,NA,10,37.32,1.05,1.19180017651488,1.07748979159901,1.19180017651488,"202161190",250,2021,61,190,30.22166825,6.099316759,2.019445591,NA,NA,12.78014353,"Community Garden/Urban Farm","Garden_food_producing_in_ground","Garden_food_producing_in_ground"
"675",675,675,"21.61.190.10-20",2021,61,190,10,20,7.2,136,NA,4.882,NA,934,132.5,0.998381484284397,NA,NA,NA,10,34.58,1.05,1.26456852453755,0.998381484284397,1.26456852453755,"202161190",250,2021,61,190,30.22166825,6.099316759,2.019445591,NA,NA,12.78014353,"Community Garden/Urban Farm","Garden_food_producing_in_ground","Garden_food_producing_in_ground"
"676",676,676,"21.61.190.20-40",2021,61,190,20,40,7.5,71,66,3.519,2.4,652,110.5,1.17420980236687,NA,NA,NA,20,81.34,1.05,1.31344746144923,1.17420980236687,1.31344746144923,"202161190",250,2021,61,190,30.22166825,6.099316759,2.019445591,NA,NA,12.78014353,"Community Garden/Urban Farm","Garden_food_producing_in_ground","Garden_food_producing_in_ground"
"677",677,677,"21.61.190.40-60",2021,61,190,40,60,7.2,99,NA,6.368,NA,818,167,1.09192561410167,NA,NA,NA,20,75.64,1.05,1.21351933315874,1.09192561410167,1.21351933315874,"202161190",250,2021,61,190,30.22166825,6.099316759,2.019445591,NA,NA,12.78014353,"Community Garden/Urban Farm","Garden_food_producing_in_ground","Garden_food_producing_in_ground"
"678",678,678,"21.61.190.60-80",2021,61,190,60,80,7.2,103,NA,4.581,NA,800,248,0.855899916183082,NA,NA,NA,20,59.29,1.05,1.27519054048619,0.855899916183082,1.27519054048619,"202161190",250,2021,61,190,30.22166825,6.099316759,2.019445591,NA,NA,12.78014353,"Community Garden/Urban Farm","Garden_food_producing_in_ground","Garden_food_producing_in_ground"
"679",679,679,"21.61.190.80-100",2021,61,190,80,100,7.3,100,NA,11.502,NA,1275,630,0.745754590487738,NA,NA,NA,20,51.66,1.05,1.05376194643756,0.745754590487738,1.05376194643756,"202161190",250,2021,61,190,30.22166825,6.099316759,2.019445591,NA,NA,12.78014353,"Community Garden/Urban Farm","Garden_food_producing_in_ground","Garden_food_producing_in_ground"
"680",680,680,"21.61.191.0-10",2021,61,191,0,10,7.2,146,NA,4.719,NA,1249,55,0.79887841729755,NA,NA,NA,10,27.67,1.05,1.27030867229559,0.79887841729755,1.27030867229559,"202161191",251,2021,61,191,6.099316759,10.52132141,22.87570311,NA,NA,13.16544709,"Community Garden/Urban Farm","Garden_food_producing_in_ground","Garden_food_producing_in_ground"
"681",681,681,"21.61.191.10-20",2021,61,191,10,20,7.1,151,NA,10.249,NA,1416,67.5,0.831792092603629,NA,NA,NA,10,28.81,1.05,1.09050088850393,0.831792092603629,1.09050088850393,"202161191",251,2021,61,191,6.099316759,10.52132141,22.87570311,NA,NA,13.16544709,"Community Garden/Urban Farm","Garden_food_producing_in_ground","Garden_food_producing_in_ground"
"682",682,682,"21.61.191.20-40",2021,61,191,20,40,7.2,149,NA,5.179,NA,1076,48,1.03504847344117,NA,NA,NA,20,71.7,1.05,1.25418177102755,1.03504847344117,1.25418177102755,"202161191",251,2021,61,191,6.099316759,10.52132141,22.87570311,NA,NA,13.16544709,"Community Garden/Urban Farm","Garden_food_producing_in_ground","Garden_food_producing_in_ground"
"683",683,683,"21.61.191.40-60",2021,61,191,40,60,7.2,67,NA,5.958,NA,882,156.5,0.389622849346962,NA,NA,NA,20,26.99,1.05,1.22737643074008,0.389622849346962,1.22737643074008,"202161191",251,2021,61,191,6.099316759,10.52132141,22.87570311,NA,NA,13.16544709,"Community Garden/Urban Farm","Garden_food_producing_in_ground","Garden_food_producing_in_ground"
"684",684,684,"21.61.191.60-80",2021,61,191,60,80,7.6,26,48,2.566,6.5,847,183.5,1.22560133047636,NA,NA,NA,20,84.9,1.05,1.34883688564667,1.22560133047636,1.34883688564667,"202161191",251,2021,61,191,6.099316759,10.52132141,22.87570311,NA,NA,13.16544709,"Community Garden/Urban Farm","Garden_food_producing_in_ground","Garden_food_producing_in_ground"
"685",685,685,"21.61.191.80-100",2021,61,191,80,100,7.6,83.5,47,1.484,2.1,543,55,1.53337306623321,NA,NA,NA,20,106.22,1.05,1.39026945814432,1.53337306623321,1.39026945814432,"202161191",251,2021,61,191,6.099316759,10.52132141,22.87570311,NA,NA,13.16544709,"Community Garden/Urban Farm","Garden_food_producing_in_ground","Garden_food_producing_in_ground"
"686",686,686,"21.62.192.0-10",2021,62,192,0,10,6.9,76,NA,7.244,NA,782,19,1.14938018766229,NA,NA,NA,10,39.81,1.05,1.18448052449735,1.14938018766229,1.18448052449735,"202162192",252,2021,62,192,3.364637853,6.205677482,3.702316918,NA,NA,4.424210751,"Community Garden/Urban Farm","Garden_food_producing_in_ground","Garden_food_producing_in_ground"
"687",687,687,"21.62.192.10-20",2021,62,192,10,20,7,74,NA,4.696,NA,689,14.5,1.99993884951938,NA,NA,NA,10,69.27,1.05,1.27112090639386,1.99993884951938,1.27112090639386,"202162192",252,2021,62,192,3.364637853,6.205677482,3.702316918,NA,NA,4.424210751,"Community Garden/Urban Farm","Garden_food_producing_in_ground","Garden_food_producing_in_ground"
"688",688,688,"21.62.192.20-40",2021,62,192,20,40,7.1,65,NA,3.351,NA,531,10.5,1.22531261402631,NA,NA,NA,20,84.88,1.05,1.31961246678717,1.22531261402631,1.31961246678717,"202162192",252,2021,62,192,3.364637853,6.205677482,3.702316918,NA,NA,4.424210751,"Community Garden/Urban Farm","Garden_food_producing_in_ground","Garden_food_producing_in_ground"
"689",689,689,"21.62.192.40-60",2021,62,192,40,60,7.1,77,NA,4.893,NA,657,12,0.889102307939214,NA,NA,NA,20,61.59,1.05,1.26418216825663,0.889102307939214,1.26418216825663,"202162192",252,2021,62,192,3.364637853,6.205677482,3.702316918,NA,NA,4.424210751,"Community Garden/Urban Farm","Garden_food_producing_in_ground","Garden_food_producing_in_ground"
"690",690,690,"21.62.192.60-80",2021,62,192,60,80,7.4,6,NA,0.211,NA,337,0,1.15602066601351,NA,NA,NA,20,80.08,1.05,1.44077932710045,1.15602066601351,1.44077932710045,"202162192",252,2021,62,192,3.364637853,6.205677482,3.702316918,NA,NA,4.424210751,"Community Garden/Urban Farm","Garden_food_producing_in_ground","Garden_food_producing_in_ground"
"691",691,691,"21.62.192.80-100",2021,62,192,80,100,7.3,7,NA,0.233,NA,324,0,1.52687694610701,NA,NA,NA,20,105.77,1.05,1.43988984301301,1.52687694610701,1.43988984301301,"202162192",252,2021,62,192,3.364637853,6.205677482,3.702316918,NA,NA,4.424210751,"Community Garden/Urban Farm","Garden_food_producing_in_ground","Garden_food_producing_in_ground"
"692",692,692,"21.62.193.0-10",2021,62,193,0,10,7.2,103,NA,10.256,NA,852,58.5,1.16525959241522,NA,NA,NA,10,40.36,1.05,1.09029176186723,1.16525959241522,1.09029176186723,"202162193",253,2021,62,193,6.224681119,12.34105639,7.893958041,NA,NA,8.819898517,"Community Garden/Urban Farm","Garden_food_producing_in_ground","Garden_food_producing_in_ground"
"693",693,693,"21.62.193.10-20",2021,62,193,10,20,7.1,98,NA,6.226,NA,779,187.5,2.31002031687665,NA,NA,NA,10,80.01,1.05,1.21829923375678,2.31002031687665,1.21829923375678,"202162193",253,2021,62,193,6.224681119,12.34105639,7.893958041,NA,NA,8.819898517,"Community Garden/Urban Farm","Garden_food_producing_in_ground","Garden_food_producing_in_ground"
"694",694,694,"21.62.193.20-40",2021,62,193,20,40,7.2,131,NA,6.626,NA,867,125,0.767263966016711,NA,NA,NA,20,53.15,1.05,1.20488694623076,0.767263966016711,1.20488694623076,"202162193",253,2021,62,193,6.224681119,12.34105639,7.893958041,NA,NA,8.819898517,"Community Garden/Urban Farm","Garden_food_producing_in_ground","Garden_food_producing_in_ground"
"695",695,695,"21.62.193.40-60",2021,62,193,40,60,7.2,131,NA,9.425,NA,860,100,0.585805677158196,NA,NA,NA,20,40.58,1.05,1.1154292047377,0.585805677158196,1.1154292047377,"202162193",253,2021,62,193,6.224681119,12.34105639,7.893958041,NA,NA,8.819898517,"Community Garden/Urban Farm","Garden_food_producing_in_ground","Garden_food_producing_in_ground"
"696",696,696,"21.62.193.60-80",2021,62,193,60,80,7.2,122,NA,5.879,NA,761,76,0.966189600103452,NA,NA,NA,20,66.93,1.05,1.23006620546083,0.966189600103452,1.23006620546083,"202162193",253,2021,62,193,6.224681119,12.34105639,7.893958041,NA,NA,8.819898517,"Community Garden/Urban Farm","Garden_food_producing_in_ground","Garden_food_producing_in_ground"
"697",697,697,"21.62.193.80-100",2021,62,193,80,100,7.4,67,NA,0.729,0.1,281,53,0.985822318707078,NA,NA,NA,20,68.29,1.05,1.41999189911717,0.985822318707078,1.41999189911717,"202162193",253,2021,62,193,6.224681119,12.34105639,7.893958041,NA,NA,8.819898517,"Community Garden/Urban Farm","Garden_food_producing_in_ground","Garden_food_producing_in_ground"
"698",698,698,"21.62.194.0-10",2021,62,194,0,10,7,112,NA,9.427,NA,996,23,1.38439537800569,NA,NA,NA,10,47.95,1.05,1.11536794588772,1.38439537800569,1.11536794588772,"202162194",254,2021,62,194,26.92594122,35.71692491,20.0719232,NA,NA,27.57159644,"Community Garden/Urban Farm","Garden_food_producing_in_ground","Garden_food_producing_in_ground"
"699",699,699,"21.62.194.10-20",2021,62,194,10,20,6.9,113,NA,7.522,NA,857,21,2.01235365687167,NA,NA,NA,10,69.7,1.05,1.17542425879727,2.01235365687167,1.17542425879727,"202162194",254,2021,62,194,26.92594122,35.71692491,20.0719232,NA,NA,27.57159644,"Community Garden/Urban Farm","Garden_food_producing_in_ground","Garden_food_producing_in_ground"
"700",700,700,"21.62.194.20-40",2021,62,194,20,40,6.9,123,NA,6.929,NA,892,19,0.880440814437614,NA,NA,NA,20,60.99,1.05,1.19483431949426,0.880440814437614,1.19483431949426,"202162194",254,2021,62,194,26.92594122,35.71692491,20.0719232,NA,NA,27.57159644,"Community Garden/Urban Farm","Garden_food_producing_in_ground","Garden_food_producing_in_ground"
"701",701,701,"21.62.194.40-60",2021,62,194,40,60,7,118,NA,4.92,NA,731,17,1.33848946244721,NA,NA,NA,20,92.72,1.05,1.26323438254517,1.33848946244721,1.26323438254517,"202162194",254,2021,62,194,26.92594122,35.71692491,20.0719232,NA,NA,27.57159644,"Community Garden/Urban Farm","Garden_food_producing_in_ground","Garden_food_producing_in_ground"
"702",702,702,"21.62.194.60-80",2021,62,194,60,80,6.9,132,NA,9.744,NA,1119,25.5,0.834390540654109,NA,NA,NA,20,57.8,1.05,1.10570498465997,0.834390540654109,1.10570498465997,"202162194",254,2021,62,194,26.92594122,35.71692491,20.0719232,NA,NA,27.57159644,"Community Garden/Urban Farm","Garden_food_producing_in_ground","Garden_food_producing_in_ground"
"703",703,703,"21.62.194.80-100",2021,62,194,80,100,6.9,128,NA,10.064,NA,1243,20.5,0.943381000549239,NA,NA,NA,20,65.35,1.05,1.09604384217072,0.943381000549239,1.09604384217072,"202162194",254,2021,62,194,26.92594122,35.71692491,20.0719232,NA,NA,27.57159644,"Community Garden/Urban Farm","Garden_food_producing_in_ground","Garden_food_producing_in_ground"
"704",704,704,"21.63.195.0-10",2021,63,195,0,10,7.2,124,NA,5.931,NA,884,70.5,1.46667956627089,NA,NA,NA,10,50.8,1.05,1.2282949999369,1.46667956627089,1.2282949999369,"202163195",255,2021,63,195,51.24602269,63.66930092,6.970647724,NA,NA,40.62865711,"Community Garden/Urban Farm","Garden_food_producing_in_ground","Garden_food_producing_in_ground"
"705",705,705,"21.63.195.10-20",2021,63,195,10,20,7.2,97,NA,3.232,NA,548,35,2.30713315237612,NA,NA,NA,10,79.91,1.05,1.32399828696564,2.30713315237612,1.32399828696564,"202163195",255,2021,63,195,51.24602269,63.66930092,6.970647724,NA,NA,40.62865711,"Community Garden/Urban Farm","Garden_food_producing_in_ground","Garden_food_producing_in_ground"
"706",706,706,"21.63.195.20-40",2021,63,195,20,40,7.2,122,NA,5.495,NA,811,55,1.00199043991006,NA,NA,NA,20,69.41,1.05,1.2432322440247,1.00199043991006,1.2432322440247,"202163195",255,2021,63,195,51.24602269,63.66930092,6.970647724,NA,NA,40.62865711,"Community Garden/Urban Farm","Garden_food_producing_in_ground","Garden_food_producing_in_ground"
"707",707,707,"21.63.195.40-60",2021,63,195,40,60,7.2,109,NA,3.498,NA,578,65,1.14562687381159,NA,NA,NA,20,79.36,1.05,1.3142163796279,1.14562687381159,1.3142163796279,"202163195",255,2021,63,195,51.24602269,63.66930092,6.970647724,NA,NA,40.62865711,"Community Garden/Urban Farm","Garden_food_producing_in_ground","Garden_food_producing_in_ground"
"708",708,708,"21.63.195.60-80",2021,63,195,60,80,7.4,113,NA,1.557,0.2,596,49,1.68754765056168,NA,NA,NA,20,116.9,1.05,1.38743135945894,1.68754765056168,1.38743135945894,"202163195",255,2021,63,195,51.24602269,63.66930092,6.970647724,NA,NA,40.62865711,"Community Garden/Urban Farm","Garden_food_producing_in_ground","Garden_food_producing_in_ground"
"709",709,709,"21.63.195.80-100",2021,63,195,80,100,7.2,88,NA,0.537,NA,356,14,1.19932813352151,NA,NA,NA,20,83.08,1.05,1.42765903288122,1.19932813352151,1.42765903288122,"202163195",255,2021,63,195,51.24602269,63.66930092,6.970647724,NA,NA,40.62865711,"Community Garden/Urban Farm","Garden_food_producing_in_ground","Garden_food_producing_in_ground"
"710",710,710,"21.63.196.0-10",2021,63,196,0,10,7.2,121,NA,6.168,NA,767,65.5,2.55600673232209,NA,NA,NA,10,88.53,1.05,1.22025748442737,2.55600673232209,1.22025748442737,"202163196",256,2021,63,196,19.67835608,18.11728075,14.80926767,NA,NA,17.53496817,"Community Garden/Urban Farm","Garden_food_producing_in_ground","Garden_food_producing_in_ground"
"711",711,711,"21.63.196.10-20",2021,63,196,10,20,7.2,98,NA,5.221,NA,698,55.5,1.77849333232848,NA,NA,NA,10,61.6,1.05,1.25272043290234,1.77849333232848,1.25272043290234,"202163196",256,2021,63,196,19.67835608,18.11728075,14.80926767,NA,NA,17.53496817,"Community Garden/Urban Farm","Garden_food_producing_in_ground","Garden_food_producing_in_ground"
"712",712,712,"21.63.196.20-40",2021,63,196,20,40,7.2,92,NA,2.279,NA,495,48,1.07128238792286,NA,NA,NA,20,74.21,1.05,1.35969541928535,1.07128238792286,1.35969541928535,"202163196",256,2021,63,196,19.67835608,18.11728075,14.80926767,NA,NA,17.53496817,"Community Garden/Urban Farm","Garden_food_producing_in_ground","Garden_food_producing_in_ground"
"713",713,713,"21.63.196.40-60",2021,63,196,40,60,7.3,70,NA,0.474,NA,289,7,0.957961181276932,NA,NA,NA,20,66.36,1.05,1.43018450238286,0.957961181276932,1.43018450238286,"202163196",256,2021,63,196,19.67835608,18.11728075,14.80926767,NA,NA,17.53496817,"Community Garden/Urban Farm","Garden_food_producing_in_ground","Garden_food_producing_in_ground"
"714",714,714,"21.63.196.60-80",2021,63,196,60,80,7.2,84,NA,0.351,NA,399,4.5,0.642682817818701,NA,NA,NA,20,44.52,1.05,1.4351290346674,0.642682817818701,1.4351290346674,"202163196",256,2021,63,196,19.67835608,18.11728075,14.80926767,NA,NA,17.53496817,"Community Garden/Urban Farm","Garden_food_producing_in_ground","Garden_food_producing_in_ground"
"715",715,715,"21.63.196.80-100",2021,63,196,80,100,7.2,65,NA,0.291,NA,320,7,1.18878998309457,NA,NA,NA,20,82.35,1.05,1.43754766702216,1.18878998309457,1.43754766702216,"202163196",256,2021,63,196,19.67835608,18.11728075,14.80926767,NA,NA,17.53496817,"Community Garden/Urban Farm","Garden_food_producing_in_ground","Garden_food_producing_in_ground"
"716",716,716,"21.63.197.0-10",2021,63,197,0,10,7.4,22,NA,6.934,2.6,1458,31,2.3796009813395,NA,NA,NA,10,82.42,1.05,1.19466920395376,2.3796009813395,1.19466920395376,"202163197",257,2021,63,197,3.105819557,2.847001261,3.935307672,NA,NA,3.29604283,"Community Garden/Urban Farm","Garden_food_producing_in_ground","Garden_food_producing_in_ground"
"717",717,717,"21.63.197.10-20",2021,63,197,10,20,7.5,30,38,4.69,2.5,574,68.5,2.33860324543193,NA,NA,NA,10,81,1.05,1.27133288624387,2.33860324543193,1.27133288624387,"202163197",257,2021,63,197,3.105819557,2.847001261,3.935307672,NA,NA,3.29604283,"Community Garden/Urban Farm","Garden_food_producing_in_ground","Garden_food_producing_in_ground"
"718",718,718,"21.63.197.20-40",2021,63,197,20,40,7.3,29,NA,6.949,NA,781,38,0.624782397915395,NA,NA,NA,20,43.28,1.05,1.19417400672692,0.624782397915395,1.19417400672692,"202163197",257,2021,63,197,3.105819557,2.847001261,3.935307672,NA,NA,3.29604283,"Community Garden/Urban Farm","Garden_food_producing_in_ground","Garden_food_producing_in_ground"
"719",719,719,"21.63.197.40-60",2021,63,197,40,60,7.4,22,NA,6.645,NA,718,30.5,0.658273506121581,NA,NA,NA,20,45.6,1.05,1.2042538797937,0.658273506121581,1.2042538797937,"202163197",257,2021,63,197,3.105819557,2.847001261,3.935307672,NA,NA,3.29604283,"Community Garden/Urban Farm","Garden_food_producing_in_ground","Garden_food_producing_in_ground"
"720",720,720,"21.63.197.60-80",2021,63,197,60,80,7.5,20,34,5.845,3.7,643,47,0.866582424835055,NA,NA,NA,20,60.03,1.05,1.23122580444376,0.866582424835055,1.23122580444376,"202163197",257,2021,63,197,3.105819557,2.847001261,3.935307672,NA,NA,3.29604283,"Community Garden/Urban Farm","Garden_food_producing_in_ground","Garden_food_producing_in_ground"
"721",721,721,"21.63.197.80-100",2021,63,197,80,100,7.4,24,NA,7.026,NA,782,41,0.712696556956632,NA,NA,NA,20,49.37,1.05,1.1916355185634,0.712696556956632,1.1916355185634,"202163197",257,2021,63,197,3.105819557,2.847001261,3.935307672,NA,NA,3.29604283,"Community Garden/Urban Farm","Garden_food_producing_in_ground","Garden_food_producing_in_ground"
"722",722,722,"21.64.198.0-10",2021,64,198,0,10,7,142,NA,7.197,NA,1055,38,1.61190394064771,NA,NA,NA,10,55.83,1.05,1.18601913894663,1.61190394064771,1.18601913894663,"202164198",258,2021,64,198,2.178327414,3.029168387,6.123078515,NA,NA,3.776858105,"Community Garden/Urban Farm","Garden_food_producing_in_ground","Garden_food_producing_in_ground"
"723",723,723,"21.64.198.10-20",2021,64,198,10,20,6.9,134,NA,6.67,NA,950,46,1.95056833656026,NA,NA,NA,10,67.56,1.05,1.2034214502386,1.95056833656026,1.2034214502386,"202164198",258,2021,64,198,2.178327414,3.029168387,6.123078515,NA,NA,3.776858105,"Community Garden/Urban Farm","Garden_food_producing_in_ground","Garden_food_producing_in_ground"
"724",724,724,"21.64.198.20-40",2021,64,198,20,40,7,90,NA,4.093,NA,623,33.5,0.919706251644866,NA,NA,NA,20,63.71,1.05,1.29261786977033,0.919706251644866,1.29261786977033,"202164198",258,2021,64,198,2.178327414,3.029168387,6.123078515,NA,NA,3.776858105,"Community Garden/Urban Farm","Garden_food_producing_in_ground","Garden_food_producing_in_ground"
"725",725,725,"21.64.198.40-60",2021,64,198,40,60,6.9,28,NA,0.487,NA,352,13,0.801765581798083,NA,NA,NA,20,55.54,1.05,1.42966298068726,0.801765581798083,1.42966298068726,"202164198",258,2021,64,198,2.178327414,3.029168387,6.123078515,NA,NA,3.776858105,"Community Garden/Urban Farm","Garden_food_producing_in_ground","Garden_food_producing_in_ground"
"726",726,726,"21.64.198.60-80",2021,64,198,60,80,7,65,NA,2.121,NA,462,15,1.42683669616353,NA,NA,NA,20,98.84,1.05,1.36571353146471,1.42683669616353,1.36571353146471,"202164198",258,2021,64,198,2.178327414,3.029168387,6.123078515,NA,NA,3.776858105,"Community Garden/Urban Farm","Garden_food_producing_in_ground","Garden_food_producing_in_ground"
"727",727,727,"21.64.198.80-100",2021,64,198,80,100,7,25,NA,0.445,NA,302,10,0.718326527732672,NA,NA,NA,20,49.76,1.05,1.43134863416567,0.718326527732672,1.43134863416567,"202164198",258,2021,64,198,2.178327414,3.029168387,6.123078515,NA,NA,3.776858105,"Community Garden/Urban Farm","Garden_food_producing_in_ground","Garden_food_producing_in_ground"
"728",728,728,"21.64.199.0-10",2021,64,199,0,10,7.1,163,NA,10.186,NA,1832,37.5,1.7016947566143,NA,NA,NA,10,58.94,1.05,1.09238501667487,1.7016947566143,1.09238501667487,"202164199",259,2021,64,199,0.785339952,1.045597159,0.697064772,NA,NA,0.842667295,"Community Garden/Urban Farm","Garden_food_producing_in_ground","Garden_food_producing_in_ground"
"729",729,729,"21.64.199.10-20",2021,64,199,10,20,7,142,NA,4.35,NA,836,43,1.9063947197021,NA,NA,NA,10,66.03,1.05,1.28340798051232,1.9063947197021,1.28340798051232,"202164199",259,2021,64,199,0.785339952,1.045597159,0.697064772,NA,NA,0.842667295,"Community Garden/Urban Farm","Garden_food_producing_in_ground","Garden_food_producing_in_ground"
"730",730,730,"21.64.199.20-40",2021,64,199,20,40,7,90,NA,2.409,NA,591,20.5,1.15630938246357,NA,NA,NA,20,80.1,1.05,1.35476527141927,1.15630938246357,1.35476527141927,"202164199",259,2021,64,199,0.785339952,1.045597159,0.697064772,NA,NA,0.842667295,"Community Garden/Urban Farm","Garden_food_producing_in_ground","Garden_food_producing_in_ground"
"731",731,731,"21.64.199.40-60",2021,64,199,40,60,7,51,NA,1.247,NA,391,25.5,1.09741122665269,NA,NA,NA,20,76.02,1.05,1.39952675918936,1.09741122665269,1.39952675918936,"202164199",259,2021,64,199,0.785339952,1.045597159,0.697064772,NA,NA,0.842667295,"Community Garden/Urban Farm","Garden_food_producing_in_ground","Garden_food_producing_in_ground"
"732",732,732,"21.64.199.60-80",2021,64,199,60,80,7.1,44,NA,0.549,NA,455,13,0.711974765831499,NA,NA,NA,20,49.32,1.05,1.42717853498061,0.711974765831499,1.42717853498061,"202164199",259,2021,64,199,0.785339952,1.045597159,0.697064772,NA,NA,0.842667295,"Community Garden/Urban Farm","Garden_food_producing_in_ground","Garden_food_producing_in_ground"
"733",733,733,"21.64.199.80-100",2021,64,199,80,100,7,110,NA,2.739,NA,827,12,0.253204326696766,NA,NA,NA,20,17.54,1.05,1.34233676499565,0.253204326696766,1.34233676499565,"202164199",259,2021,64,199,0.785339952,1.045597159,0.697064772,NA,NA,0.842667295,"Community Garden/Urban Farm","Garden_food_producing_in_ground","Garden_food_producing_in_ground"
"734",734,734,"21.64.200.0-10",2021,64,200,0,10,6.9,28,NA,4.223,NA,597,66.5,1.46898929787132,NA,NA,NA,10,50.88,1.05,1.28795024745808,1.46898929787132,1.28795024745808,"202164200",260,2021,64,200,7.469617342,21.98951866,26.92594122,NA,NA,18.79502574,"Community Garden/Urban Farm","Garden_food_producing_in_ground","Garden_food_producing_in_ground"
"735",735,735,"21.64.200.10-20",2021,64,200,10,20,7.4,11,NA,2.668,1.3,431,58,1.86828414829507,NA,NA,NA,10,64.71,1.05,1.34500034122257,1.86828414829507,1.34500034122257,"202164200",260,2021,64,200,7.469617342,21.98951866,26.92594122,NA,NA,18.79502574,"Community Garden/Urban Farm","Garden_food_producing_in_ground","Garden_food_producing_in_ground"
"736",736,736,"21.64.200.20-40",2021,64,200,20,40,7.9,13,11,0.928,4.1,399,10,1.06146602862105,NA,NA,NA,20,73.53,1.05,1.41209195911978,1.06146602862105,1.41209195911978,"202164200",260,2021,64,200,7.469617342,21.98951866,26.92594122,NA,NA,18.79502574,"Community Garden/Urban Farm","Garden_food_producing_in_ground","Garden_food_producing_in_ground"
"737",737,737,"21.64.200.40-60",2021,64,200,40,60,7.8,31,20,0.228,NA,418,0,0.852146602332388,NA,NA,NA,20,59.03,1.05,1.44009194665751,0.852146602332388,1.44009194665751,"202164200",260,2021,64,200,7.469617342,21.98951866,26.92594122,NA,NA,18.79502574,"Community Garden/Urban Farm","Garden_food_producing_in_ground","Garden_food_producing_in_ground"
"738",738,738,"21.64.200.60-80",2021,64,200,60,80,7.8,36,26,0.3,0.2,389,7.5,0.874955201886601,NA,NA,NA,20,60.61,1.05,1.43718459304617,0.874955201886601,1.43718459304617,"202164200",260,2021,64,200,7.469617342,21.98951866,26.92594122,NA,NA,18.79502574,"Community Garden/Urban Farm","Garden_food_producing_in_ground","Garden_food_producing_in_ground"
"739",739,739,"21.64.200.80-100",2021,64,200,80,100,7.8,31,17,0.551,NA,436,0,0.514492713995025,NA,NA,NA,20,35.64,1.05,1.42709846890569,0.514492713995025,1.42709846890569,"202164200",260,2021,64,200,7.469617342,21.98951866,26.92594122,NA,NA,18.79502574,"Community Garden/Urban Farm","Garden_food_producing_in_ground","Garden_food_producing_in_ground"
"740",740,740,"21.65.201.0-10",2021,65,201,0,10,7.5,121,64,9.217,2.9,1687,24,1.8495175790416,NA,NA,NA,10,64.06,1.05,1.12182034633574,1.8495175790416,1.12182034633574,"202165201",261,2021,65,201,0.897531374,0.897531374,1.816295848,NA,NA,1.203786199,"Community Garden/Urban Farm","Garden_food_producing_in_ground","Garden_food_producing_in_ground"
"741",741,741,"21.65.201.10-20",2021,65,201,10,20,7.4,62,NA,3.601,NA,766,18,1.13898639546037,NA,NA,NA,10,39.45,1.05,1.31044967897774,1.13898639546037,1.31044967897774,"202165201",261,2021,65,201,0.897531374,0.897531374,1.816295848,NA,NA,1.203786199,"Community Garden/Urban Farm","Garden_food_producing_in_ground","Garden_food_producing_in_ground"
"742",742,742,"21.65.201.20-40",2021,65,201,20,40,7.6,32,20,1.532,2.4,521,15,1.15414400908817,NA,NA,NA,20,79.95,1.05,1.38840260749254,1.15414400908817,1.38840260749254,"202165201",261,2021,65,201,0.897531374,0.897531374,1.816295848,NA,NA,1.203786199,"Community Garden/Urban Farm","Garden_food_producing_in_ground","Garden_food_producing_in_ground"
"743",743,743,"21.65.201.40-60",2021,65,201,40,60,7.5,51,27,2.073,NA,501,16,0.396263327698188,NA,NA,NA,20,27.45,1.05,1.36754750643297,0.396263327698188,1.36754750643297,"202165201",261,2021,65,201,0.897531374,0.897531374,1.816295848,NA,NA,1.203786199,"Community Garden/Urban Farm","Garden_food_producing_in_ground","Garden_food_producing_in_ground"
"744",744,744,"21.65.201.60-80",2021,65,201,60,80,7.7,32,23,1.686,2,429,12.5,0.792526655396377,NA,NA,NA,20,54.9,1.05,1.38243134359433,0.792526655396377,1.38243134359433,"202165201",261,2021,65,201,0.897531374,0.897531374,1.816295848,NA,NA,1.203786199,"Community Garden/Urban Farm","Garden_food_producing_in_ground","Garden_food_producing_in_ground"
"745",745,745,"21.65.201.80-100",2021,65,201,80,100,7.8,9,9,1.167,4.2,547,20.5,1.84561990696588,NA,NA,NA,20,127.85,1.05,1.40266655663501,1.84561990696588,1.40266655663501,"202165201",261,2021,65,201,0.897531374,0.897531374,1.816295848,NA,NA,1.203786199,"Community Garden/Urban Farm","Garden_food_producing_in_ground","Garden_food_producing_in_ground"
"746",746,746,"21.65.202.0-10",2021,65,202,0,10,7,239,NA,14.578,NA,3050,38.5,1.26890879798436,NA,NA,NA,10,43.95,1.05,0.969246539172967,1.26890879798436,0.969246539172967,"202165202",262,2021,65,202,0.464709848,0.721539723,0.720362178,NA,NA,0.63553725,"Community Garden/Urban Farm","Garden_food_producing_in_ground","Garden_food_producing_in_ground"
"747",747,747,"21.65.202.10-20",2021,65,202,10,20,7.6,49,42,1.891,NA,503,22,1.43780792126556,NA,NA,NA,10,49.8,1.05,1.37452550080629,1.43780792126556,1.37452550080629,"202165202",262,2021,65,202,0.464709848,0.721539723,0.720362178,NA,NA,0.63553725,"Community Garden/Urban Farm","Garden_food_producing_in_ground","Garden_food_producing_in_ground"
"748",748,748,"21.65.202.20-40",2021,65,202,20,40,7.2,116,NA,4.469,NA,817,27.5,0.846227915106295,NA,NA,NA,20,58.62,1.05,1.27916760317229,0.846227915106295,1.27916760317229,"202165202",262,2021,65,202,0.464709848,0.721539723,0.720362178,NA,NA,0.63553725,"Community Garden/Urban Farm","Garden_food_producing_in_ground","Garden_food_producing_in_ground"
"749",749,749,"21.65.202.40-60",2021,65,202,40,60,7.4,98,NA,2.742,1.5,693,53,1.44069508576609,NA,NA,NA,20,99.8,1.05,1.34222434508491,1.44069508576609,1.34222434508491,"202165202",262,2021,65,202,0.464709848,0.721539723,0.720362178,NA,NA,0.63553725,"Community Garden/Urban Farm","Garden_food_producing_in_ground","Garden_food_producing_in_ground"
"750",750,750,"21.65.202.60-80",2021,65,202,60,80,7.4,100,NA,3.803,NA,881,24,0.313546064757911,NA,NA,NA,20,21.72,1.05,1.30309645273422,0.313546064757911,1.30309645273422,"202165202",262,2021,65,202,0.464709848,0.721539723,0.720362178,NA,NA,0.63553725,"Community Garden/Urban Farm","Garden_food_producing_in_ground","Garden_food_producing_in_ground"
"751",751,751,"21.65.202.80-100",2021,65,202,80,100,7.9,5,5,1.006,NA,365,8,0.728142887034485,NA,NA,NA,20,50.44,1.05,1.40900841367664,0.728142887034485,1.40900841367664,"202165202",262,2021,65,202,0.464709848,0.721539723,0.720362178,NA,NA,0.63553725,"Community Garden/Urban Farm","Garden_food_producing_in_ground","Garden_food_producing_in_ground"
"752",752,752,"21.65.203.0-10",2021,65,203,0,10,7.6,12,10,1.31,NA,354,14,1.3676498239026,NA,NA,NA,10,47.37,1.05,1.39705949604579,1.3676498239026,1.39705949604579,"202165203",263,2021,65,203,11.12918675,10.0850705,13.97618801,NA,NA,11.73014842,"Community Garden/Urban Farm","Garden_food_producing_in_ground","Garden_food_producing_in_ground"
"753",753,753,"21.65.203.10-20",2021,65,203,10,20,7.9,7,7,1.103,NA,462,8.5,1.04486483274298,NA,NA,NA,10,36.19,1.05,1.40518385569775,1.04486483274298,1.40518385569775,"202165203",263,2021,65,203,11.12918675,10.0850705,13.97618801,NA,NA,11.73014842,"Community Garden/Urban Farm","Garden_food_producing_in_ground","Garden_food_producing_in_ground"
"754",754,754,"21.65.203.20-40",2021,65,203,20,40,7.9,3,4,1.052,NA,451,12,0.495726144741559,NA,NA,NA,20,34.34,1.05,1.40719331061991,0.495726144741559,1.40719331061991,"202165203",263,2021,65,203,11.12918675,10.0850705,13.97618801,NA,NA,11.73014842,"Community Garden/Urban Farm","Garden_food_producing_in_ground","Garden_food_producing_in_ground"
"755",755,755,"21.65.203.40-60",2021,65,203,40,60,7.6,28,17,1.611,1.5,417,17.5,0.864561409684681,NA,NA,NA,20,59.89,1.05,1.38533596170927,0.864561409684681,1.38533596170927,"202165203",263,2021,65,203,11.12918675,10.0850705,13.97618801,NA,NA,11.73014842,"Community Garden/Urban Farm","Garden_food_producing_in_ground","Garden_food_producing_in_ground"
"756",756,756,"21.65.203.60-80",2021,65,203,60,80,7.6,22,16,1.651,1.6,305,16,0.91956189341984,NA,NA,NA,20,63.7,1.05,1.38378601430438,0.91956189341984,1.38378601430438,"202165203",263,2021,65,203,11.12918675,10.0850705,13.97618801,NA,NA,11.73014842,"Community Garden/Urban Farm","Garden_food_producing_in_ground","Garden_food_producing_in_ground"
"757",757,757,"21.65.203.80-100",2021,65,203,80,100,7.7,7,5,1.111,3.5,369,6,0.914220639093853,NA,NA,NA,20,63.33,1.05,1.40486892748128,0.914220639093853,1.40486892748128,"202165203",263,2021,65,203,11.12918675,10.0850705,13.97618801,NA,NA,11.73014842,"Community Garden/Urban Farm","Garden_food_producing_in_ground","Garden_food_producing_in_ground"
"758",758,758,"21.66.204.0-10",2021,66,204,0,10,7,98,NA,7.352,NA,751,83,1.38006463125489,NA,NA,NA,10,47.8,1.05,1.18095323931415,1.38006463125489,1.18095323931415,"202166204",264,2021,66,204,14.63836022,0.532909253,14.11556164,NA,NA,9.762277038,"Community Garden/Urban Farm","Garden_food_producing_in_ground","Garden_food_producing_in_ground"
"759",759,759,"21.66.204.10-20",2021,66,204,10,20,7,75,NA,7.41,NA,716,86,0.663181685772487,NA,NA,NA,10,22.97,1.05,1.17906369388804,0.663181685772487,1.17906369388804,"202166204",264,2021,66,204,14.63836022,0.532909253,14.11556164,NA,NA,9.762277038,"Community Garden/Urban Farm","Garden_food_producing_in_ground","Garden_food_producing_in_ground"
"760",760,760,"21.66.204.20-40",2021,66,204,20,40,7.1,64,NA,5.169,NA,572,62.5,0.615976546188769,NA,NA,NA,20,42.67,1.05,1.25452998164485,0.615976546188769,1.25452998164485,"202166204",264,2021,66,204,14.63836022,0.532909253,14.11556164,NA,NA,9.762277038,"Community Garden/Urban Farm","Garden_food_producing_in_ground","Garden_food_producing_in_ground"
"761",761,761,"21.66.204.40-60",2021,66,204,40,60,7.1,25,NA,2.497,NA,348,38,1.4304456517892,NA,NA,NA,20,99.09,1.05,1.3514388967586,1.4304456517892,1.3514388967586,"202166204",264,2021,66,204,14.63836022,0.532909253,14.11556164,NA,NA,9.762277038,"Community Garden/Urban Farm","Garden_food_producing_in_ground","Garden_food_producing_in_ground"
"762",762,762,"21.66.204.60-80",2021,66,204,60,80,7.1,29,NA,1.49,NA,288,15,0.725111364308925,NA,NA,NA,20,50.23,1.05,1.39003595396338,0.725111364308925,1.39003595396338,"202166204",264,2021,66,204,14.63836022,0.532909253,14.11556164,NA,NA,9.762277038,"Community Garden/Urban Farm","Garden_food_producing_in_ground","Garden_food_producing_in_ground"
"763",763,763,"21.66.205.0-10",2021,66,205,0,10,7,31,NA,5.028,NA,493,56.5,1.04284381759261,NA,NA,NA,10,36.12,1.05,1.2594509495471,1.04284381759261,1.2594509495471,"202166205",265,2021,66,205,14.16841638,4.48765687,8.870170594,NA,NA,9.175414615,"Community Garden/Urban Farm","Garden_food_producing_in_ground","Garden_food_producing_in_ground"
"764",764,764,"21.66.205.10-20",2021,66,205,10,20,7.3,15,NA,3.569,NA,337,31,1.45599705761892,NA,NA,NA,10,50.43,1.05,1.31161866316468,1.45599705761892,1.31161866316468,"202166205",265,2021,66,205,14.16841638,4.48765687,8.870170594,NA,NA,9.175414615,"Community Garden/Urban Farm","Garden_food_producing_in_ground","Garden_food_producing_in_ground"
"765",765,765,"21.66.205.20-40",2021,66,205,20,40,7.5,3,3,2.179,0.2,216,53.5,1.30009017459012,NA,NA,NA,20,90.06,1.05,1.36350101835391,1.30009017459012,1.36350101835391,"202166205",265,2021,66,205,14.16841638,4.48765687,8.870170594,NA,NA,9.175414615,"Community Garden/Urban Farm","Garden_food_producing_in_ground","Garden_food_producing_in_ground"
"766",766,766,"21.66.205.40-60",2021,66,205,40,60,7.6,10,8,1.108,0.2,329,16,1.61031600017242,NA,NA,NA,20,111.55,1.05,1.4049870166565,1.61031600017242,1.4049870166565,"202166205",265,2021,66,205,14.16841638,4.48765687,8.870170594,NA,NA,9.175414615,"Community Garden/Urban Farm","Garden_food_producing_in_ground","Garden_food_producing_in_ground"
"767",767,767,"21.66.205.60-80",2021,66,205,60,80,7.6,11,5,1.21,1.4,291,12.5,0.450542020308213,NA,NA,NA,20,31.21,1.05,1.40097797374639,0.450542020308213,1.40097797374639,"202166205",265,2021,66,205,14.16841638,4.48765687,8.870170594,NA,NA,9.175414615,"Community Garden/Urban Farm","Garden_food_producing_in_ground","Garden_food_producing_in_ground"
"768",768,768,"21.66.206.0-10",2021,66,206,0,10,7,103,NA,6.213,1.2,690,77.5,0.883761053613227,NA,NA,NA,10,30.61,1.05,1.21873785415988,0.883761053613227,1.21873785415988,"202166206",266,2021,66,206,10.49786754,41.82388634,7.31918011,NA,NA,19.88031133,"Community Garden/Urban Farm","Garden_food_producing_in_ground","Garden_food_producing_in_ground"
"769",769,769,"21.66.206.10-20",2021,66,206,10,20,7,96,NA,5.994,1.2,653,48.5,1.21001064217348,NA,NA,NA,10,41.91,1.05,1.22615283499205,1.21001064217348,1.22615283499205,"202166206",266,2021,66,206,10.49786754,41.82388634,7.31918011,NA,NA,19.88031133,"Community Garden/Urban Farm","Garden_food_producing_in_ground","Garden_food_producing_in_ground"
"770",770,770,"21.66.206.20-40",2021,66,206,20,40,7.1,49,NA,1.35,NA,304,24,1.38656075138109,NA,NA,NA,20,96.05,1.05,1.39549541158866,1.38656075138109,1.39549541158866,"202166206",266,2021,66,206,10.49786754,41.82388634,7.31918011,NA,NA,19.88031133,"Community Garden/Urban Farm","Garden_food_producing_in_ground","Garden_food_producing_in_ground"
"771",771,771,"21.66.206.40-60",2021,66,206,40,60,7.2,54,NA,1.58,NA,330,12.5,0.541776418525064,NA,NA,NA,20,37.53,1.05,1.38653845792877,0.541776418525064,1.38653845792877,"202166206",266,2021,66,206,10.49786754,41.82388634,7.31918011,NA,NA,19.88031133,"Community Garden/Urban Farm","Garden_food_producing_in_ground","Garden_food_producing_in_ground"
"772",772,772,"21.66.206.60-80",2021,66,206,60,80,7.1,77,NA,2.851,NA,511,19.5,0.751528919488805,NA,NA,NA,20,52.06,1.05,1.33814664717156,0.751528919488805,1.33814664717156,"202166206",266,2021,66,206,10.49786754,41.82388634,7.31918011,NA,NA,19.88031133,"Community Garden/Urban Farm","Garden_food_producing_in_ground","Garden_food_producing_in_ground"
"773",773,773,"21.66.206.80-100",2021,66,206,80,100,7.3,23,NA,0.305,NA,246,0,2.01567389604729,NA,NA,NA,20,139.63,1.05,1.43698292786917,2.01567389604729,1.43698292786917,"202166206",266,2021,66,206,10.49786754,41.82388634,7.31918011,NA,NA,19.88031133,"Community Garden/Urban Farm","Garden_food_producing_in_ground","Garden_food_producing_in_ground"
"774",774,774,"21.67.207.0-10",2021,67,207,0,10,7.2,52,NA,7.961,NA,545,186,0.548849971551371,NA,NA,NA,10,19.01,1.05,1.16127693592368,0.548849971551371,1.16127693592368,"202167207",267,2021,67,207,24.5096819,12.11667355,17.25235312,NA,NA,17.95956952,"Community Garden/Urban Farm","Garden_food_producing_in_ground","Garden_food_producing_in_ground"
"775",775,775,"21.67.207.10-20",2021,67,207,10,20,7.2,28,NA,6.707,NA,557,206,0.89530971161536,NA,NA,NA,10,31.01,1.05,1.20219060597879,0.89530971161536,1.20219060597879,"202167207",267,2021,67,207,24.5096819,12.11667355,17.25235312,NA,NA,17.95956952,"Community Garden/Urban Farm","Garden_food_producing_in_ground","Garden_food_producing_in_ground"
"776",776,776,"21.67.207.20-40",2021,67,207,20,40,7.4,16,NA,8.756,NA,251,102,0.800321999547817,NA,NA,NA,20,55.44,1.05,1.13612907082135,0.800321999547817,1.13612907082135,"202167207",267,2021,67,207,24.5096819,12.11667355,17.25235312,NA,NA,17.95956952,"Community Garden/Urban Farm","Garden_food_producing_in_ground","Garden_food_producing_in_ground"
"777",777,777,"21.67.207.40-60",2021,67,207,40,60,7.6,14,5,4.36,NA,259,74.5,1.76578980852613,NA,NA,NA,20,122.32,1.05,1.28305106018114,1.76578980852613,1.28305106018114,"202167207",267,2021,67,207,24.5096819,12.11667355,17.25235312,NA,NA,17.95956952,"Community Garden/Urban Farm","Garden_food_producing_in_ground","Garden_food_producing_in_ground"
"778",778,778,"21.67.207.60-80",2021,67,207,60,80,7.6,20,10,4.148,NA,339,58.5,2.63006250176076,NA,NA,NA,20,182.19,1.05,1.29064087243825,NA,1.29064087243825,"202167207",267,2021,67,207,24.5096819,12.11667355,17.25235312,NA,NA,17.95956952,"Community Garden/Urban Farm","Garden_food_producing_in_ground","Garden_food_producing_in_ground"
"779",779,779,"21.67.207.80-100",2021,67,207,80,100,7.5,14,8,2.705,NA,281,23.5,3.79099134742518,NA,NA,NA,20,262.61,1.05,1.34361156857987,NA,1.34361156857987,"202167207",267,2021,67,207,24.5096819,12.11667355,17.25235312,NA,NA,17.95956952,"Community Garden/Urban Farm","Garden_food_producing_in_ground","Garden_food_producing_in_ground"
"780",780,780,"21.67.208.0-10",2021,67,208,0,10,5.8,25,NA,3.201,NA,449,87,1.05612477429506,NA,NA,NA,10,36.58,1.05,1.32514339871587,1.05612477429506,1.32514339871587,"202167208",268,2021,67,208,6.282719618,2.327027304,3.112340559,NA,NA,3.907362494,"Community Garden/Urban Farm","Garden_food_producing_in_ground","Garden_food_producing_in_ground"
"781",781,781,"21.67.208.10-20",2021,67,208,10,20,6.4,20,NA,2.522,NA,421,95.5,1.47938309007324,NA,NA,NA,10,51.24,1.05,1.35049551340887,1.47938309007324,1.35049551340887,"202167208",268,2021,67,208,6.282719618,2.327027304,3.112340559,NA,NA,3.907362494,"Community Garden/Urban Farm","Garden_food_producing_in_ground","Garden_food_producing_in_ground"
"782",782,782,"21.67.208.20-40",2021,67,208,20,40,7.4,21,NA,1.194,NA,324,40.5,1.51258548182937,NA,NA,NA,20,104.78,1.05,1.40160602780813,1.51258548182937,1.40160602780813,"202167208",268,2021,67,208,6.282719618,2.327027304,3.112340559,NA,NA,3.907362494,"Community Garden/Urban Farm","Garden_food_producing_in_ground","Garden_food_producing_in_ground"
"783",783,783,"21.67.208.40-60",2021,67,208,40,60,7,16,NA,0.31,NA,195,0,1.86886158119517,NA,NA,NA,20,129.46,1.05,1.43678129310595,1.86886158119517,1.43678129310595,"202167208",268,2021,67,208,6.282719618,2.327027304,3.112340559,NA,NA,3.907362494,"Community Garden/Urban Farm","Garden_food_producing_in_ground","Garden_food_producing_in_ground"
"784",784,784,"21.67.208.60-80",2021,67,208,60,80,7,18,NA,0.601,NA,256,19,1.32174390834412,NA,NA,NA,20,91.56,1.05,1.42509838609991,1.32174390834412,1.42509838609991,"202167208",268,2021,67,208,6.282719618,2.327027304,3.112340559,NA,NA,3.907362494,"Community Garden/Urban Farm","Garden_food_producing_in_ground","Garden_food_producing_in_ground"
"785",785,785,"21.67.208.80-100",2021,67,208,80,100,7.2,20,NA,0.423,NA,238,12.5,1.5278874536822,NA,NA,NA,20,105.84,1.05,1.432232448183,1.5278874536822,1.432232448183,"202167208",268,2021,67,208,6.282719618,2.327027304,3.112340559,NA,NA,3.907362494,"Community Garden/Urban Farm","Garden_food_producing_in_ground","Garden_food_producing_in_ground"
"786",786,786,"21.67.209.0-10",2021,67,209,0,10,6.3,349,NA,3.62,NA,1438,102,1.04486483274298,NA,NA,NA,10,36.19,1.05,1.30975612832252,1.04486483274298,1.30975612832252,"202167209",269,2021,67,209,3.968234213,3.485323862,4.852843058,NA,NA,4.102133711,"Community Garden/Urban Farm","Garden_food_producing_in_ground","Garden_food_producing_in_ground"
"787",787,787,"21.67.209.10-20",2021,67,209,10,20,6.5,241,NA,3.077,NA,1003,83,2.00195986466975,NA,NA,NA,10,69.34,1.05,1.32973456883852,2.00195986466975,1.32973456883852,"202167209",269,2021,67,209,3.968234213,3.485323862,4.852843058,NA,NA,4.102133711,"Community Garden/Urban Farm","Garden_food_producing_in_ground","Garden_food_producing_in_ground"
"788",788,788,"21.67.209.20-40",2021,67,209,20,40,6.7,224,NA,2.051,NA,910,61,1.49930452512692,NA,NA,NA,20,103.86,1.05,1.36838896615664,1.49930452512692,1.36838896615664,"202167209",269,2021,67,209,3.968234213,3.485323862,4.852843058,NA,NA,4.102133711,"Community Garden/Urban Farm","Garden_food_producing_in_ground","Garden_food_producing_in_ground"
"789",789,789,"21.67.209.40-60",2021,67,209,40,60,6.8,255,NA,2.111,NA,684,30,0.952475568725919,NA,NA,NA,20,65.98,1.05,1.36609539063211,0.952475568725919,1.36609539063211,"202167209",269,2021,67,209,3.968234213,3.485323862,4.852843058,NA,NA,4.102133711,"Community Garden/Urban Farm","Garden_food_producing_in_ground","Garden_food_producing_in_ground"
"790",790,790,"21.67.209.60-80",2021,67,209,60,80,7.2,141,NA,0.716,NA,706,9,2.25256574331604,NA,NA,NA,20,156.04,1.05,1.42050962761183,2.25256574331604,1.42050962761183,"202167209",269,2021,67,209,3.968234213,3.485323862,4.852843058,NA,NA,4.102133711,"Community Garden/Urban Farm","Garden_food_producing_in_ground","Garden_food_producing_in_ground"
"791",791,791,"21.67.209.80-100",2021,67,209,80,100,6.7,292,NA,1.472,NA,895,31.5,2.67481355151903,NA,NA,NA,20,185.29,1.05,1.39073659331079,NA,1.39073659331079,"202167209",269,2021,67,209,3.968234213,3.485323862,4.852843058,NA,NA,4.102133711,"Community Garden/Urban Farm","Garden_food_producing_in_ground","Garden_food_producing_in_ground"
"792",792,792,"21.68.210.0-10",2021,68,210,0,10,6.7,50,NA,4.062,NA,534,35,1.03620333924138,NA,NA,NA,10,35.89,1.05,1.29373362356733,1.03620333924138,1.29373362356733,"202168210",270,2021,68,210,2.19995552,2.697361818,5.402251986,NA,NA,3.433189775,"Community Garden/Urban Farm","Garden_food_producing_in_ground","Garden_food_producing_in_ground"
"793",793,793,"21.68.210.10-20",2021,68,210,10,20,6.8,29,NA,3.149,NA,437,29.5,1.57899026534163,NA,NA,NA,10,54.69,1.05,1.32706663754573,1.57899026534163,1.32706663754573,"202168210",270,2021,68,210,2.19995552,2.697361818,5.402251986,NA,NA,3.433189775,"Community Garden/Urban Farm","Garden_food_producing_in_ground","Garden_food_producing_in_ground"
"794",794,794,"21.68.210.20-40",2021,68,210,20,40,7.1,10,NA,1.216,NA,351,12,1.25490605015678,NA,NA,NA,20,86.93,1.05,1.40074253161121,1.25490605015678,1.40074253161121,"202168210",270,2021,68,210,2.19995552,2.697361818,5.402251986,NA,NA,3.433189775,"Community Garden/Urban Farm","Garden_food_producing_in_ground","Garden_food_producing_in_ground"
"795",795,795,"21.68.210.40-60",2021,68,210,40,60,7.2,11,NA,1.02,NA,373,10,0.611790157662995,NA,NA,NA,20,42.38,1.05,1.40845572436244,0.611790157662995,1.40845572436244,"202168210",270,2021,68,210,2.19995552,2.697361818,5.402251986,NA,NA,3.433189775,"Community Garden/Urban Farm","Garden_food_producing_in_ground","Garden_food_producing_in_ground"
"796",796,796,"21.68.210.60-80",2021,68,210,60,80,7.3,6,NA,0.383,NA,323,0,1.52341234870637,NA,NA,NA,20,105.53,1.05,1.43384088619585,1.52341234870637,1.43384088619585,"202168210",270,2021,68,210,2.19995552,2.697361818,5.402251986,NA,NA,3.433189775,"Community Garden/Urban Farm","Garden_food_producing_in_ground","Garden_food_producing_in_ground"
"797",797,797,"21.68.210.80-100",2021,68,210,80,100,7,10,NA,0.317,NA,273,0,1.05266017689442,NA,NA,NA,20,72.92,1.05,1.43649905552387,1.05266017689442,1.43649905552387,"202168210",270,2021,68,210,2.19995552,2.697361818,5.402251986,NA,NA,3.433189775,"Community Garden/Urban Farm","Garden_food_producing_in_ground","Garden_food_producing_in_ground"
"798",798,798,"21.68.211.0-10",2021,68,211,0,10,7.2,170,NA,5.777,NA,720,47,0.661449387072167,NA,NA,NA,10,22.91,1.05,1.23354857334129,0.661449387072167,1.23354857334129,"202168211",271,2021,68,211,8.364777269,5.11637258,2.701125993,NA,NA,5.394091947,"Community Garden/Urban Farm","Garden_food_producing_in_ground","Garden_food_producing_in_ground"
"799",799,799,"21.68.211.10-20",2021,68,211,10,20,7.1,154,NA,5.073,NA,823,46.5,1.34686223949876,NA,NA,NA,10,46.65,1.05,1.25787815330955,1.34686223949876,1.25787815330955,"202168211",271,2021,68,211,8.364777269,5.11637258,2.701125993,NA,NA,5.394091947,"Community Garden/Urban Farm","Garden_food_producing_in_ground","Garden_food_producing_in_ground"
"800",800,800,"21.68.211.20-40",2021,68,211,20,40,7.2,117,NA,2.425,NA,686,36.5,1.36750546567757,NA,NA,NA,20,94.73,1.05,1.35415981907163,1.36750546567757,1.35415981907163,"202168211",271,2021,68,211,8.364777269,5.11637258,2.701125993,NA,NA,5.394091947,"Community Garden/Urban Farm","Garden_food_producing_in_ground","Garden_food_producing_in_ground"
"801",801,801,"21.68.211.40-60",2021,68,211,40,60,7.5,65,30,1.694,1,449,27,1.39709890180804,NA,NA,NA,20,96.78,1.05,1.38212190533854,1.39709890180804,1.38212190533854,"202168211",271,2021,68,211,8.364777269,5.11637258,2.701125993,NA,NA,5.394091947,"Community Garden/Urban Farm","Garden_food_producing_in_ground","Garden_food_producing_in_ground"
"802",802,802,"21.68.211.60-80",2021,68,211,60,80,7.6,65,37,2.48,2.5,530,28,1.5148952134298,NA,NA,NA,20,104.94,1.05,1.35208080392424,1.5148952134298,1.35208080392424,"202168211",271,2021,68,211,8.364777269,5.11637258,2.701125993,NA,NA,5.394091947,"Community Garden/Urban Farm","Garden_food_producing_in_ground","Garden_food_producing_in_ground"
"803",803,803,"21.68.211.80-100",2021,68,211,80,100,7.5,90,46,3.108,2.6,634,26.5,1.24133637700427,NA,NA,NA,20,85.99,1.05,1.32858516583319,1.24133637700427,1.32858516583319,"202168211",271,2021,68,211,8.364777269,5.11637258,2.701125993,NA,NA,5.394091947,"Community Garden/Urban Farm","Garden_food_producing_in_ground","Garden_food_producing_in_ground"
"804",804,804,"21.68.212.0-10",2021,68,212,0,10,7.9,34,20,1.951,NA,378,35.5,1.52586643853182,NA,NA,NA,10,52.85,1.05,1.3722208288389,1.52586643853182,1.3722208288389,"202168212",272,2021,68,212,23.79226468,25.93303842,3.48123371,NA,NA,17.73551227,"Community Garden/Urban Farm","Garden_food_producing_in_ground","Garden_food_producing_in_ground"
"805",805,805,"21.68.212.10-20",2021,68,212,10,20,7.7,26,14,1.964,NA,509,44,1.33848946244721,NA,NA,NA,10,46.36,1.05,1.37172203279772,1.33848946244721,1.37172203279772,"202168212",272,2021,68,212,23.79226468,25.93303842,3.48123371,NA,NA,17.73551227,"Community Garden/Urban Farm","Garden_food_producing_in_ground","Garden_food_producing_in_ground"
"806",806,806,"21.68.212.20-40",2021,68,212,20,40,7.9,23,15,0.641,0.1,430,14,0.914653713768933,NA,NA,NA,20,63.36,1.05,1.42350049040108,0.914653713768933,1.42350049040108,"202168212",272,2021,68,212,23.79226468,25.93303842,3.48123371,NA,NA,17.73551227,"Community Garden/Urban Farm","Garden_food_producing_in_ground","Garden_food_producing_in_ground"
"807",807,807,"21.68.212.40-60",2021,68,212,40,60,8,25,18,0.291,0.1,433,0,1.70674729449023,NA,NA,NA,20,118.23,1.05,1.43754766702216,1.70674729449023,1.43754766702216,"202168212",272,2021,68,212,23.79226468,25.93303842,3.48123371,NA,NA,17.73551227,"Community Garden/Urban Farm","Garden_food_producing_in_ground","Garden_food_producing_in_ground"
"808",808,808,"21.68.212.60-80",2021,68,212,60,80,8.1,31,17,1.636,1.1,404,15,1.24826557180555,NA,NA,NA,20,86.47,1.05,1.38436702543262,1.24826557180555,1.38436702543262,"202168212",272,2021,68,212,23.79226468,25.93303842,3.48123371,NA,NA,17.73551227,"Community Garden/Urban Farm","Garden_food_producing_in_ground","Garden_food_producing_in_ground"
"809",809,809,"21.68.212.80-100",2021,68,212,80,100,7.7,39,17,2.064,0.2,514,53,1.68162896333559,NA,NA,NA,20,116.49,1.05,1.36789167246308,1.68162896333559,1.36789167246308,"202168212",272,2021,68,212,23.79226468,25.93303842,3.48123371,NA,NA,17.73551227,"Community Garden/Urban Farm","Garden_food_producing_in_ground","Garden_food_producing_in_ground"
"810",810,810,"21.69.213.0-10",2021,69,213,0,10,7.1,78,NA,8.628,NA,754,34.5,0.969509839279065,NA,NA,NA,10,33.58,1.05,1.140137413309,0.969509839279065,1.140137413309,"202169213",273,2021,69,213,6.731485305,5.435184225,8.077782366,NA,NA,6.748150632,"Community Garden/Urban Farm","Garden_food_producing_in_ground","Garden_food_producing_in_ground"
"811",811,811,"21.69.213.10-20",2021,69,213,10,20,7.2,37,NA,8.373,NA,1049,46,0.844784332856029,NA,NA,NA,10,29.26,1.05,1.14816905956588,0.844784332856029,1.14816905956588,"202169213",273,2021,69,213,6.731485305,5.435184225,8.077782366,NA,NA,6.748150632,"Community Garden/Urban Farm","Garden_food_producing_in_ground","Garden_food_producing_in_ground"
"812",812,812,"21.69.213.20-40",2021,69,213,20,40,7.2,13,NA,9.147,NA,712,36.5,0.657262998546394,NA,NA,NA,20,45.53,1.05,1.12398024550371,0.657262998546394,1.12398024550371,"202169213",273,2021,69,213,6.731485305,5.435184225,8.077782366,NA,NA,6.748150632,"Community Garden/Urban Farm","Garden_food_producing_in_ground","Garden_food_producing_in_ground"
"813",813,813,"21.69.213.40-60",2021,69,213,40,60,7.3,1,NA,8.946,NA,584,39.5,0.973696227804838,NA,NA,NA,20,67.45,1.05,1.13020765166029,0.973696227804838,1.13020765166029,"202169213",273,2021,69,213,6.731485305,5.435184225,8.077782366,NA,NA,6.748150632,"Community Garden/Urban Farm","Garden_food_producing_in_ground","Garden_food_producing_in_ground"
"814",814,814,"21.69.213.60-80",2021,69,213,60,80,7.3,1,NA,12.456,NA,515,28,0.742723067762178,NA,NA,NA,20,51.45,1.05,1.02670637413192,0.742723067762178,1.02670637413192,"202169213",273,2021,69,213,6.731485305,5.435184225,8.077782366,NA,NA,6.748150632,"Community Garden/Urban Farm","Garden_food_producing_in_ground","Garden_food_producing_in_ground"
"815",815,815,"21.69.213.80-100",2021,69,213,80,100,7.3,0,NA,15.526,NA,533,24.5,0.764088085066124,NA,NA,NA,20,52.93,1.05,0.9447413093134,0.764088085066124,0.9447413093134,"202169213",273,2021,69,213,6.731485305,5.435184225,8.077782366,NA,NA,6.748150632,"Community Garden/Urban Farm","Garden_food_producing_in_ground","Garden_food_producing_in_ground"
"816",816,816,"21.69.214.0-10",2021,69,214,0,10,6.8,34,NA,19.54,NA,897,49,0.375331385069322,NA,NA,NA,10,13,1.05,0.848408099176274,0.375331385069322,0.848408099176274,"202169214",274,2021,69,214,27.17592112,48.14020313,15.74123069,NA,NA,30.35245165,"Community Garden/Urban Farm","Garden_food_producing_in_ground","Garden_food_producing_in_ground"
"817",817,817,"21.69.214.10-20",2021,69,214,10,20,7.3,9,NA,5.542,NA,456,25,1.29142868108852,NA,NA,NA,10,44.73,1.05,1.24161257307558,1.29142868108852,1.24161257307558,"202169214",274,2021,69,214,27.17592112,48.14020313,15.74123069,NA,NA,30.35245165,"Community Garden/Urban Farm","Garden_food_producing_in_ground","Garden_food_producing_in_ground"
"818",818,818,"21.69.214.20-40",2021,69,214,20,40,7.4,2,NA,6.916,3.8,402,51.5,1.35956576330111,NA,NA,NA,20,94.18,1.05,1.19526373646608,1.35956576330111,1.19526373646608,"202169214",274,2021,69,214,27.17592112,48.14020313,15.74123069,NA,NA,30.35245165,"Community Garden/Urban Farm","Garden_food_producing_in_ground","Garden_food_producing_in_ground"
"819",819,819,"21.69.214.40-60",2021,69,214,40,60,7.4,0,NA,8.046,14.8,339,21.5,1.00040249943477,NA,NA,NA,20,69.3,1.05,1.15855928735542,1.00040249943477,1.15855928735542,"202169214",274,2021,69,214,27.17592112,48.14020313,15.74123069,NA,NA,30.35245165,"Community Garden/Urban Farm","Garden_food_producing_in_ground","Garden_food_producing_in_ground"
"820",820,820,"21.69.214.60-80",2021,69,214,60,80,7.2,1,NA,15.606,NA,460,18.5,0.859797588258801,NA,NA,NA,20,59.56,1.05,0.942705242146632,0.859797588258801,0.942705242146632,"202169214",274,2021,69,214,27.17592112,48.14020313,15.74123069,NA,NA,30.35245165,"Community Garden/Urban Farm","Garden_food_producing_in_ground","Garden_food_producing_in_ground"
"821",821,821,"21.69.214.80-100",2021,69,214,80,100,7.1,6,NA,16.093,NA,301,42,0.609769142512622,NA,NA,NA,20,42.24,1.05,0.930416119072375,0.609769142512622,0.930416119072375,"202169214",274,2021,69,214,27.17592112,48.14020313,15.74123069,NA,NA,30.35245165,"Community Garden/Urban Farm","Garden_food_producing_in_ground","Garden_food_producing_in_ground"
"822",822,822,"21.69.215.0-10",2021,69,215,0,10,6.7,30,NA,27.266,NA,1128,28,1.6107490748475,NA,NA,NA,10,55.79,1.05,0.692821998010746,1.6107490748475,0.692821998010746,"202169215",275,2021,69,215,58.12146715,4.936422557,3.423574615,NA,NA,22.16048811,"Community Garden/Urban Farm","Garden_food_producing_in_ground","Garden_food_producing_in_ground"
"823",823,823,"21.69.215.10-20",2021,69,215,10,20,7.2,60,NA,4.179,NA,465,31.5,0.281787255252045,NA,NA,NA,10,9.76,1.05,1.28952800936054,0.281787255252045,1.28952800936054,"202169215",275,2021,69,215,58.12146715,4.936422557,3.423574615,NA,NA,22.16048811,"Community Garden/Urban Farm","Garden_food_producing_in_ground","Garden_food_producing_in_ground"
"824",824,824,"21.69.215.20-40",2021,69,215,20,40,7.3,22,NA,6.314,NA,365,32.5,1.68754765056168,NA,NA,NA,20,116.9,1.05,1.21533462968386,1.68754765056168,1.21533462968386,"202169215",275,2021,69,215,58.12146715,4.936422557,3.423574615,NA,NA,22.16048811,"Community Garden/Urban Farm","Garden_food_producing_in_ground","Garden_food_producing_in_ground"
"825",825,825,"21.69.215.40-60",2021,69,215,40,60,7.3,18,NA,7.462,NA,512,45.5,1.18489231101885,NA,NA,NA,20,82.08,1.05,1.17737242698168,1.18489231101885,1.17737242698168,"202169215",275,2021,69,215,58.12146715,4.936422557,3.423574615,NA,NA,22.16048811,"Community Garden/Urban Farm","Garden_food_producing_in_ground","Garden_food_producing_in_ground"
"826",826,826,"21.69.215.60-80",2021,69,215,60,80,7.1,55,NA,10.207,NA,645,40,0.419649360152508,NA,NA,NA,20,29.07,1.05,1.09175657606711,0.419649360152508,1.09175657606711,"202169215",275,2021,69,215,58.12146715,4.936422557,3.423574615,NA,NA,22.16048811,"Community Garden/Urban Farm","Garden_food_producing_in_ground","Garden_food_producing_in_ground"
"827",827,827,"21.69.215.80-100",2021,69,215,80,100,7.1,10,NA,8.51,NA,630,33,0.595477678234983,NA,NA,NA,20,41.25,1.05,1.14384633937478,0.595477678234983,1.14384633937478,"202169215",275,2021,69,215,58.12146715,4.936422557,3.423574615,NA,NA,22.16048811,"Community Garden/Urban Farm","Garden_food_producing_in_ground","Garden_food_producing_in_ground"
"828",828,828,"21.70.216.0-10",2021,70,216,0,10,7.2,81,NA,8.031,NA,853,81,1.02378853188909,NA,NA,NA,10,35.46,1.05,1.15903836620423,1.02378853188909,1.15903836620423,"202170216",276,2021,70,216,12.19863352,51.15928832,40.77828919,NA,NA,34.71207034,"Community Garden/Urban Farm","Garden_food_producing_in_ground","Garden_food_producing_in_ground"
"829",829,829,"21.70.216.10-20",2021,70,216,10,20,7.1,92,NA,8.385,NA,851,91.5,1.00531067908568,NA,NA,NA,10,34.82,1.05,1.14778971289619,1.00531067908568,1.14778971289619,"202170216",276,2021,70,216,12.19863352,51.15928832,40.77828919,NA,NA,34.71207034,"Community Garden/Urban Farm","Garden_food_producing_in_ground","Garden_food_producing_in_ground"
"830",830,830,"21.70.216.20-40",2021,70,216,20,40,7.3,68,NA,5.423,NA,673,184,1.29113996463847,NA,NA,NA,20,89.44,1.05,1.24571789964065,1.29113996463847,1.24571789964065,"202170216",276,2021,70,216,12.19863352,51.15928832,40.77828919,NA,NA,34.71207034,"Community Garden/Urban Farm","Garden_food_producing_in_ground","Garden_food_producing_in_ground"
"831",831,831,"21.70.216.40-60",2021,70,216,40,60,7.4,38,NA,4.299,1.4,618,1595,1.62850513652578,NA,NA,NA,20,112.81,1.05,1.28522994987011,1.62850513652578,1.28522994987011,"202170216",276,2021,70,216,12.19863352,51.15928832,40.77828919,NA,NA,34.71207034,"Community Garden/Urban Farm","Garden_food_producing_in_ground","Garden_food_producing_in_ground"
"832",832,832,"21.70.216.60-80",2021,70,216,60,80,7.3,88,NA,4.854,NA,746,144.5,1.21203165732386,NA,NA,NA,20,83.96,1.05,1.26555255556639,1.21203165732386,1.26555255556639,"202170216",276,2021,70,216,12.19863352,51.15928832,40.77828919,NA,NA,34.71207034,"Community Garden/Urban Farm","Garden_food_producing_in_ground","Garden_food_producing_in_ground"
"833",833,833,"21.70.216.80-100",2021,70,216,80,100,7.4,54,NA,1.436,0.7,441,24.5,3.35474079139461,NA,NA,NA,20,232.39,1.05,1.39213901379789,NA,1.39213901379789,"202170216",276,2021,70,216,12.19863352,51.15928832,40.77828919,NA,NA,34.71207034,"Community Garden/Urban Farm","Garden_food_producing_in_ground","Garden_food_producing_in_ground"
"834",834,834,"21.70.217.0-10",2021,70,217,0,10,7.1,98,NA,7.668,NA,1003,76.5,0.831792092603629,NA,NA,NA,10,28.81,1.05,1.17069841899052,0.831792092603629,1.17069841899052,"202170217",277,2021,70,217,51.15928832,48.14020313,29.50528579,NA,NA,42.93492575,"Community Garden/Urban Farm","Garden_food_producing_in_ground","Garden_food_producing_in_ground"
"835",835,835,"21.70.217.10-20",2021,70,217,10,20,7.3,55,NA,5.665,NA,879,51.5,2.15122626934732,NA,NA,NA,10,74.51,1.05,1.23738471188955,2.15122626934732,1.23738471188955,"202170217",277,2021,70,217,51.15928832,48.14020313,29.50528579,NA,NA,42.93492575,"Community Garden/Urban Farm","Garden_food_producing_in_ground","Garden_food_producing_in_ground"
"836",836,836,"21.70.217.20-40",2021,70,217,20,40,7.1,57,NA,5.57,NA,717,89.5,1.83782456281444,NA,NA,NA,20,127.31,1.05,1.2406487536498,1.83782456281444,1.2406487536498,"202170217",277,2021,70,217,51.15928832,48.14020313,29.50528579,NA,NA,42.93492575,"Community Garden/Urban Farm","Garden_food_producing_in_ground","Garden_food_producing_in_ground"
"837",837,837,"21.70.217.40-60",2021,70,217,40,60,7.2,101,NA,5.912,NA,832,328.5,2.71638872032671,NA,NA,NA,20,188.17,1.05,1.22894184909779,NA,1.22894184909779,"202170217",277,2021,70,217,51.15928832,48.14020313,29.50528579,NA,NA,42.93492575,"Community Garden/Urban Farm","Garden_food_producing_in_ground","Garden_food_producing_in_ground"
"838",838,838,"21.70.217.60-80",2021,70,217,60,80,7.2,89,NA,5.719,NA,651,204.5,3.16288871033417,NA,NA,NA,20,219.1,1.05,1.23553352708791,NA,1.23553352708791,"202170217",277,2021,70,217,51.15928832,48.14020313,29.50528579,NA,NA,42.93492575,"Community Garden/Urban Farm","Garden_food_producing_in_ground","Garden_food_producing_in_ground"
"839",839,839,"21.70.218.0-10",2021,70,218,0,10,7.4,19,NA,5.459,NA,547,47.5,0.835256690004269,NA,NA,NA,10,28.93,1.05,1.24447439701613,0.835256690004269,1.24447439701613,"202170218",278,2021,70,218,32.31112946,25.72346828,18.63491734,NA,NA,25.55650503,"Community Garden/Urban Farm","Garden_food_producing_in_ground","Garden_food_producing_in_ground"
"840",840,840,"21.70.218.10-20",2021,70,218,10,20,7.5,26,15,5.361,NA,767,136,1.0336048911909,NA,NA,NA,10,35.8,1.05,1.24786265548304,1.0336048911909,1.24786265548304,"202170218",278,2021,70,218,32.31112946,25.72346828,18.63491734,NA,NA,25.55650503,"Community Garden/Urban Farm","Garden_food_producing_in_ground","Garden_food_producing_in_ground"
"841",841,841,"21.70.218.20-40",2021,70,218,20,40,7.5,96,31,5.088,4,899,411.5,1.78830969163029,NA,NA,NA,20,123.88,1.05,1.25735436215102,1.78830969163029,1.25735436215102,"202170218",278,2021,70,218,32.31112946,25.72346828,18.63491734,NA,NA,25.55650503,"Community Garden/Urban Farm","Garden_food_producing_in_ground","Garden_food_producing_in_ground"
"842",842,842,"21.70.218.40-60",2021,70,218,40,60,7.5,34,13,7.919,2.1,435,321,2.03530661465091,NA,NA,NA,20,140.99,1.05,1.16262234839629,2.03530661465091,1.16262234839629,"202170218",278,2021,70,218,32.31112946,25.72346828,18.63491734,NA,NA,25.55650503,"Community Garden/Urban Farm","Garden_food_producing_in_ground","Garden_food_producing_in_ground"
"843",843,843,"21.70.218.60-80",2021,70,218,60,80,7.5,30,14,3.915,1,503,306.5,1.36736110745255,NA,NA,NA,20,94.72,1.05,1.29903868351034,1.36736110745255,1.29903868351034,"202170218",278,2021,70,218,32.31112946,25.72346828,18.63491734,NA,NA,25.55650503,"Community Garden/Urban Farm","Garden_food_producing_in_ground","Garden_food_producing_in_ground"
"844",844,844,"21.70.218.80-100",2021,70,218,80,100,7.7,53,25,1.37,0.8,353,58,1.34411943322325,NA,NA,NA,20,93.11,1.05,1.39471407678295,1.34411943322325,1.39471407678295,"202170218",278,2021,70,218,32.31112946,25.72346828,18.63491734,NA,NA,25.55650503,"Community Garden/Urban Farm","Garden_food_producing_in_ground","Garden_food_producing_in_ground"
"845",845,845,"21.71.219.0-10",2021,71,219,0,10,7.3,167,NA,6.687,NA,1300,72,0.974129302479918,NA,NA,NA,10,33.74,1.05,1.20285575660812,0.974129302479918,1.20285575660812,"202171219",279,2021,71,219,20.91194317,13.07183035,6.535915175,NA,NA,13.5065629,"Community Garden/Urban Farm","Garden_food_producing_in_ground","Garden_food_producing_in_ground"
"846",846,846,"21.71.219.10-20",2021,71,219,10,20,7.3,166,NA,6.309,NA,982,54,1.57148363764025,NA,NA,NA,10,54.43,1.05,1.21550286231483,1.57148363764025,1.21550286231483,"202171219",279,2021,71,219,20.91194317,13.07183035,6.535915175,NA,NA,13.5065629,"Community Garden/Urban Farm","Garden_food_producing_in_ground","Garden_food_producing_in_ground"
"847",847,847,"21.71.219.20-40",2021,71,219,20,40,7.6,59,45,3.35,6.5,622,27,1.92660487120584,NA,NA,NA,20,133.46,1.05,1.31964925686441,1.92660487120584,1.31964925686441,"202171219",279,2021,71,219,20.91194317,13.07183035,6.535915175,NA,NA,13.5065629,"Community Garden/Urban Farm","Garden_food_producing_in_ground","Garden_food_producing_in_ground"
"848",848,848,"21.71.219.40-60",2021,71,219,40,60,7.6,17,65,5.842,11.5,574,40,1.97381001078956,NA,NA,NA,20,136.73,1.05,1.23132817911099,1.97381001078956,1.23132817911099,"202171219",279,2021,71,219,20.91194317,13.07183035,6.535915175,NA,NA,13.5065629,"Community Garden/Urban Farm","Garden_food_producing_in_ground","Garden_food_producing_in_ground"
"849",849,849,"21.71.219.60-80",2021,71,219,60,80,7.6,27,61,4.35,11.5,574,50.5,1.84100044376503,NA,NA,NA,20,127.53,1.05,1.28340798051232,1.84100044376503,1.28340798051232,"202171219",279,2021,71,219,20.91194317,13.07183035,6.535915175,NA,NA,13.5065629,"Community Garden/Urban Farm","Garden_food_producing_in_ground","Garden_food_producing_in_ground"
"850",850,850,"21.71.219.80-100",2021,71,219,80,100,7.7,26,66,4.462,12.5,592,33,1.59616889411981,NA,NA,NA,20,110.57,1.05,1.2794166160031,1.59616889411981,1.2794166160031,"202171219",279,2021,71,219,20.91194317,13.07183035,6.535915175,NA,NA,13.5065629,"Community Garden/Urban Farm","Garden_food_producing_in_ground","Garden_food_producing_in_ground"
"851",851,851,"21.71.220.0-10",2021,71,220,0,10,7.2,133,NA,4.512,NA,770,128.5,1.12917003615855,NA,NA,NA,10,39.11,1.05,1.27763910593147,1.12917003615855,1.27763910593147,"202171220",280,2021,71,220,19.67019053,30.9648324,19.52130738,NA,NA,23.38544344,"Community Garden/Urban Farm","Garden_food_producing_in_ground","Garden_food_producing_in_ground"
"852",852,852,"21.71.220.10-20",2021,71,220,10,20,7.1,201,NA,3.728,NA,915,116.5,1.44473711606684,NA,NA,NA,10,50.04,1.05,1.30582138281964,1.44473711606684,1.30582138281964,"202171220",280,2021,71,220,19.67019053,30.9648324,19.52130738,NA,NA,23.38544344,"Community Garden/Urban Farm","Garden_food_producing_in_ground","Garden_food_producing_in_ground"
"853",853,853,"21.71.220.20-40",2021,71,220,20,40,7.2,186,NA,2.047,NA,745,63,1.78932019920548,NA,NA,NA,20,123.95,1.05,1.36854201883789,1.78932019920548,1.36854201883789,"202171220",280,2021,71,220,19.67019053,30.9648324,19.52130738,NA,NA,23.38544344,"Community Garden/Urban Farm","Garden_food_producing_in_ground","Garden_food_producing_in_ground"
"854",854,854,"21.71.220.40-60",2021,71,220,40,60,7.2,154,NA,1.266,NA,607,29.5,1.94464964933417,NA,NA,NA,20,134.71,1.05,1.39878217009081,1.94464964933417,1.39878217009081,"202171220",280,2021,71,220,19.67019053,30.9648324,19.52130738,NA,NA,23.38544344,"Community Garden/Urban Farm","Garden_food_producing_in_ground","Garden_food_producing_in_ground"
"855",855,855,"21.71.220.60-80",2021,71,220,60,80,7.2,130,NA,1.123,NA,523,20,1.86294289396908,NA,NA,NA,20,129.05,1.05,1.40439667763044,1.86294289396908,1.40439667763044,"202171220",280,2021,71,220,19.67019053,30.9648324,19.52130738,NA,NA,23.38544344,"Community Garden/Urban Farm","Garden_food_producing_in_ground","Garden_food_producing_in_ground"
"856",856,856,"21.71.220.80-100",2021,71,220,80,100,7.3,106,NA,2.115,NA,634,27.5,1.48977688227516,NA,NA,NA,20,103.2,1.05,1.3659426331425,1.48977688227516,1.3659426331425,"202171220",280,2021,71,220,19.67019053,30.9648324,19.52130738,NA,NA,23.38544344,"Community Garden/Urban Farm","Garden_food_producing_in_ground","Garden_food_producing_in_ground"
"857",857,857,"21.71.221.0-10",2021,71,221,0,10,7.3,151,NA,12.852,NA,1060,45,0.617275770214009,NA,NA,NA,10,21.38,1.05,1.015702431412,0.617275770214009,1.015702431412,"202171221",281,2021,71,221,35.42104094,6.796381531,11.10695075,NA,NA,17.77479107,"Community Garden/Urban Farm","Garden_food_producing_in_ground","Garden_food_producing_in_ground"
"858",858,858,"21.71.221.10-20",2021,71,221,10,20,7.4,121,NA,5.533,NA,869,44,1.25764885643228,NA,NA,NA,10,43.56,1.05,1.24192254510046,1.25764885643228,1.24192254510046,"202171221",281,2021,71,221,35.42104094,6.796381531,11.10695075,NA,NA,17.77479107,"Community Garden/Urban Farm","Garden_food_producing_in_ground","Garden_food_producing_in_ground"
"859",859,859,"21.71.221.20-40",2021,71,221,20,40,7.6,59,40,3.17,3.9,579,43.5,1.27901387373623,NA,NA,NA,20,88.6,1.05,1.32628958177554,1.27901387373623,1.32628958177554,"202171221",281,2021,71,221,35.42104094,6.796381531,11.10695075,NA,NA,17.77479107,"Community Garden/Urban Farm","Garden_food_producing_in_ground","Garden_food_producing_in_ground"
"860",860,860,"21.71.221.40-60",2021,71,221,40,60,7.6,40,37,4.401,9.8,577,116,1.36216421135159,NA,NA,NA,20,94.36,1.05,1.28158881193791,1.36216421135159,1.28158881193791,"202171221",281,2021,71,221,35.42104094,6.796381531,11.10695075,NA,NA,17.77479107,"Community Garden/Urban Farm","Garden_food_producing_in_ground","Garden_food_producing_in_ground"
"861",861,861,"21.71.221.60-80",2021,71,221,60,80,7.7,2,38,5.37,NA,563,31.5,0.658562222571634,NA,NA,NA,20,45.62,1.05,1.24755107103003,0.658562222571634,1.24755107103003,"202171221",281,2021,71,221,35.42104094,6.796381531,11.10695075,NA,NA,17.77479107,"Community Garden/Urban Farm","Garden_food_producing_in_ground","Garden_food_producing_in_ground"
"862",862,862,"21.71.221.80-100",2021,71,221,80,100,7.9,3,23,6.428,26.1,377,21.5,1.43621998079026,NA,NA,NA,20,99.49,1.05,1.21150580201272,1.43621998079026,1.21150580201272,"202171221",281,2021,71,221,35.42104094,6.796381531,11.10695075,NA,NA,17.77479107,"Community Garden/Urban Farm","Garden_food_producing_in_ground","Garden_food_producing_in_ground"
"863",863,863,"21.72.222.0-10",2021,72,222,0,10,7.3,102,NA,10.226,NA,917,65.5,0.80061071599787,NA,NA,NA,10,27.73,1.05,1.09118832987307,0.80061071599787,1.09118832987307,"202172222",282,2021,72,222,22.21390151,5.925050566,12.5471659,NA,NA,13.56203933,"Community Garden/Urban Farm","Garden_food_producing_in_ground","Garden_food_producing_in_ground"
"864",864,864,"21.72.222.10-20",2021,72,222,10,20,7.3,81,NA,7.351,NA,823,72,1.16006269631426,NA,NA,NA,10,40.18,1.05,1.18098584668267,1.16006269631426,1.18098584668267,"202172222",282,2021,72,222,22.21390151,5.925050566,12.5471659,NA,NA,13.56203933,"Community Garden/Urban Farm","Garden_food_producing_in_ground","Garden_food_producing_in_ground"
"865",865,865,"21.72.222.20-40",2021,72,222,20,40,7.6,36,24,3.002,NA,662,26.5,1.21722855342482,NA,NA,NA,20,84.32,1.05,1.33251983241076,1.21722855342482,1.33251983241076,"202172222",282,2021,72,222,22.21390151,5.925050566,12.5471659,NA,NA,13.56203933,"Community Garden/Urban Farm","Garden_food_producing_in_ground","Garden_food_producing_in_ground"
"866",866,866,"21.72.222.40-60",2021,72,222,40,60,8,2,12,3.756,10.3,474,16,1.69216711376254,NA,NA,NA,20,117.22,1.05,1.30480335437445,1.69216711376254,1.30480335437445,"202172222",282,2021,72,222,22.21390151,5.925050566,12.5471659,NA,NA,13.56203933,"Community Garden/Urban Farm","Garden_food_producing_in_ground","Garden_food_producing_in_ground"
"867",867,867,"21.72.222.60-80",2021,72,222,60,80,8,5,3,5.461,NA,672,41,1.08254232947494,NA,NA,NA,20,74.99,1.05,1.2444053531231,1.08254232947494,1.2444053531231,"202172222",282,2021,72,222,22.21390151,5.925050566,12.5471659,NA,NA,13.56203933,"Community Garden/Urban Farm","Garden_food_producing_in_ground","Garden_food_producing_in_ground"
"868",868,868,"21.72.223.0-10",2021,72,223,0,10,7.1,103,NA,9.654,NA,921,48,0.866149350159975,NA,NA,NA,10,30,1.05,1.10843902589609,0.866149350159975,1.10843902589609,"202172223",283,2021,72,223,17.55752654,59.937763,29.50528579,NA,NA,35.66685844,"Community Garden/Urban Farm","Garden_food_producing_in_ground","Garden_food_producing_in_ground"
"869",869,869,"21.72.223.10-20",2021,72,223,10,20,7.2,101,NA,4.913,NA,724,44,1.39334558795735,NA,NA,NA,10,48.26,1.05,1.26348003064957,1.39334558795735,1.26348003064957,"202172223",283,2021,72,223,17.55752654,59.937763,29.50528579,NA,NA,35.66685844,"Community Garden/Urban Farm","Garden_food_producing_in_ground","Garden_food_producing_in_ground"
"870",870,870,"21.72.223.20-40",2021,72,223,20,40,7.4,59,NA,3.632,6.5,550,29,1.981605354941,NA,NA,NA,20,137.27,1.05,1.30931830109013,1.981605354941,1.30931830109013,"202172223",283,2021,72,223,17.55752654,59.937763,29.50528579,NA,NA,35.66685844,"Community Garden/Urban Farm","Garden_food_producing_in_ground","Garden_food_producing_in_ground"
"871",871,871,"21.72.223.40-60",2021,72,223,40,60,7.5,46,37,3.652,4.1,634,23,2.03169765902525,NA,NA,NA,20,140.74,1.05,1.30858894113148,2.03169765902525,1.30858894113148,"202172223",283,2021,72,223,17.55752654,59.937763,29.50528579,NA,NA,35.66685844,"Community Garden/Urban Farm","Garden_food_producing_in_ground","Garden_food_producing_in_ground"
"872",872,872,"21.72.223.60-80",2021,72,223,60,80,7.6,30,24,3.043,5.2,544,13,2.67827814891967,NA,NA,NA,20,185.53,1.05,1.33099644088495,NA,1.33099644088495,"202172223",283,2021,72,223,17.55752654,59.937763,29.50528579,NA,NA,35.66685844,"Community Garden/Urban Farm","Garden_food_producing_in_ground","Garden_food_producing_in_ground"
"873",873,873,"21.72.223.80-100",2021,72,223,80,100,NA,NA,NA,NA,NA,NA,0,0.00765098592641311,NA,NA,NA,20,0.53,1.05,NA,0.00765098592641311,NA,"202172223",283,2021,72,223,17.55752654,59.937763,29.50528579,NA,NA,35.66685844,"Community Garden/Urban Farm","Garden_food_producing_in_ground","Garden_food_producing_in_ground"
"874",874,874,"21.72.224.0-10",2021,72,224,0,10,7.2,139,NA,8.172,NA,1252,74.5,0.909456817667973,NA,NA,NA,10,31.5,1.05,1.15454357165567,0.909456817667973,1.15454357165567,"202172224",284,2021,72,224,14.16841638,12.02436732,37.69631771,NA,NA,21.29636714,"Community Garden/Urban Farm","Garden_food_producing_in_ground","Garden_food_producing_in_ground"
"875",875,875,"21.72.224.10-20",2021,72,224,10,20,7.3,142,NA,6.968,NA,1084,65.5,1.20567989542268,NA,NA,NA,10,41.76,1.05,1.19354707847664,1.20567989542268,1.19354707847664,"202172224",284,2021,72,224,14.16841638,12.02436732,37.69631771,NA,NA,21.29636714,"Community Garden/Urban Farm","Garden_food_producing_in_ground","Garden_food_producing_in_ground"
"876",876,876,"21.72.224.20-40",2021,72,224,20,40,7.5,84,54,4.04,4.6,729,127,1.42048493426236,NA,NA,NA,20,98.4,1.05,1.29452608204318,1.42048493426236,1.29452608204318,"202172224",284,2021,72,224,14.16841638,12.02436732,37.69631771,NA,NA,21.29636714,"Community Garden/Urban Farm","Garden_food_producing_in_ground","Garden_food_producing_in_ground"
"877",877,877,"21.72.224.40-60",2021,72,224,40,60,7.5,86,50,4.203,5.1,737,43.5,2.20564932018238,NA,NA,NA,20,152.79,1.05,1.28866715236584,2.20564932018238,1.28866715236584,"202172224",284,2021,72,224,14.16841638,12.02436732,37.69631771,NA,NA,21.29636714,"Community Garden/Urban Farm","Garden_food_producing_in_ground","Garden_food_producing_in_ground"
"878",878,878,"21.72.224.60-80",2021,72,224,60,80,7.6,NA,42,3.749,4.6,NA,23,1.60410859649627,NA,NA,NA,20,111.12,1.05,1.30505778088094,1.60410859649627,1.30505778088094,"202172224",284,2021,72,224,14.16841638,12.02436732,37.69631771,NA,NA,21.29636714,"Community Garden/Urban Farm","Garden_food_producing_in_ground","Garden_food_producing_in_ground"
"879",879,879,"C22.01.01.0-10",2022,1,1,0,10,6.5,35,NA,3.214,NA,490,0,0.546540239950944,NA,NA,NA,10,18.93,1.05,1.32466306019027,0.546540239950944,0.546540239950944,"202211",285,2022,1,1,5.055279973,4.124044189,2.694452668,NA,NA,3.95792561,"Residential","Maintained_lawn","Maintained_lawn"
"880",880,880,"C22.01.01.10-20",2022,1,1,10,20,NA,NA,NA,NA,NA,NA,7,0.500923040842519,NA,NA,NA,10,17.35,1.05,NA,0.500923040842519,0.500923040842519,"202211",285,2022,1,1,5.055279973,4.124044189,2.694452668,NA,NA,3.95792561,"Residential","Maintained_lawn","Maintained_lawn"
"881",881,881,"C22.01.01.20-40",2022,1,1,20,40,7.1,26,NA,0.444,NA,344,0,0.880873889112694,NA,NA,NA,20,61.02,1.05,1.4313887948072,0.880873889112694,0.880873889112694,"202211",285,2022,1,1,5.055279973,4.124044189,2.694452668,NA,NA,3.95792561,"Residential","Maintained_lawn","Maintained_lawn"
"882",882,882,"C22.01.01.40-60",2022,1,1,40,60,7.1,28,NA,0.309,NA,311,0,1.2333966746278,NA,NA,NA,20,85.44,1.05,1.43682161762571,1.2333966746278,1.2333966746278,"202211",285,2022,1,1,5.055279973,4.124044189,2.694452668,NA,NA,3.95792561,"Residential","Maintained_lawn","Maintained_lawn"
"883",883,883,"C22.01.01.60-80",2022,1,1,60,80,7.1,48,NA,0.503,NA,413,0,1.96716953243833,NA,NA,NA,20,136.27,1.05,1.42902138851734,1.96716953243833,1.96716953243833,"202211",285,2022,1,1,5.055279973,4.124044189,2.694452668,NA,NA,3.95792561,"Residential","Maintained_lawn","Maintained_lawn"
"884",884,884,"C22.01.02.0-10",2022,1,2,0,10,7.6,47,21,2.147,NA,483,14,1.21896085212514,NA,NA,NA,10,42.22,1.05,1.36472123653918,1.21896085212514,1.21896085212514,"202212",286,2022,1,2,4.591500101,3.98602756,8.381122061,NA,NA,5.652883241,"Residential","Garden_non_food_producing","Garden_non_food_producing"
"885",885,885,"C22.01.02.10-20",2022,1,2,10,20,7.8,26,10,0.379,NA,266,9,1.21809470277498,NA,NA,NA,10,42.19,1.05,1.43400183676342,1.21809470277498,1.21809470277498,"202212",286,2022,1,2,4.591500101,3.98602756,8.381122061,NA,NA,5.652883241,"Residential","Garden_non_food_producing","Garden_non_food_producing"
"886",886,886,"C22.01.02.20-40",2022,1,2,20,40,7.3,45,NA,1.996,NA,504,22,0.627958278865982,NA,NA,NA,20,43.5,1.05,1.37049506016044,0.627958278865982,0.627958278865982,"202212",286,2022,1,2,4.591500101,3.98602756,8.381122061,NA,NA,5.652883241,"Residential","Garden_non_food_producing","Garden_non_food_producing"
"887",887,887,"C22.01.02.40-60",2022,1,2,40,60,7.3,66,NA,1.528,NA,488,13,0.732906708460365,NA,NA,NA,20,50.77,1.05,1.38855807515969,0.732906708460365,0.732906708460365,"202212",286,2022,1,2,4.591500101,3.98602756,8.381122061,NA,NA,5.652883241,"Residential","Garden_non_food_producing","Garden_non_food_producing"
"888",888,888,"C22.01.02.60-80",2022,1,2,60,80,7.2,88,NA,0.976,NA,546,12,0.913354489743693,NA,NA,NA,20,63.27,1.05,1.4101935341717,0.913354489743693,0.913354489743693,"202212",286,2022,1,2,4.591500101,3.98602756,8.381122061,NA,NA,5.652883241,"Residential","Garden_non_food_producing","Garden_non_food_producing"
"889",889,889,"C22.01.02.80-100",2022,1,2,80,100,7.2,53,NA,0.741,NA,297,10,1.2523076021063,NA,NA,NA,20,86.75,1.05,1.41951417605676,1.2523076021063,1.2523076021063,"202212",286,2022,1,2,4.591500101,3.98602756,8.381122061,NA,NA,5.652883241,"Residential","Garden_non_food_producing","Garden_non_food_producing"
"890",890,890,"C22.01.03.0-10",2022,1,3,0,10,7.3,61,NA,3.399,NA,603,16,1.61190394064771,NA,NA,NA,10,55.83,1.05,1.31784784753329,1.61190394064771,1.61190394064771,"202213",287,2022,1,3,NA,NA,NA,NA,NA,NA,"Residential","Maintained_lawn","Maintained_lawn"
"891",891,891,"C22.01.03.10-20",2022,1,3,10,20,7.2,51,NA,1.131,NA,374,14,1.45657449051902,NA,NA,NA,10,50.45,1.05,1.4040819393524,1.45657449051902,1.45657449051902,"202213",287,2022,1,3,NA,NA,NA,NA,NA,NA,"Residential","Maintained_lawn","Maintained_lawn"
"892",892,892,"C22.01.03.20-40",2022,1,3,20,40,7.2,48,NA,1.156,NA,517,6,1.47909437362318,NA,NA,NA,20,102.46,1.05,1.40309887162816,1.47909437362318,1.47909437362318,"202213",287,2022,1,3,NA,NA,NA,NA,NA,NA,"Residential","Maintained_lawn","Maintained_lawn"
"893",893,893,"C22.01.03.40-60",2022,1,3,40,60,7.7,37,14,0.289,NA,491,9,1.16843547336581,NA,NA,NA,20,80.94,1.05,1.43762836351471,1.16843547336581,1.16843547336581,"202213",287,2022,1,3,NA,NA,NA,NA,NA,NA,"Residential","Maintained_lawn","Maintained_lawn"
"894",894,894,"C22.01.04.0-10",2022,1,4,0,10,6.4,321,NA,6.952,NA,1458,0,0.423258315778174,NA,NA,NA,10,14.66,1.05,1.19407499416637,0.423258315778174,0.423258315778174,"202214",288,2022,1,4,20.10168835,41.1074082,20.72664789,NA,NA,27.31191481,"Residential","Garden_food_producing_raised_beds","Garden_food_producing_raised_beds"
"895",895,895,"C22.01.04.10-20",2022,1,4,10,20,6.8,153,NA,4.985,NA,713,12,0.665780133822967,NA,NA,NA,10,23.06,1.05,1.26095583977054,0.665780133822967,0.665780133822967,"202214",288,2022,1,4,20.10168835,41.1074082,20.72664789,NA,NA,27.31191481,"Residential","Garden_food_producing_raised_beds","Garden_food_producing_raised_beds"
"896",896,896,"C22.01.04.20-40",2022,1,4,20,40,6.9,140,NA,3.47,NA,661,12,0.402037656699255,NA,NA,NA,20,27.85,1.05,1.315242361842,0.402037656699255,0.402037656699255,"202214",288,2022,1,4,20.10168835,41.1074082,20.72664789,NA,NA,27.31191481,"Residential","Garden_food_producing_raised_beds","Garden_food_producing_raised_beds"
"897",897,897,"C22.01.04.40-60",2022,1,4,40,60,7.7,22,14,2.815,NA,271,9,1.04515354919304,NA,NA,NA,20,72.4,1.05,1.33949192724886,1.04515354919304,1.04515354919304,"202214",288,2022,1,4,20.10168835,41.1074082,20.72664789,NA,NA,27.31191481,"Residential","Garden_food_producing_raised_beds","Garden_food_producing_raised_beds"
"898",898,898,"C22.01.04.60-80",2022,1,4,60,80,7.2,51,NA,0.665,NA,304,9,1.25808193110736,NA,NA,NA,20,87.15,1.05,1.4225426780203,1.25808193110736,1.25808193110736,"202214",288,2022,1,4,20.10168835,41.1074082,20.72664789,NA,NA,27.31191481,"Residential","Garden_food_producing_raised_beds","Garden_food_producing_raised_beds"
"899",899,899,"C22.02.01.0-10",2022,2,1,0,10,7.4,21,NA,3.272,NA,614,19,0.585805677158196,NA,NA,NA,10,20.29,1.05,1.32252230479055,0.585805677158196,0.585805677158196,"202221",289,2022,2,1,5.587414707,3.591909455,7.103557033,NA,NA,5.427627065,"Park/Green Space","Maintained_lawn","Maintained_lawn"
"900",900,900,"C22.02.01.10-20",2022,2,1,10,20,7.8,8,5,1.39,3,508,13,2.11542542954071,NA,NA,NA,10,73.27,1.05,1.39393321321325,2.11542542954071,2.11542542954071,"202221",289,2022,2,1,5.587414707,3.591909455,7.103557033,NA,NA,5.427627065,"Park/Green Space","Maintained_lawn","Maintained_lawn"
"901",901,901,"C22.02.01.20-40",2022,2,1,20,40,8,19,12,1.408,0.7,385,16,1.41485496348632,NA,NA,NA,20,98.01,1.05,1.39323083867239,1.41485496348632,1.41485496348632,"202221",289,2022,2,1,5.587414707,3.591909455,7.103557033,NA,NA,5.427627065,"Park/Green Space","Maintained_lawn","Maintained_lawn"
"902",902,902,"C22.02.01.40-60",2022,2,1,40,60,7.9,26,18,3.147,0.6,463,28,1.41485496348632,NA,NA,NA,20,98.01,1.05,1.3271406685326,1.41485496348632,1.41485496348632,"202221",289,2022,2,1,5.587414707,3.591909455,7.103557033,NA,NA,5.427627065,"Park/Green Space","Maintained_lawn","Maintained_lawn"
"903",903,903,"C22.02.01.60-80",2022,2,1,60,80,7.9,19,11,5.149,NA,360,31,1.03894614551689,NA,NA,NA,20,71.97,1.05,1.25522671807111,1.03894614551689,1.03894614551689,"202221",289,2022,2,1,5.587414707,3.591909455,7.103557033,NA,NA,5.427627065,"Park/Green Space","Maintained_lawn","Maintained_lawn"
"904",904,904,"C22.02.02.0-10",2022,2,2,0,10,6.3,6,NA,2.811,NA,448,26,1.03129515959048,NA,NA,NA,10,35.72,1.05,1.33964149301135,1.03129515959048,1.03129515959048,"202222",290,2022,2,2,1.086441749,2.26157262,2.563115636,NA,NA,1.970376668,"Park/Green Space","Maintained_lawn","Maintained_lawn"
"905",905,905,"C22.02.02.10-20",2022,2,2,10,20,6.4,4,NA,1.858,NA,376,17,1.18633589326911,NA,NA,NA,10,41.09,1.05,1.3757948494958,1.18633589326911,1.18633589326911,"202222",290,2022,2,2,1.086441749,2.26157262,2.563115636,NA,NA,1.970376668,"Park/Green Space","Maintained_lawn","Maintained_lawn"
"906",906,906,"C22.02.02.20-40",2022,2,2,20,40,6.8,6,NA,0.972,NA,308,15,1.11762137815642,NA,NA,NA,20,77.42,1.05,1.41035163128443,1.11762137815642,1.11762137815642,"202222",290,2022,2,2,1.086441749,2.26157262,2.563115636,NA,NA,1.970376668,"Park/Green Space","Maintained_lawn","Maintained_lawn"
"907",907,907,"C22.02.02.40-60",2022,2,2,40,60,6.9,16,NA,0.559,NA,357,16,1.1613619203395,NA,NA,NA,20,80.45,1.05,1.42677825290541,1.1613619203395,1.1613619203395,"202222",290,2022,2,2,1.086441749,2.26157262,2.563115636,NA,NA,1.970376668,"Park/Green Space","Maintained_lawn","Maintained_lawn"
"908",908,908,"C22.02.02.60-80",2022,2,2,60,80,6.8,20,NA,0.392,NA,412,16,1.26501112590864,NA,NA,NA,20,87.63,1.05,1.43347881841627,1.26501112590864,1.26501112590864,"202222",290,2022,2,2,1.086441749,2.26157262,2.563115636,NA,NA,1.970376668,"Park/Green Space","Maintained_lawn","Maintained_lawn"
"909",909,909,"C22.02.02.80-100",2022,2,2,80,100,6.7,19,NA,0.337,NA,497,14,1.47938309007324,NA,NA,NA,20,102.48,1.05,1.43569299073928,1.47938309007324,1.47938309007324,"202222",290,2022,2,2,1.086441749,2.26157262,2.563115636,NA,NA,1.970376668,"Park/Green Space","Maintained_lawn","Maintained_lawn"
"910",910,910,"C22.02.03.0-10",2022,2,3,0,10,7.1,16,NA,2.705,NA,538,25,1.229065927877,NA,NA,NA,10,42.57,1.05,1.34361156857987,1.229065927877,1.229065927877,"202223",291,2022,2,3,1.89572999,4.225391683,12.88763809,NA,NA,6.336253254,"Park/Green Space","Maintained_lawn","Maintained_lawn"
"911",911,911,"C22.02.03.10-20",2022,2,3,10,20,7.4,10,NA,1.436,NA,441,19,1.44387096671668,NA,NA,NA,10,50.01,1.05,1.39213901379789,1.44387096671668,1.44387096671668,"202223",291,2022,2,3,1.89572999,4.225391683,12.88763809,NA,NA,6.336253254,"Park/Green Space","Maintained_lawn","Maintained_lawn"
"912",912,912,"C22.02.03.20-40",2022,2,3,20,40,7.6,11,6,0.964,1.1,420,18,1.56224471123854,NA,NA,NA,20,108.22,1.05,1.41066788274349,1.56224471123854,1.56224471123854,"202223",291,2022,2,3,1.89572999,4.225391683,12.88763809,NA,NA,6.336253254,"Park/Green Space","Maintained_lawn","Maintained_lawn"
"913",913,913,"C22.02.03.40-60",2022,2,3,40,60,7.4,22,NA,1.48,0.5,276,13,1.49425198725098,NA,NA,NA,20,103.51,1.05,1.39042515107873,1.49425198725098,1.49425198725098,"202223",291,2022,2,3,1.89572999,4.225391683,12.88763809,NA,NA,6.336253254,"Park/Green Space","Maintained_lawn","Maintained_lawn"
"914",914,914,"C22.02.03.60-80",2022,2,3,60,80,7.5,31,20,1.032,NA,401,12,0.612656307013155,NA,NA,NA,20,42.44,1.05,1.40798217640093,0.612656307013155,0.612656307013155,"202223",291,2022,2,3,1.89572999,4.225391683,12.88763809,NA,NA,6.336253254,"Park/Green Space","Maintained_lawn","Maintained_lawn"
"915",915,915,"C22.02.03.80-100",2022,2,3,80,100,7.5,40,25,0.871,NA,558,7,1.19312072984537,NA,NA,NA,20,82.65,1.05,1.41434991182293,1.19312072984537,1.19312072984537,"202223",291,2022,2,3,1.89572999,4.225391683,12.88763809,NA,NA,6.336253254,"Park/Green Space","Maintained_lawn","Maintained_lawn"
"916",916,916,"C22.03.01.0-10",2022,3,1,0,10,7.5,33,18,5.815,0.8,410,142,3.90777715147175,NA,NA,NA,10,135.35,1.05,1.23224996813238,NA,1.23224996813238,"202231",292,2022,3,1,18.8856637,10.97527889,NA,NA,NA,14.9304713,"Park/Green Space","Maintained_lawn","Maintained_lawn"
"917",917,917,"C22.03.01.10-20",2022,3,1,10,20,7.6,12,12,2.379,0.2,381,147,4.90933451670674,NA,NA,NA,10,170.04,1.05,1.35590128248239,NA,1.35590128248239,"202231",292,2022,3,1,18.8856637,10.97527889,NA,NA,NA,14.9304713,"Park/Green Space","Maintained_lawn","Maintained_lawn"
"918",918,918,"C22.03.01.20-40",2022,3,1,20,40,7.8,12,9,2.793,1.2,482,159,3.67261760290332,NA,NA,NA,20,254.41,1.05,1.34031476231366,NA,1.34031476231366,"202231",292,2022,3,1,18.8856637,10.97527889,NA,NA,NA,14.9304713,"Park/Green Space","Maintained_lawn","Maintained_lawn"
"919",919,919,"C22.03.02.20-40",2022,3,2,20,40,7.6,21,13,5.821,NA,524,134,0.836122839354429,NA,NA,NA,20,57.92,1.05,1.23204506124277,0.836122839354429,0.836122839354429,"202232",293,2022,3,2,4.789212606,9.046290479,NA,NA,NA,6.917751543,"Park/Green Space","Maintained_lawn","Maintained_lawn"
"920",920,920,"C22.03.03.0-10",2022,3,3,0,10,7.6,29,12,5.999,NA,450,119,0.743444858887312,NA,NA,NA,10,25.75,1.05,1.22598299620391,0.743444858887312,0.743444858887312,"202233",294,2022,3,3,NA,NA,NA,NA,NA,NA,"Park/Green Space","Maintained_lawn","Maintained_lawn"
"921",921,921,"C22.03.03.10-20",2022,3,3,10,20,7.6,18,7,3.848,NA,317,136,1.55820268093779,NA,NA,NA,10,53.97,1.05,1.30146445133303,1.55820268093779,1.55820268093779,"202233",294,2022,3,3,NA,NA,NA,NA,NA,NA,"Park/Green Space","Maintained_lawn","Maintained_lawn"
"922",922,922,"C22.04.01.0-10",2022,4,1,0,10,7.2,17,NA,3.351,NA,452,106,1.13581051450978,NA,NA,NA,10,39.34,1.05,1.31961246678717,1.13581051450978,1.13581051450978,"202241",295,2022,4,1,8.203743816,7.275022203,6.064405077,NA,NA,7.181057032,"Park/Green Space","Maintained_lawn","Maintained_lawn"
"923",923,923,"C22.04.01.10-20",2022,4,1,10,20,7.5,14,7,2.641,NA,434,117,0.575123168506223,NA,NA,NA,10,19.92,1.05,1.34601474859556,0.575123168506223,0.575123168506223,"202241",295,2022,4,1,8.203743816,7.275022203,6.064405077,NA,NA,7.181057032,"Park/Green Space","Maintained_lawn","Maintained_lawn"
"924",924,924,"C22.04.01.20-40",2022,4,1,20,40,7.9,11,5,2.451,2.9,363,206,1.54521044068539,NA,NA,NA,20,107.04,1.05,1.35317658203313,1.54521044068539,1.54521044068539,"202241",295,2022,4,1,8.203743816,7.275022203,6.064405077,NA,NA,7.181057032,"Park/Green Space","Maintained_lawn","Maintained_lawn"
"925",925,925,"C22.04.01.40-60",2022,4,1,40,60,7.6,10,5,2.423,1.5,414,170,1.28652050143762,NA,NA,NA,20,89.12,1.05,1.35423548463555,1.28652050143762,1.28652050143762,"202241",295,2022,4,1,8.203743816,7.275022203,6.064405077,NA,NA,7.181057032,"Park/Green Space","Maintained_lawn","Maintained_lawn"
"926",926,926,"C22.04.01.60-80",2022,4,1,60,80,7.8,7,8,4.593,4,453,364,0.914653713768933,NA,NA,NA,20,63.36,1.05,1.27476522301119,0.914653713768933,0.914653713768933,"202241",295,2022,4,1,8.203743816,7.275022203,6.064405077,NA,NA,7.181057032,"Park/Green Space","Maintained_lawn","Maintained_lawn"
"927",927,927,"C22.04.01.80-100",2022,4,1,80,100,8,1,9,4.834,NA,509,1598,0.598509200960542,NA,NA,NA,20,41.46,1.05,1.26625594390199,0.598509200960542,0.598509200960542,"202241",295,2022,4,1,8.203743816,7.275022203,6.064405077,NA,NA,7.181057032,"Park/Green Space","Maintained_lawn","Maintained_lawn"
"928",928,928,"C22.04.02.0-10",2022,4,2,0,10,7.4,42,NA,3.369,NA,401,40,0.879141590412374,NA,NA,NA,10,30.45,1.05,1.31895043513234,0.879141590412374,0.879141590412374,"202242",296,2022,4,2,11.3167012,3.857976822,NA,NA,NA,7.587339011,"Park/Green Space","Maintained_lawn","Maintained_lawn"
"929",929,929,"C22.04.02.10-20",2022,4,2,10,20,7.5,23,11,1.832,NA,411,25,1.84547554874085,NA,NA,NA,10,63.92,1.05,1.37679583273115,1.84547554874085,1.84547554874085,"202242",296,2022,4,2,11.3167012,3.857976822,NA,NA,NA,7.587339011,"Park/Green Space","Maintained_lawn","Maintained_lawn"
"930",930,930,"C22.04.02.20-40",2022,4,2,20,40,7.9,NA,10,3.022,5.7,NA,46,2.20117421520655,NA,NA,NA,20,152.48,1.05,1.33177647922311,2.20117421520655,2.20117421520655,"202242",296,2022,4,2,11.3167012,3.857976822,NA,NA,NA,7.587339011,"Park/Green Space","Maintained_lawn","Maintained_lawn"
"931",931,931,"C22.04.02.40-60",2022,4,2,40,60,7.8,22,14,2.54,NA,464,41,0.537878746449344,NA,NA,NA,20,37.26,1.05,1.34981671777777,0.537878746449344,0.537878746449344,"202242",296,2022,4,2,11.3167012,3.857976822,NA,NA,NA,7.587339011,"Park/Green Space","Maintained_lawn","Maintained_lawn"
"932",932,932,"C22.04.03.0-10",2022,4,3,0,10,7.6,32,12,3.281,NA,526,46,1.04688584789336,NA,NA,NA,10,36.26,1.05,1.32219045416207,1.04688584789336,1.04688584789336,"202243",297,2022,4,3,18.02606412,5.678875365,7.20599119,NA,NA,10.30364356,"Park/Green Space","Maintained_lawn","Maintained_lawn"
"933",933,933,"C22.04.03.10-20",2022,4,3,10,20,7.7,29,10,2.155,NA,460,56,1.13638794740989,NA,NA,NA,10,39.36,1.05,1.3644160715606,1.13638794740989,1.13638794740989,"202243",297,2022,4,3,18.02606412,5.678875365,7.20599119,NA,NA,10.30364356,"Park/Green Space","Maintained_lawn","Maintained_lawn"
"934",934,934,"C22.04.03.20-40",2022,4,3,20,40,8,16,8,2.113,4.8,400,72,1.60266501424601,NA,NA,NA,20,111.02,1.05,1.36601900958335,1.60266501424601,1.60266501424601,"202243",297,2022,4,3,18.02606412,5.678875365,7.20599119,NA,NA,10.30364356,"Park/Green Space","Maintained_lawn","Maintained_lawn"
"935",935,935,"C22.04.03.40-60",2022,4,3,40,60,8.1,13,11,2.255,4.2,413,94,2.11297133971526,NA,NA,NA,20,146.37,1.05,1.36060771639957,2.11297133971526,2.11297133971526,"202243",297,2022,4,3,18.02606412,5.678875365,7.20599119,NA,NA,10.30364356,"Park/Green Space","Maintained_lawn","Maintained_lawn"
"936",936,936,"C22.04.03.60-80",2022,4,3,60,80,8,14,11,3.623,NA,321,70,0.824429823127269,NA,NA,NA,20,57.11,1.05,1.30964665665607,0.824429823127269,0.824429823127269,"202243",297,2022,4,3,18.02606412,5.678875365,7.20599119,NA,NA,10.30364356,"Park/Green Space","Maintained_lawn","Maintained_lawn"
"937",937,937,"C22.05.01.0-10",2022,5,1,0,10,7.6,31,20,2.131,NA,487,34,0.578010333006756,NA,NA,NA,10,20.02,1.05,1.36533178746748,0.578010333006756,0.578010333006756,"202251",298,2022,5,1,1.563145781,4.462171468,3.39235893,NA,NA,3.139225393,"Park/Green Space","Maintained_lawn","Maintained_lawn"
"938",938,938,"C22.05.01.10-20",2022,5,1,10,20,7.5,36,22,2.053,NA,486,36,0.747198172738005,NA,NA,NA,10,25.88,1.05,1.36831244674097,0.747198172738005,0.747198172738005,"202251",298,2022,5,1,1.563145781,4.462171468,3.39235893,NA,NA,3.139225393,"Park/Green Space","Maintained_lawn","Maintained_lawn"
"939",939,939,"C22.05.01.20-40",2022,5,1,20,40,7.6,40,25,1.686,NA,582,35,0.666790641398154,NA,NA,NA,20,46.19,1.05,1.38243134359433,0.666790641398154,0.666790641398154,"202251",298,2022,5,1,1.563145781,4.462171468,3.39235893,NA,NA,3.139225393,"Park/Green Space","Maintained_lawn","Maintained_lawn"
"940",940,940,"C22.05.01.40-60",2022,5,1,40,60,7.9,43,27,1.038,1.6,400,23,1.52817617013225,NA,NA,NA,20,105.86,1.05,1.40774546669285,1.52817617013225,1.52817617013225,"202251",298,2022,5,1,1.563145781,4.462171468,3.39235893,NA,NA,3.139225393,"Park/Green Space","Maintained_lawn","Maintained_lawn"
"941",941,941,"C22.05.01.60-80",2022,5,1,60,80,7.9,40.5,25,2.379,2.7,448,43,1.01021885873658,NA,NA,NA,20,69.98,1.05,1.35590128248239,1.01021885873658,1.01021885873658,"202251",298,2022,5,1,1.563145781,4.462171468,3.39235893,NA,NA,3.139225393,"Park/Green Space","Maintained_lawn","Maintained_lawn"
"942",942,942,"C22.05.01.80-100",2022,5,1,80,100,7.9,51,34,0.829,1.8,408,24,1.90134218182617,NA,NA,NA,20,131.71,1.05,1.41601615246653,1.90134218182617,1.90134218182617,"202251",298,2022,5,1,1.563145781,4.462171468,3.39235893,NA,NA,3.139225393,"Park/Green Space","Maintained_lawn","Maintained_lawn"
"943",943,943,"C22.06.01.0-10",2022,6,1,0,10,7.7,76,55,5.363,NA,761,66,1.58967277399361,NA,NA,NA,10,55.06,1.05,1.24779340718303,1.58967277399361,1.58967277399361,"202261",299,2022,6,1,5.454381024,4.390111556,16.42965991,NA,NA,8.75805083,"Community Garden/Urban Farm","Garden_food_producing_in_ground","Garden_food_producing_in_ground"
"944",944,944,"C22.06.01.10-20",2022,6,1,10,20,7.7,62,50,5.486,NA,677,62,0.836988988704589,NA,NA,NA,10,28.99,1.05,1.24354265582459,0.836988988704589,0.836988988704589,"202261",299,2022,6,1,5.454381024,4.390111556,16.42965991,NA,NA,8.75805083,"Community Garden/Urban Farm","Garden_food_producing_in_ground","Garden_food_producing_in_ground"
"945",945,945,"C22.06.01.20-40",2022,6,1,20,40,8,36,23,2.23,2.9,366,11,1.33011668539567,NA,NA,NA,20,92.14,1.05,1.36155872847234,1.33011668539567,1.33011668539567,"202261",299,2022,6,1,5.454381024,4.390111556,16.42965991,NA,NA,8.75805083,"Community Garden/Urban Farm","Garden_food_producing_in_ground","Garden_food_producing_in_ground"
"946",946,946,"C22.06.01.40-60",2022,6,1,40,60,7.7,59,30,2.117,1.6,396,13,1.98362637009137,NA,NA,NA,20,137.41,1.05,1.3658662613093,1.98362637009137,1.98362637009137,"202261",299,2022,6,1,5.454381024,4.390111556,16.42965991,NA,NA,8.75805083,"Community Garden/Urban Farm","Garden_food_producing_in_ground","Garden_food_producing_in_ground"
"947",947,947,"C22.06.01.60-80",2022,6,1,60,80,7.7,39,20,1.073,0.7,286,10,1.93440021535728,NA,NA,NA,20,134,1.05,1.40636551360083,1.93440021535728,1.93440021535728,"202261",299,2022,6,1,5.454381024,4.390111556,16.42965991,NA,NA,8.75805083,"Community Garden/Urban Farm","Garden_food_producing_in_ground","Garden_food_producing_in_ground"
"948",948,948,"C22.06.01.80-100",2022,6,1,80,100,7.7,21,14,0.615,0.4,278,11,2.02909921097477,NA,NA,NA,20,140.56,1.05,1.42453890328023,2.02909921097477,2.02909921097477,"202261",299,2022,6,1,5.454381024,4.390111556,16.42965991,NA,NA,8.75805083,"Community Garden/Urban Farm","Garden_food_producing_in_ground","Garden_food_producing_in_ground"
"949",949,949,"C22.06.02.0-10",2022,6,2,0,10,7.5,96,58,4.853,NA,772,196,1.31192754904231,NA,NA,NA,10,45.44,1.05,1.26558771490569,1.31192754904231,1.31192754904231,"202262",300,2022,6,2,15.43186528,13.23685151,9.990296922,NA,NA,12.8863379,"Community Garden/Urban Farm","Maintained_lawn","Maintained_lawn"
"950",950,950,"C22.06.02.10-20",2022,6,2,10,20,7.6,100,52,4.093,NA,651,275,0.927068521121226,NA,NA,NA,10,32.11,1.05,1.29261786977033,0.927068521121226,0.927068521121226,"202262",300,2022,6,2,15.43186528,13.23685151,9.990296922,NA,NA,12.8863379,"Community Garden/Urban Farm","Maintained_lawn","Maintained_lawn"
"951",951,951,"C22.06.02.20-40",2022,6,2,20,40,7.7,121,37,2.721,1.9,612,395,1.92633059057829,NA,NA,NA,20,133.441,1.05,1.34301149814367,1.92633059057829,1.92633059057829,"202262",300,2022,6,2,15.43186528,13.23685151,9.990296922,NA,NA,12.8863379,"Community Garden/Urban Farm","Maintained_lawn","Maintained_lawn"
"952",952,952,"C22.06.02.40-60",2022,6,2,40,60,7.7,124,37,1.246,0.6,611,120,1.98768283621462,NA,NA,NA,20,137.691,1.05,1.39956595991184,1.98768283621462,1.98768283621462,"202262",300,2022,6,2,15.43186528,13.23685151,9.990296922,NA,NA,12.8863379,"Community Garden/Urban Farm","Maintained_lawn","Maintained_lawn"
"953",953,953,"C22.06.02.60-80",2022,6,2,60,80,7.8,94,38,1.474,0.2,364,58,1.97151471501163,NA,NA,NA,20,136.571,1.05,1.39065872570666,1.97151471501163,1.97151471501163,"202262",300,2022,6,2,15.43186528,13.23685151,9.990296922,NA,NA,12.8863379,"Community Garden/Urban Farm","Maintained_lawn","Maintained_lawn"
"954",954,954,"C22.06.02.80-100",2022,6,2,80,100,8.1,83,34,0.799,0.5,390,49,1.24553720135255,NA,NA,NA,20,86.281,1.05,1.41720761746998,1.24553720135255,1.24553720135255,"202262",300,2022,6,2,15.43186528,13.23685151,9.990296922,NA,NA,12.8863379,"Community Garden/Urban Farm","Maintained_lawn","Maintained_lawn"
"955",955,955,"C22.06.03.0-10",2022,6,3,0,10,7.5,45,18,3.485,1,520,96,1.62463633609506,NA,NA,NA,10,56.271,1.05,1.31469262074638,1.62463633609506,1.62463633609506,"202263",301,2022,6,3,18.86282772,17.46558123,27.24630671,NA,NA,21.19157189,"Community Garden/Urban Farm","Garden_non_food_producing","Garden_non_food_producing"
"956",956,956,"C22.06.03.10-20",2022,6,3,10,20,7.6,42,15,2.26,NA,420,72,1.16182386665958,NA,NA,NA,10,40.241,1.05,1.36041760003151,1.16182386665958,1.16182386665958,"202263",301,2022,6,3,18.86282772,17.46558123,27.24630671,NA,NA,21.19157189,"Community Garden/Urban Farm","Garden_non_food_producing","Garden_non_food_producing"
"957",957,957,"C22.06.03.20-40",2022,6,3,20,40,7.8,43,18,1.106,0.5,338,60,1.76898012529922,NA,NA,NA,20,122.541,1.05,1.40506574871044,1.76898012529922,1.76898012529922,"202263",301,2022,6,3,18.86282772,17.46558123,27.24630671,NA,NA,21.19157189,"Community Garden/Urban Farm","Garden_non_food_producing","Garden_non_food_producing"
"958",958,958,"C22.06.03.40-60",2022,6,3,40,60,7.7,33,16,0.715,0.1,296,23,1.53338750205571,NA,NA,NA,20,106.221,1.05,1.42054946129057,1.53338750205571,1.53338750205571,"202263",301,2022,6,3,18.86282772,17.46558123,27.24630671,NA,NA,21.19157189,"Community Garden/Urban Farm","Garden_non_food_producing","Garden_non_food_producing"
"959",959,959,"C22.06.03.60-80",2022,6,3,60,80,7.7,30,11,0.666,0.4,262,34,1.94928354835753,NA,NA,NA,20,135.031,1.05,1.42250278421723,1.94928354835753,1.94928354835753,"202263",301,2022,6,3,18.86282772,17.46558123,27.24630671,NA,NA,21.19157189,"Community Garden/Urban Farm","Garden_non_food_producing","Garden_non_food_producing"
"960",960,960,"C22.07.01.0-10",2022,7,1,0,10,7.6,20,8,4.124,NA,503,96,0.924787661165805,NA,NA,NA,10,32.031,1.05,1.29150315884127,0.924787661165805,0.924787661165805,"202271",302,2022,7,1,8.913256795,15.69797465,16.60762644,NA,NA,13.7396193,"Park/Green Space","Maintained_lawn","Maintained_lawn"
"961",961,961,"C22.07.01.10-20",2022,7,1,10,20,7.6,20,9,3.088,NA,448,68,1.1629787324598,NA,NA,NA,10,40.281,1.05,1.32932659312517,1.1629787324598,1.1629787324598,"202271",302,2022,7,1,8.913256795,15.69797465,16.60762644,NA,NA,13.7396193,"Park/Green Space","Maintained_lawn","Maintained_lawn"
"962",962,962,"C22.07.01.20-40",2022,7,1,20,40,7.6,21,8,2.557,NA,457,76,1.02192631078625,NA,NA,NA,20,70.791,1.05,1.34917597134642,1.02192631078625,1.02192631078625,"202271",302,2022,7,1,8.913256795,15.69797465,16.60762644,NA,NA,13.7396193,"Park/Green Space","Maintained_lawn","Maintained_lawn"
"963",963,963,"C22.07.01.40-60",2022,7,1,40,60,7.6,26,13,1.231,NA,619,70,1.13192727825656,NA,NA,NA,20,78.411,1.05,1.40015411266953,1.13192727825656,1.13192727825656,"202271",302,2022,7,1,8.913256795,15.69797465,16.60762644,NA,NA,13.7396193,"Park/Green Space","Maintained_lawn","Maintained_lawn"
"964",964,964,"C22.07.01.60-80",2022,7,1,60,80,7.6,30,14,3.067,NA,649,83,0.915534298941596,NA,NA,NA,20,63.421,1.05,1.33010557334064,0.915534298941596,0.915534298941596,"202271",302,2022,7,1,8.913256795,15.69797465,16.60762644,NA,NA,13.7396193,"Park/Green Space","Maintained_lawn","Maintained_lawn"
"965",965,965,"C22.07.02.0-10",2022,7,2,0,10,7.5,19,8,4.327,NA,450,156,1.33851833409222,NA,NA,NA,10,46.361,1.05,1.28422930597687,1.33851833409222,1.33851833409222,"202272",303,2022,7,2,16.23010939,19.55595148,28.69939843,NA,NA,21.4951531,"Park/Green Space","Maintained_lawn","Maintained_lawn"
"966",966,966,"C22.07.02.10-20",2022,7,2,10,20,7.6,16,6,3.977,NA,443,96,1.12429072815265,NA,NA,NA,10,38.941,1.05,1.29679830639777,1.12429072815265,1.12429072815265,"202272",303,2022,7,2,16.23010939,19.55595148,28.69939843,NA,NA,21.4951531,"Park/Green Space","Maintained_lawn","Maintained_lawn"
"967",967,967,"C22.07.02.20-40",2022,7,2,20,40,7.8,15,6,3.364,4.4,411,77,1.60080279314316,NA,NA,NA,20,110.891,1.05,1.3191342967585,1.60080279314316,1.60080279314316,"202272",303,2022,7,2,16.23010939,19.55595148,28.69939843,NA,NA,21.4951531,"Park/Green Space","Maintained_lawn","Maintained_lawn"
"968",968,968,"C22.07.02.40-60",2022,7,2,40,60,7.8,23,9,2.342,4.2,299,54,1.73534465886801,NA,NA,NA,20,120.211,1.05,1.35730377936092,1.73534465886801,1.73534465886801,"202272",303,2022,7,2,16.23010939,19.55595148,28.69939843,NA,NA,21.4951531,"Park/Green Space","Maintained_lawn","Maintained_lawn"
"969",969,969,"C22.07.02.60-80",2022,7,2,60,80,7.7,21,9,2.404,3.5,395,65,1.2826372651844,NA,NA,NA,20,88.851,1.05,1.35495453521261,1.2826372651844,1.2826372651844,"202272",303,2022,7,2,16.23010939,19.55595148,28.69939843,NA,NA,21.4951531,"Park/Green Space","Maintained_lawn","Maintained_lawn"
"970",970,970,"C22.07.02.80-100",2022,7,2,80,100,7.6,26,10.5,1.696,0.7,252,36,1.68395313075852,NA,NA,NA,20,116.651,1.05,1.38204455744162,1.68395313075852,1.68395313075852,"202272",303,2022,7,2,16.23010939,19.55595148,28.69939843,NA,NA,21.4951531,"Park/Green Space","Maintained_lawn","Maintained_lawn"
"971",971,971,"C22.07.03.0-10",2022,7,3,0,10,7.4,13,NA,2.775,NA,351,94,1.45054031671291,NA,NA,NA,10,50.241,1.05,1.3409883972794,1.45054031671291,1.45054031671291,"202273",304,2022,7,3,15.69797465,16.96179465,11.3078631,NA,NA,14.65587747,"Park/Green Space","Maintained_lawn","Maintained_lawn"
"972",972,972,"C22.07.03.10-20",2022,7,3,10,20,7.5,14,6,2.868,NA,360,65,1.6015390200908,NA,NA,NA,10,55.471,1.05,1.33751188366234,1.6015390200908,1.6015390200908,"202273",304,2022,7,3,15.69797465,16.96179465,11.3078631,NA,NA,14.65587747,"Park/Green Space","Maintained_lawn","Maintained_lawn"
"973",973,973,"C22.07.03.20-40",2022,7,3,20,40,7.2,15,NA,2.181,NA,294,41,0.690046751449949,NA,NA,NA,20,47.801,1.05,1.36342479381854,0.690046751449949,0.690046751449949,"202273",304,2022,7,3,15.69797465,16.96179465,11.3078631,NA,NA,14.65587747,"Park/Green Space","Maintained_lawn","Maintained_lawn"
"974",974,974,"C22.07.03.40-60",2022,7,3,40,60,7.4,20,NA,2.142,NA,339,36,0.290896259251227,NA,NA,NA,20,20.151,1.05,1.36491200205062,0.290896259251227,0.290896259251227,"202273",304,2022,7,3,15.69797465,16.96179465,11.3078631,NA,NA,14.65587747,"Park/Green Space","Maintained_lawn","Maintained_lawn"
"975",975,975,"C22.07.03.60-80",2022,7,3,60,80,7.6,22,8,0.995,NA,384,43,1.25390997840409,NA,NA,NA,20,86.861,1.05,1.40944283333723,1.25390997840409,1.25390997840409,"202273",304,2022,7,3,15.69797465,16.96179465,11.3078631,NA,NA,14.65587747,"Park/Green Space","Maintained_lawn","Maintained_lawn"
"976",976,976,"C22.07.03.80-100",2022,7,3,80,100,7.7,16,6,1.6,NA,432,27,1.17898805961525,NA,NA,NA,20,81.671,1.05,1.38576252521062,1.17898805961525,1.17898805961525,"202273",304,2022,7,3,15.69797465,16.96179465,11.3078631,NA,NA,14.65587747,"Park/Green Space","Maintained_lawn","Maintained_lawn"
"977",977,977,"C22.08.01.0-10",2022,8,1,0,10,7.4,51,NA,3.289,NA,536,43,1.52040969762581,NA,NA,NA,10,52.661,1.05,1.32189555144913,1.52040969762581,1.52040969762581,"202281",305,2022,8,1,11.57393047,3.991010505,4.457527347,NA,NA,6.674156107,"Park/Green Space","Maintained_lawn","Maintained_lawn"
"978",978,978,"C22.08.01.10-20",2022,8,1,10,20,7.3,34,NA,2.631,NA,403,37,1.7060543750101,NA,NA,NA,10,59.091,1.05,1.34639066474297,1.7060543750101,1.7060543750101,"202281",305,2022,8,1,11.57393047,3.991010505,4.457527347,NA,NA,6.674156107,"Park/Green Space","Maintained_lawn","Maintained_lawn"
"979",979,979,"C22.08.01.20-40",2022,8,1,20,40,7.3,16,NA,4.447,NA,500,86,1.13423700985699,NA,NA,NA,20,78.571,1.05,1.27995039201491,1.13423700985699,1.13423700985699,"202281",305,2022,8,1,11.57393047,3.991010505,4.457527347,NA,NA,6.674156107,"Park/Green Space","Maintained_lawn","Maintained_lawn"
"980",980,980,"C22.08.01.40-60",2022,8,1,40,60,7.7,33,14,3.812,NA,426,54,1.01470839953491,NA,NA,NA,20,70.291,1.05,1.3027698752048,1.01470839953491,1.01470839953491,"202281",305,2022,8,1,11.57393047,3.991010505,4.457527347,NA,NA,6.674156107,"Park/Green Space","Maintained_lawn","Maintained_lawn"
"981",981,981,"C22.08.01.60-80",2022,8,1,60,80,7.8,30,9,0.805,1.4,340,18,1.52111705292844,NA,NA,NA,20,105.371,1.05,1.41696923820439,1.52111705292844,1.52111705292844,"202281",305,2022,8,1,11.57393047,3.991010505,4.457527347,NA,NA,6.674156107,"Park/Green Space","Maintained_lawn","Maintained_lawn"
"982",982,982,"C22.08.01.80-100",2022,8,1,80,100,7.8,26,10,0.816,1,361,16,1.48257340684633,NA,NA,NA,20,102.701,1.05,1.41653232159001,1.48257340684633,1.48257340684633,"202281",305,2022,8,1,11.57393047,3.991010505,4.457527347,NA,NA,6.674156107,"Park/Green Space","Maintained_lawn","Maintained_lawn"
"983",983,983,"C22.08.02.0-10",2022,8,2,0,10,7.4,51,NA,4.706,NA,636,48,0.461975191730325,NA,NA,NA,10,16.001,1.05,1.27076769189079,0.461975191730325,0.461975191730325,"202282",306,2022,8,2,26.30765605,9.534080652,8.913256795,NA,NA,14.91833117,"Park/Green Space","Maintained_lawn","Maintained_lawn"
"984",984,984,"C22.08.02.10-20",2022,8,2,10,20,7.8,19,12,1.377,NA,392,26,1.55736540323264,NA,NA,NA,10,53.941,1.05,1.39444072094501,1.55736540323264,1.55736540323264,"202282",306,2022,8,2,26.30765605,9.534080652,8.913256795,NA,NA,14.91833117,"Park/Green Space","Maintained_lawn","Maintained_lawn"
"985",985,985,"C22.08.02.20-40",2022,8,2,20,40,7.7,24,17,2.051,NA,385,29,0.978763201503274,NA,NA,NA,20,67.801,1.05,1.36838896615664,0.978763201503274,0.978763201503274,"202282",306,2022,8,2,26.30765605,9.534080652,8.913256795,NA,NA,14.91833117,"Park/Green Space","Maintained_lawn","Maintained_lawn"
"986",986,986,"C22.08.02.40-60",2022,8,2,40,60,NA,NA,NA,NA,NA,NA,134,1.36780861795013,NA,NA,NA,20,94.751,1.05,NA,1.36780861795013,1.36780861795013,"202282",306,2022,8,2,26.30765605,9.534080652,8.913256795,NA,NA,14.91833117,"Park/Green Space","Maintained_lawn","Maintained_lawn"
"987",987,987,"C22.08.03.0-10",2022,8,3,0,10,7.2,53,NA,3.443,NA,550,65,1.02583841868447,NA,NA,NA,10,35.531,1.05,1.31623252286527,1.02583841868447,1.02583841868447,"202283",307,2022,8,3,10.24359363,18.49168201,11.90651467,NA,NA,13.54726344,"Park/Green Space","Maintained_lawn","Maintained_lawn"
"988",988,988,"C22.08.03.10-20",2022,8,3,10,20,7.4,23,NA,2.483,NA,472,60,1.76524124727103,NA,NA,NA,10,61.141,1.05,1.3519675022687,1.76524124727103,1.76524124727103,"202283",307,2022,8,3,10.24359363,18.49168201,11.90651467,NA,NA,13.54726344,"Park/Green Space","Maintained_lawn","Maintained_lawn"
"989",989,989,"C22.08.03.20-40",2022,8,3,20,40,7.4,23,NA,2.541,0.5,385,36,0.89546850566289,NA,NA,NA,20,62.031,1.05,1.34977901771497,0.89546850566289,0.89546850566289,"202283",307,2022,8,3,10.24359363,18.49168201,11.90651467,NA,NA,13.54726344,"Park/Green Space","Maintained_lawn","Maintained_lawn"
"990",990,990,"C22.08.03.40-60",2022,8,3,40,60,7.5,23,15,2.186,0.2,430,33,1.32782138961774,NA,NA,NA,20,91.981,1.05,1.36323425259782,1.32782138961774,1.32782138961774,"202283",307,2022,8,3,10.24359363,18.49168201,11.90651467,NA,NA,13.54726344,"Park/Green Space","Maintained_lawn","Maintained_lawn"
"991",991,991,"C22.08.03.60-80",2022,8,3,60,80,7.5,22,16,1.376,0.2,341,16,1.28581314613499,NA,NA,NA,20,89.071,1.05,1.3944797682452,1.28581314613499,1.28581314613499,"202283",307,2022,8,3,10.24359363,18.49168201,11.90651467,NA,NA,13.54726344,"Park/Green Space","Maintained_lawn","Maintained_lawn"
"992",992,992,"C22.08.03.80-100",2022,8,3,80,100,7.5,33,21,0.807,0.2,345,13,1.06465634539414,NA,NA,NA,20,73.751,1.05,1.4168897880363,1.06465634539414,1.06465634539414,"202283",307,2022,8,3,10.24359363,18.49168201,11.90651467,NA,NA,13.54726344,"Park/Green Space","Maintained_lawn","Maintained_lawn"
"993",993,993,"C22.09.01.0-10",2022,9,1,0,10,7.4,20,NA,8.24,NA,919,150,0.724995877728904,NA,NA,NA,10,25.111,1.05,1.15238269291881,0.724995877728904,0.724995877728904,"202291",308,2022,9,1,5.853482074,6.119549441,12.50516625,NA,NA,8.159399255,"Park/Green Space","Maintained_lawn","Maintained_lawn"
"994",994,994,"C22.09.01.10-20",2022,9,1,10,20,7.5,18,10,5.65,NA,476,238,1.2495936674758,NA,NA,NA,10,43.281,1.05,1.23789946525759,1.2495936674758,1.2495936674758,"202291",308,2022,9,1,5.853482074,6.119549441,12.50516625,NA,NA,8.159399255,"Park/Green Space","Maintained_lawn","Maintained_lawn"
"995",995,995,"C22.09.01.20-40",2022,9,1,20,40,7.5,17,13,5.826,1.4,605,198,1.08804237784846,NA,NA,NA,20,75.371,1.05,1.23187433382874,1.08804237784846,1.08804237784846,"202291",308,2022,9,1,5.853482074,6.119549441,12.50516625,NA,NA,8.159399255,"Park/Green Space","Maintained_lawn","Maintained_lawn"
"996",996,996,"C22.09.01.40-60",2022,9,1,40,60,7.5,16,12,6.908,NA,486,220,0.749089265485854,NA,NA,NA,20,51.891,1.05,1.19552807677477,0.749089265485854,0.749089265485854,"202291",308,2022,9,1,5.853482074,6.119549441,12.50516625,NA,NA,8.159399255,"Park/Green Space","Maintained_lawn","Maintained_lawn"
"997",997,997,"C22.09.01.60-80",2022,9,1,60,80,7.1,15,NA,9.409,NA,598,153,0.847541574954038,NA,NA,NA,20,58.711,1.05,1.11591940860688,0.847541574954038,0.847541574954038,"202291",308,2022,9,1,5.853482074,6.119549441,12.50516625,NA,NA,8.159399255,"Park/Green Space","Maintained_lawn","Maintained_lawn"
"998",998,998,"C22.09.01.80-100",2022,9,1,80,100,7,8,NA,17.164,NA,670,98,0.797434835047283,NA,NA,NA,20,55.24,1.05,0.904016897266674,0.797434835047283,0.797434835047283,"202291",308,2022,9,1,5.853482074,6.119549441,12.50516625,NA,NA,8.159399255,"Park/Green Space","Maintained_lawn","Maintained_lawn"
"999",999,999,"C22.09.02.0-10",2022,9,2,0,10,7.2,13,NA,9.623,NA,623,132,0.656858795516319,NA,NA,NA,10,22.751,1.05,1.10938247115271,0.656858795516319,0.656858795516319,"202292",309,2022,9,2,12.17258204,15.36539045,23.81302935,NA,NA,17.11700061,"Park/Green Space","Maintained_lawn","Maintained_lawn"
"1000",1000,1000,"C22.09.02.10-20",2022,9,2,10,20,7.4,9,NA,6.642,NA,485,159,1.05615364594007,NA,NA,NA,10,36.581,1.05,1.20435381353199,1.05615364594007,1.05615364594007,"202292",309,2022,9,2,12.17258204,15.36539045,23.81302935,NA,NA,17.11700061,"Park/Green Space","Maintained_lawn","Maintained_lawn"
"1001",1001,1001,"C22.09.02.20-40",2022,9,2,20,40,7.5,11,7,5.5,NA,448,208,0.751687713536334,NA,NA,NA,20,52.071,1.05,1.24305982943509,0.751687713536334,0.751687713536334,"202292",309,2022,9,2,12.17258204,15.36539045,23.81302935,NA,NA,17.11700061,"Park/Green Space","Maintained_lawn","Maintained_lawn"
"1002",1002,1002,"C22.09.02.40-60",2022,9,2,40,60,7.6,10,7,5.419,1.5,470,171,1.0915069752491,NA,NA,NA,20,75.611,1.05,1.24585614997329,1.0915069752491,1.0915069752491,"202292",309,2022,9,2,12.17258204,15.36539045,23.81302935,NA,NA,17.11700061,"Park/Green Space","Maintained_lawn","Maintained_lawn"
"1003",1003,1003,"C22.09.02.60-80",2022,9,2,60,80,7.7,12,10,5.532,2.4,470,260,1.23918543945137,NA,NA,NA,20,85.841,1.05,1.24195699163145,1.23918543945137,1.23918543945137,"202292",309,2022,9,2,12.17258204,15.36539045,23.81302935,NA,NA,17.11700061,"Park/Green Space","Maintained_lawn","Maintained_lawn"
"1004",1004,1004,"C22.09.02.80-100",2022,9,2,80,100,7.6,10,13,4.174,1.9,544,265,1.64829664917693,NA,NA,NA,20,114.181,1.05,1.28970743302524,1.64829664917693,1.64829664917693,"202292",309,2022,9,2,12.17258204,15.36539045,23.81302935,NA,NA,17.11700061,"Park/Green Space","Maintained_lawn","Maintained_lawn"
"1005",1005,1005,"C22.09.03.0-10",2022,9,3,0,10,7.4,12,NA,6.249,NA,531,231,0.917281033464418,NA,NA,NA,10,31.771,1.05,1.21752363427362,0.917281033464418,0.917281033464418,"202293",310,2022,9,3,19.28988411,19.2201884,36.9833364,NA,NA,25.16446964,"Park/Green Space","Maintained_lawn","Maintained_lawn"
"1006",1006,1006,"C22.09.03.10-20",2022,9,3,10,20,7.6,17,7,4.518,NA,512,107,1.17539353981209,NA,NA,NA,10,40.711,1.05,1.27742598482476,1.17539353981209,1.17539353981209,"202293",310,2022,9,3,19.28988411,19.2201884,36.9833364,NA,NA,25.16446964,"Park/Green Space","Maintained_lawn","Maintained_lawn"
"1007",1007,1007,"C22.09.03.20-40",2022,9,3,20,40,7.8,12,6,5.371,2.3,476,255,1.17913241784028,NA,NA,NA,20,81.681,1.05,1.24751645575658,1.17913241784028,1.17913241784028,"202293",310,2022,9,3,19.28988411,19.2201884,36.9833364,NA,NA,25.16446964,"Park/Green Space","Maintained_lawn","Maintained_lawn"
"1008",1008,1008,"C22.09.03.40-60",2022,9,3,40,60,7.7,11,10,4.142,2.9,479,200,1.567456043162,NA,NA,NA,20,108.581,1.05,1.29085638551822,1.567456043162,1.567456043162,"202293",310,2022,9,3,19.28988411,19.2201884,36.9833364,NA,NA,25.16446964,"Park/Green Space","Maintained_lawn","Maintained_lawn"
"1009",1009,1009,"C22.09.03.60-80",2022,9,3,60,80,7.7,8,10,5.244,NA,518,267,0.884785997010917,NA,NA,NA,20,61.291,1.05,1.25192096050264,0.884785997010917,0.884785997010917,"202293",310,2022,9,3,19.28988411,19.2201884,36.9833364,NA,NA,25.16446964,"Park/Green Space","Maintained_lawn","Maintained_lawn"
"1010",1010,1010,"C22.09.03.80-100",2022,9,3,80,100,7.6,8,15,5.492,1.8,552,239,1.17956549251536,NA,NA,NA,20,81.711,1.05,1.24333570526126,1.17956549251536,1.17956549251536,"202293",310,2022,9,3,19.28988411,19.2201884,36.9833364,NA,NA,25.16446964,"Park/Green Space","Maintained_lawn","Maintained_lawn"
"1011",1011,1011,"C22.10.01.0-10",2022,10,1,0,10,7.6,33,16,1.377,NA,381,22,1.44389983836168,NA,NA,NA,10,50.011,1.05,1.39444072094501,1.44389983836168,1.44389983836168,"2022101",311,2022,10,1,6.0530326,7.250335751,12.57168309,NA,NA,8.625017147,"Park/Green Space","Maintained_lawn","Maintained_lawn"
"1012",1012,1012,"C22.10.01.10-20",2022,10,1,10,20,7.7,14,8,1.068,0.3,366,14,1.55505567163221,NA,NA,NA,10,53.861,1.05,1.40656256056907,1.55505567163221,1.55505567163221,"2022101",311,2022,10,1,6.0530326,7.250335751,12.57168309,NA,NA,8.625017147,"Park/Green Space","Maintained_lawn","Maintained_lawn"
"1013",1013,1013,"C22.10.01.20-40",2022,10,1,20,40,8.1,8,2,1.086,2.7,270,0,1.91925703755198,NA,NA,NA,20,132.951,1.05,1.40585333054915,1.91925703755198,1.91925703755198,"2022101",311,2022,10,1,6.0530326,7.250335751,12.57168309,NA,NA,8.625017147,"Park/Green Space","Maintained_lawn","Maintained_lawn"
"1014",1014,1014,"C22.10.01.40-60",2022,10,1,40,60,8,8,4,1.203,3.5,237,0,2.92602573471043,NA,NA,NA,20,202.692,1.05,1.4012527101004,NA,1.4012527101004,"2022101",311,2022,10,1,6.0530326,7.250335751,12.57168309,NA,NA,8.625017147,"Park/Green Space","Maintained_lawn","Maintained_lawn"
"1015",1015,1015,"C22.10.01.60-80",2022,10,1,60,80,8.1,7,4,0.952,3.6,353,12,3.66916744132518,NA,NA,NA,20,254.171,1.05,1.41114240305064,NA,1.41114240305064,"2022101",311,2022,10,1,6.0530326,7.250335751,12.57168309,NA,NA,8.625017147,"Park/Green Space","Maintained_lawn","Maintained_lawn"
"1016",1016,1016,"C22.10.02.0-10",2022,10,2,0,10,7.5,32,16,1.428,NA,430,23,1.32119534708902,NA,NA,NA,10,45.761,1.05,1.39245086966823,1.32119534708902,1.32119534708902,"2022102",312,2022,10,2,20.48718726,13.83550309,21.68449041,NA,NA,18.66906025,"Park/Green Space","Maintained_lawn","Maintained_lawn"
"1017",1017,1017,"C22.10.02.10-20",2022,10,2,10,20,7.6,15,8,1.122,NA,321,16,1.42802043360875,NA,NA,NA,10,49.461,1.05,1.40443602525587,1.42802043360875,1.42802043360875,"2022102",312,2022,10,2,20.48718726,13.83550309,21.68449041,NA,NA,18.66906025,"Park/Green Space","Maintained_lawn","Maintained_lawn"
"1018",1018,1018,"C22.10.02.20-40",2022,10,2,20,40,7.8,19,7,1.85,3,249,6,1.77186728979976,NA,NA,NA,20,122.741,1.05,1.37610276072587,1.77186728979976,1.77186728979976,"2022102",312,2022,10,2,20.48718726,13.83550309,21.68449041,NA,NA,18.66906025,"Park/Green Space","Maintained_lawn","Maintained_lawn"
"1019",1019,1019,"C22.10.02.40-60",2022,10,2,40,60,7.9,17,8,1.677,2.8,586,12,2.9583475412939,NA,NA,NA,20,204.931,1.05,1.38277955090188,NA,1.38277955090188,"2022102",312,2022,10,2,20.48718726,13.83550309,21.68449041,NA,NA,18.66906025,"Park/Green Space","Maintained_lawn","Maintained_lawn"
"1020",1020,1020,"C22.10.02.60-80",2022,10,2,60,80,8,15,8,2.101,3.3,269,8,4.11768844648302,NA,NA,NA,20,285.241,1.05,1.36647736500442,NA,1.36647736500442,"2022102",312,2022,10,2,20.48718726,13.83550309,21.68449041,NA,NA,18.66906025,"Park/Green Space","Maintained_lawn","Maintained_lawn"
"1021",1021,1021,"C22.10.02.80-100",2022,10,2,80,100,8,19,8,2.007,3.1,287,7,4.317913304595,NA,NA,NA,20,299.111,1.05,1.37007356178055,NA,1.37007356178055,"2022102",312,2022,10,2,20.48718726,13.83550309,21.68449041,NA,NA,18.66906025,"Park/Green Space","Maintained_lawn","Maintained_lawn"
"1022",1022,1022,"C22.10.03.0-10",2022,10,3,0,10,7.5,36,21,1.344,NA,445,16,1.49240420197064,NA,NA,NA,10,51.691,1.05,1.39572990396391,1.49240420197064,1.49240420197064,"2022103",313,2022,10,3,18.8907806,18.22561464,22.88179356,NA,NA,19.99939627,"Park/Green Space","Maintained_lawn","Maintained_lawn"
"1023",1023,1023,"C22.10.03.10-20",2022,10,3,10,20,7.6,19,12,1.257,NA,395,12,1.39568419120278,NA,NA,NA,10,48.341,1.05,1.39913481699453,1.39568419120278,1.39568419120278,"2022103",313,2022,10,3,18.8907806,18.22561464,22.88179356,NA,NA,19.99939627,"Park/Green Space","Maintained_lawn","Maintained_lawn"
"1024",1024,1024,"C22.10.03.20-40",2022,10,3,20,40,8,28,13,3.135,3.5,327,57,1.76522681144853,NA,NA,NA,20,122.281,1.05,1.32758494825794,1.76522681144853,1.76522681144853,"2022103",313,2022,10,3,18.8907806,18.22561464,22.88179356,NA,NA,19.99939627,"Park/Green Space","Maintained_lawn","Maintained_lawn"
"1025",1025,1025,"C22.10.03.40-60",2022,10,3,40,60,8.1,32,16,2.611,3.8,277,16,3.20332344916414,NA,NA,NA,20,221.901,1.05,1.34714283730781,NA,1.34714283730781,"2022103",313,2022,10,3,18.8907806,18.22561464,22.88179356,NA,NA,19.99939627,"Park/Green Space","Maintained_lawn","Maintained_lawn"
"1026",1026,1026,"C22.10.03.60-80",2022,10,3,60,80,8.2,15,8,3.415,5.9,259,11,4.01678204718939,NA,NA,NA,20,278.251,1.05,1.31726020866955,NA,1.31726020866955,"2022103",313,2022,10,3,18.8907806,18.22561464,22.88179356,NA,NA,19.99939627,"Park/Green Space","Maintained_lawn","Maintained_lawn"
"1027",1027,1027,"C22.10.03.80-100",2022,10,3,80,100,8.1,19,10,3.068,4.6,149,11,3.95976054830385,NA,NA,NA,20,274.301,1.05,1.33006846785413,NA,1.33006846785413,"2022103",313,2022,10,3,18.8907806,18.22561464,22.88179356,NA,NA,19.99939627,"Park/Green Space","Maintained_lawn","Maintained_lawn"
"1028",1028,1028,"C22.11.01.0-10",2022,11,1,0,10,7.5,30,17,4.958,NA,376,16,0.63087431501152,NA,NA,NA,10,21.851,1.05,1.26190176895994,0.63087431501152,0.63087431501152,"2022111",314,2022,11,1,34.58875771,35.38695981,13.96853677,NA,NA,27.9814181,"Park/Green Space","Natural_vegetation","Natural_vegetation"
"1029",1029,1029,"C22.11.01.10-20",2022,11,1,10,20,7.7,20,11,4.03,1.5,230,29,1.61857329064394,NA,NA,NA,10,56.061,1.05,1.29488646432858,1.61857329064394,1.61857329064394,"2022111",314,2022,11,1,34.58875771,35.38695981,13.96853677,NA,NA,27.9814181,"Park/Green Space","Natural_vegetation","Natural_vegetation"
"1030",1030,1030,"C22.11.01.20-40",2022,11,1,20,40,7.8,16,9,1.659,3.6,593,10,1.6296744381485,NA,NA,NA,20,112.891,1.05,1.38347624917967,1.6296744381485,1.6296744381485,"2022111",314,2022,11,1,34.58875771,35.38695981,13.96853677,NA,NA,27.9814181,"Park/Green Space","Natural_vegetation","Natural_vegetation"
"1031",1031,1031,"C22.11.01.40-60",2022,11,1,40,60,8.1,10,5,1.115,3.7,326,0,2.35117684683175,NA,NA,NA,20,162.871,1.05,1.40471149187011,2.35117684683175,2.35117684683175,"2022111",314,2022,11,1,34.58875771,35.38695981,13.96853677,NA,NA,27.9814181,"Park/Green Space","Natural_vegetation","Natural_vegetation"
"1032",1032,1032,"C22.11.01.60-80",2022,11,1,60,80,8,13,6,1.208,4.4,277,7,3.48554377909127,NA,NA,NA,20,241.451,1.05,1.40105646392805,NA,1.40105646392805,"2022111",314,2022,11,1,34.58875771,35.38695981,13.96853677,NA,NA,27.9814181,"Park/Green Space","Natural_vegetation","Natural_vegetation"
"1033",1033,1033,"C22.11.01.80-100",2022,11,1,80,100,8,14,6,1.545,3.2,266,0,4.20343723214886,NA,NA,NA,20,291.181,1.05,1.38789746710693,NA,1.38789746710693,"2022111",314,2022,11,1,34.58875771,35.38695981,13.96853677,NA,NA,27.9814181,"Park/Green Space","Natural_vegetation","Natural_vegetation"
"1034",1034,1034,"C22.11.02.0-10",2022,11,2,0,10,7.7,21,10,2.482,NA,353,32,1.29925289688497,NA,NA,NA,10,45.001,1.05,1.35200526834797,1.29925289688497,1.29925289688497,"2022112",315,2022,11,2,24.74426516,25.71977546,19.02381674,NA,NA,23.16261912,"Park/Green Space","Natural_vegetation","Natural_vegetation"
"1035",1035,1035,"C22.11.02.10-20",2022,11,2,10,20,7.7,19,8,1.766,NA,372,16,1.51117077122411,NA,NA,NA,10,52.341,1.05,1.3793403187758,1.51117077122411,1.51117077122411,"2022112",315,2022,11,2,24.74426516,25.71977546,19.02381674,NA,NA,23.16261912,"Park/Green Space","Natural_vegetation","Natural_vegetation"
"1036",1036,1036,"C22.11.02.20-40",2022,11,2,20,40,7.6,16,8,2.424,2.2,360,11,1.44749435816485,NA,NA,NA,20,100.271,1.05,1.35419765128298,1.44749435816485,1.44749435816485,"2022112",315,2022,11,2,24.74426516,25.71977546,19.02381674,NA,NA,23.16261912,"Park/Green Space","Natural_vegetation","Natural_vegetation"
"1037",1037,1037,"C22.11.02.40-60",2022,11,2,40,60,7.5,16,10,3.678,2,357,23,1.09814745360032,NA,NA,NA,20,76.071,1.05,1.30764143077979,1.09814745360032,1.09814745360032,"2022112",315,2022,11,2,24.74426516,25.71977546,19.02381674,NA,NA,23.16261912,"Park/Green Space","Natural_vegetation","Natural_vegetation"
"1038",1038,1038,"C22.11.02.60-80",2022,11,2,60,80,7.8,12,4.5,2.022,5.3,315,13,1.60701019681931,NA,NA,NA,20,111.321,1.05,1.36949901660891,1.60701019681931,1.60701019681931,"2022112",315,2022,11,2,24.74426516,25.71977546,19.02381674,NA,NA,23.16261912,"Park/Green Space","Natural_vegetation","Natural_vegetation"
"1039",1039,1039,"C22.11.02.80-100",2022,11,2,80,100,7.9,8,2,1.284,5.1,283,13,1.78644747052745,NA,NA,NA,20,123.751,1.05,1.39807716343276,1.78644747052745,1.78644747052745,"2022112",315,2022,11,2,24.74426516,25.71977546,19.02381674,NA,NA,23.16261912,"Park/Green Space","Natural_vegetation","Natural_vegetation"
"1040",1040,1040,"C22.11.03.0-10",2022,11,3,0,10,7.7,16,7,2.948,NA,373,67,1.66736637070296,NA,NA,NA,10,57.751,1.05,1.33452912753685,1.66736637070296,1.66736637070296,"2022113",316,2022,11,3,30.1543016,27.93707354,39.37797032,NA,NA,32.48978182,"Park/Green Space","Natural_vegetation","Natural_vegetation"
"1041",1041,1041,"C22.11.03.10-20",2022,11,3,10,20,7.7,14,4,3.119,1.7,331,21,2.91519886783343,NA,NA,NA,10,100.971,1.05,1.32817757144483,NA,1.32817757144483,"2022113",316,2022,11,3,30.1543016,27.93707354,39.37797032,NA,NA,32.48978182,"Park/Green Space","Natural_vegetation","Natural_vegetation"
"1042",1042,1042,"C22.11.03.20-40",2022,11,3,20,40,7.9,11,5,1.743,2.7,315,12,1.90626479729958,NA,NA,NA,20,132.051,1.05,1.38022822455211,1.90626479729958,1.90626479729958,"2022113",316,2022,11,3,30.1543016,27.93707354,39.37797032,NA,NA,32.48978182,"Park/Green Space","Natural_vegetation","Natural_vegetation"
"1043",1043,1043,"C22.11.03.40-60",2022,11,3,40,60,8,7,2,1.558,3.8,238,8,2.28693743669489,NA,NA,NA,20,158.421,1.05,1.38739252477029,2.28693743669489,2.28693743669489,"2022113",316,2022,11,3,30.1543016,27.93707354,39.37797032,NA,NA,32.48978182,"Park/Green Space","Natural_vegetation","Natural_vegetation"
"1044",1044,1044,"C22.11.03.60-80",2022,11,3,60,80,7.7,15,7,2.486,NA,298,14,0.829785513275758,NA,NA,NA,20,57.481,1.05,1.35185421086591,0.829785513275758,0.829785513275758,"2022113",316,2022,11,3,30.1543016,27.93707354,39.37797032,NA,NA,32.48978182,"Park/Green Space","Natural_vegetation","Natural_vegetation"
"1045",1045,1045,"C22.11.03.80-100",2022,11,3,80,100,7.4,29,NA,4.662,2,440,25,1.3952366807052,NA,NA,NA,20,96.651,1.05,1.27232263298773,1.3952366807052,1.3952366807052,"2022113",316,2022,11,3,30.1543016,27.93707354,39.37797032,NA,NA,32.48978182,"Park/Green Space","Natural_vegetation","Natural_vegetation"
"1046",1046,1046,"C22.12.01.0-10",2022,12,1,0,10,6.7,14,NA,1.73,NA,342,41,1.36190436654654,NA,NA,NA,10,47.171,1.05,1.38073035690001,1.36190436654654,1.36190436654654,"2022121",317,2022,12,1,34.85482508,11.90651467,11.10831257,NA,NA,19.28988411,"Park/Green Space","Maintained_lawn","Maintained_lawn"
"1047",1047,1047,"C22.12.01.10-20",2022,12,1,10,20,6.6,16,NA,2.01,NA,297,31,0.624522553110347,NA,NA,NA,10,21.631,1.05,1.36995863194794,0.624522553110347,0.624522553110347,"2022121",317,2022,12,1,34.85482508,11.90651467,11.10831257,NA,NA,19.28988411,"Park/Green Space","Maintained_lawn","Maintained_lawn"
"1048",1048,1048,"C22.12.01.20-40",2022,12,1,20,40,8.2,3,0,0.292,NA,352,0,1.31439607469026,NA,NA,NA,20,91.051,1.05,1.4375073206015,1.31439607469026,1.31439607469026,"2022121",317,2022,12,1,34.85482508,11.90651467,11.10831257,NA,NA,19.28988411,"Park/Green Space","Maintained_lawn","Maintained_lawn"
"1049",1049,1049,"C22.12.01.40-60",2022,12,1,40,60,7.2,10,NA,0.394,NA,230,9,3.25745778354914,NA,NA,NA,20,225.651,1.05,1.43339837225763,NA,1.43339837225763,"2022121",317,2022,12,1,34.85482508,11.90651467,11.10831257,NA,NA,19.28988411,"Park/Green Space","Maintained_lawn","Maintained_lawn"
"1050",1050,1050,"C22.12.01.60-80",2022,12,1,60,80,7.6,5,1,0.247,NA,203,0,1.94957226480758,NA,NA,NA,20,135.051,1.05,1.43932411494686,1.94957226480758,1.94957226480758,"2022121",317,2022,12,1,34.85482508,11.90651467,11.10831257,NA,NA,19.28988411,"Park/Green Space","Maintained_lawn","Maintained_lawn"
"1051",1051,1051,"C22.12.02.0-10",2022,12,2,0,10,6.4,9,NA,1.805,NA,369,17,0.892451418759833,NA,NA,NA,10,30.911,1.05,1.37783614658782,0.892451418759833,0.892451418759833,"2022122",318,2022,12,2,13.76898624,11.37437994,30.99684826,NA,NA,18.71340481,"Park/Green Space","Maintained_lawn","Maintained_lawn"
"1052",1052,1052,"C22.12.02.10-20",2022,12,2,10,20,6.7,17,NA,1.144,NA,343,44,1.34948955919425,NA,NA,NA,10,46.741,1.05,1.40357065161526,1.34948955919425,1.34948955919425,"2022122",318,2022,12,2,13.76898624,11.37437994,30.99684826,NA,NA,18.71340481,"Park/Green Space","Maintained_lawn","Maintained_lawn"
"1053",1053,1053,"C22.12.02.20-40",2022,12,2,20,40,7,2,NA,0.38,NA,309,7,1.3936487402299,NA,NA,NA,20,96.541,1.05,1.43396159730086,1.3936487402299,1.3936487402299,"2022122",318,2022,12,2,13.76898624,11.37437994,30.99684826,NA,NA,18.71340481,"Park/Green Space","Maintained_lawn","Maintained_lawn"
"1054",1054,1054,"C22.12.02.40-60",2022,12,2,40,60,7.8,2,0,0.476,NA,321,11,2.00904785351856,NA,NA,NA,20,139.171,1.05,1.43010425496383,2.00904785351856,2.00904785351856,"2022122",318,2022,12,2,13.76898624,11.37437994,30.99684826,NA,NA,18.71340481,"Park/Green Space","Maintained_lawn","Maintained_lawn"
"1055",1055,1055,"C22.12.02.60-80",2022,12,2,60,80,7.9,2,0,0.516,NA,335,9,1.92864032217871,NA,NA,NA,20,133.601,1.05,1.42850032284053,1.92864032217871,1.92864032217871,"2022122",318,2022,12,2,13.76898624,11.37437994,30.99684826,NA,NA,18.71340481,"Park/Green Space","Maintained_lawn","Maintained_lawn"
"1056",1056,1056,"C22.12.02.80-100",2022,12,2,80,100,8,2,1,0.461,NA,274,0,1.94206563710619,NA,NA,NA,20,134.531,1.05,1.43070622863019,1.94206563710619,1.94206563710619,"2022122",318,2022,12,2,13.76898624,11.37437994,30.99684826,NA,NA,18.71340481,"Park/Green Space","Maintained_lawn","Maintained_lawn"
"1057",1057,1057,"C22.12.03.0-10",2022,12,3,0,10,6.8,5,NA,1.202,NA,316,18,1.41300717820598,NA,NA,NA,10,48.941,1.05,1.40129196288685,1.41300717820598,1.41300717820598,"2022123",319,2022,12,3,14.10157045,17.42741254,13.30336835,NA,NA,14.94411711,"Park/Green Space","Maintained_lawn","Maintained_lawn"
"1058",1058,1058,"C22.12.03.10-20",2022,12,3,10,20,7,2,NA,0.63,NA,287,12,1.32148406353907,NA,NA,NA,10,45.771,1.05,1.42393971953652,1.32148406353907,1.32148406353907,"2022123",319,2022,12,3,14.10157045,17.42741254,13.30336835,NA,NA,14.94411711,"Park/Green Space","Maintained_lawn","Maintained_lawn"
"1059",1059,1059,"C22.12.03.20-40",2022,12,3,20,40,7.5,3,1,0.235,NA,234,10,2.04672535025052,NA,NA,NA,20,141.781,1.05,1.43980901008984,2.04672535025052,2.04672535025052,"2022123",319,2022,12,3,14.10157045,17.42741254,13.30336835,NA,NA,14.94411711,"Park/Green Space","Maintained_lawn","Maintained_lawn"
"1060",1060,1060,"C22.12.03.40-60",2022,12,3,40,60,7.9,3,1,0.3,NA,225,0,1.7802400668513,NA,NA,NA,20,123.321,1.05,1.43718459304617,1.7802400668513,1.7802400668513,"2022123",319,2022,12,3,14.10157045,17.42741254,13.30336835,NA,NA,14.94411711,"Park/Green Space","Maintained_lawn","Maintained_lawn"
"1061",1061,1061,"C22.12.03.60-80",2022,12,3,60,80,7.9,3,1,0.254,NA,220,0,1.77042370754949,NA,NA,NA,20,122.641,1.05,1.43904134049319,1.77042370754949,1.77042370754949,"2022123",319,2022,12,3,14.10157045,17.42741254,13.30336835,NA,NA,14.94411711,"Park/Green Space","Maintained_lawn","Maintained_lawn"
"1062",1062,1062,"C22.12.03.80-100",2022,12,3,80,100,7.9,3,12,0.31,NA,216,0,1.73014776276705,NA,NA,NA,20,119.851,1.05,1.43678129310595,1.73014776276705,1.73014776276705,"2022123",319,2022,12,3,14.10157045,17.42741254,13.30336835,NA,NA,14.94411711,"Park/Green Space","Maintained_lawn","Maintained_lawn"
"1063",1063,1063,"C22.13.01.0-10",2022,13,1,0,10,7.2,24,NA,3.588,NA,497,16,1.63647371054725,NA,NA,NA,10,56.681,1.05,1.31092444271726,1.63647371054725,1.63647371054725,"2022131",320,2022,13,1,NA,NA,NA,NA,NA,NA,"Residential","Maintained_lawn","Maintained_lawn"
"1064",1064,1064,"C22.13.01.10-20",2022,13,1,10,20,7.3,27,NA,3.25,NA,544,34,1.65524027980072,NA,NA,NA,10,57.331,1.05,1.32333387459409,1.65524027980072,1.65524027980072,"2022131",320,2022,13,1,NA,NA,NA,NA,NA,NA,"Residential","Maintained_lawn","Maintained_lawn"
"1065",1065,1065,"C22.13.01.20-40",2022,13,1,20,40,7.3,24,NA,2.645,NA,534,28,1.57756111891387,NA,NA,NA,20,109.281,1.05,1.34586441388428,1.57756111891387,1.57756111891387,"2022131",320,2022,13,1,NA,NA,NA,NA,NA,NA,"Residential","Maintained_lawn","Maintained_lawn"
"1066",1066,1066,"C22.13.01.40-60",2022,13,1,40,60,7.1,15,NA,1.753,NA,398,23,0.428036573026557,NA,NA,NA,20,29.651,1.05,1.37984210286845,0.428036573026557,0.428036573026557,"2022131",320,2022,13,1,NA,NA,NA,NA,NA,NA,"Residential","Maintained_lawn","Maintained_lawn"
"1067",1067,1067,"C22.13.01.60-80",2022,13,1,60,80,6.6,11,NA,0.893,NA,365,12,0.787632911567973,NA,NA,NA,20,54.561,1.05,1.41347796122803,0.787632911567973,0.787632911567973,"2022131",320,2022,13,1,NA,NA,NA,NA,NA,NA,"Residential","Maintained_lawn","Maintained_lawn"
"1068",1068,1068,"C22.13.01.80-100",2022,13,1,80,100,5.6,13,NA,0.721,NA,363,15,1.18418495571621,NA,NA,NA,20,82.031,1.05,1.42031047724084,1.18418495571621,1.18418495571621,"2022131",320,2022,13,1,NA,NA,NA,NA,NA,NA,"Residential","Maintained_lawn","Maintained_lawn"
"1069",1069,1069,"C22.13.02.0-10",2022,13,2,0,10,7.3,37,NA,2.668,NA,470,25,1.19675855711604,NA,NA,NA,10,41.451,1.05,1.34500034122257,1.19675855711604,1.19675855711604,"2022132",321,2022,13,2,NA,NA,NA,NA,NA,NA,"Residential","Maintained_lawn","Maintained_lawn"
"1070",1070,1070,"C22.13.02.10-20",2022,13,2,10,20,7.4,31,NA,1.712,NA,445,19,1.58161758503712,NA,NA,NA,10,54.781,1.05,1.38142594222747,1.58161758503712,1.58161758503712,"2022132",321,2022,13,2,NA,NA,NA,NA,NA,NA,"Residential","Maintained_lawn","Maintained_lawn"
"1071",1071,1071,"C22.13.02.20-40",2022,13,2,20,40,7.2,48,NA,2.983,NA,580,36,1.03608785266136,NA,NA,NA,20,71.772,1.05,1.33322643344987,1.03608785266136,1.03608785266136,"2022132",321,2022,13,2,NA,NA,NA,NA,NA,NA,"Residential","Maintained_lawn","Maintained_lawn"
"1072",1072,1072,"C22.13.02.40-60",2022,13,2,40,60,6.7,20,NA,2.494,NA,475,24,1.17133707368884,NA,NA,NA,20,81.141,1.05,1.35155215057594,1.17133707368884,1.17133707368884,"2022132",321,2022,13,2,NA,NA,NA,NA,NA,NA,"Residential","Maintained_lawn","Maintained_lawn"
"1073",1073,1073,"C22.13.02.60-80",2022,13,2,60,80,6,14,NA,1.546,NA,376,14,1.33835954004469,NA,NA,NA,20,92.711,1.05,1.38785861835839,1.33835954004469,1.33835954004469,"2022132",321,2022,13,2,NA,NA,NA,NA,NA,NA,"Residential","Maintained_lawn","Maintained_lawn"
"1074",1074,1074,"C22.13.02.80-100",2022,13,2,80,100,5.9,19,NA,1.26,NA,410,20,0.847974649629118,NA,NA,NA,20,58.741,1.05,1.39901725738889,0.847974649629118,0.847974649629118,"2022132",321,2022,13,2,NA,NA,NA,NA,NA,NA,"Residential","Maintained_lawn","Maintained_lawn"
"1075",1075,1075,"C22.13.03.0-10",2022,13,3,0,10,7.6,33,20,2.204,NA,439,18,0.911795420913405,NA,NA,NA,10,31.581,1.05,1.36254854210743,0.911795420913405,0.911795420913405,"2022133",322,2022,13,3,NA,NA,NA,NA,NA,NA,"Residential","Maintained_lawn","Maintained_lawn"
"1076",1076,1076,"C22.13.03.10-20",2022,13,3,10,20,7.6,34,17,1.252,NA,405,17,3.0471422855078,NA,NA,NA,10,105.541,1.05,1.39933077331331,NA,1.39933077331331,"2022133",322,2022,13,3,NA,NA,NA,NA,NA,NA,"Residential","Maintained_lawn","Maintained_lawn"
"1077",1077,1077,"C22.13.03.20-40",2022,13,3,20,40,7.8,30,NA,0.484,NA,287,10,0.455464635781623,NA,NA,NA,20,31.551,1.05,1.4297833136965,0.455464635781623,0.455464635781623,"2022133",322,2022,13,3,NA,NA,NA,NA,NA,NA,"Residential","Maintained_lawn","Maintained_lawn"
"1078",1078,1078,"C22.13.03.40-60",2022,13,3,40,60,7.6,37,21,1.112,NA,354,32,0.42832528947661,NA,NA,NA,20,29.671,1.05,1.40482956679758,0.42832528947661,0.42832528947661,"2022133",322,2022,13,3,NA,NA,NA,NA,NA,NA,"Residential","Maintained_lawn","Maintained_lawn"
"1079",1079,1079,"C22.13.03.60-80",2022,13,3,60,80,7.7,32.5,20,0.856,NA,292,10,0.787921628018026,NA,NA,NA,20,54.581,1.05,1.41494475544692,0.787921628018026,0.787921628018026,"2022133",322,2022,13,3,NA,NA,NA,NA,NA,NA,"Residential","Maintained_lawn","Maintained_lawn"
"1080",1080,1080,"C22.13.03.80-100",2022,13,3,80,100,7.8,33,15,0.393,NA,235,8,1.18447367216627,NA,NA,NA,20,82.051,1.05,1.43343859473028,1.18447367216627,1.18447367216627,"2022133",322,2022,13,3,NA,NA,NA,NA,NA,NA,"Residential","Maintained_lawn","Maintained_lawn"
"1081",1081,1081,"C22.13.03.0-7.profile",2022,13,3,0,7,5.8,57,NA,3.166,NA,486,18,3.74593095861329,NA,NA,NA,7,90.821,1.05,1.32643755445071,NA,1.32643755445071,"2022133",322,2022,13,3,NA,NA,NA,NA,NA,NA,"Residential","Maintained_lawn","Maintained_lawn"
"1082",1082,1082,"C22.13.03.7-15.profile",2022,13,3,7,15,7.6,32,22,0.88,NA,373,14,2.76052624762861,NA,NA,NA,8,76.491,1.05,1.4139931348197,NA,1.4139931348197,"2022133",322,2022,13,3,NA,NA,NA,NA,NA,NA,"Residential","Maintained_lawn","Maintained_lawn"
"1083",1083,1083,"C22.13.03.15-29.profile",2022,13,3,15,29,7.6,30,14,1.065,NA,449,21,2.62630918791007,NA,NA,NA,14,127.351,1.05,1.40668080301619,NA,1.40668080301619,"2022133",322,2022,13,3,NA,NA,NA,NA,NA,NA,"Residential","Maintained_lawn","Maintained_lawn"
"1084",1084,1084,"C22.13.03.29-54.profile",2022,13,3,29,54,7.3,25,NA,2.36,NA,535,36,0.769960577660209,NA,NA,NA,25,66.671,1.05,1.35662128805787,0.769960577660209,0.769960577660209,"2022133",322,2022,13,3,NA,NA,NA,NA,NA,NA,"Residential","Maintained_lawn","Maintained_lawn"
"1085",1085,1085,"C22.13.03.54-68.profile",2022,13,3,54,68,6.5,10,NA,0.795,NA,430,15,1.14086305238571,NA,NA,NA,14,55.321,1.05,1.41736656095104,1.14086305238571,1.14086305238571,"2022133",322,2022,13,3,NA,NA,NA,NA,NA,NA,"Residential","Maintained_lawn","Maintained_lawn"
"1086",1086,1086,"C22.13.03.68-89.profile",2022,13,3,68,89,7.3,18,NA,0.523,NA,498,10,1.3447449855317,NA,NA,NA,21,97.811,1.05,1.42821983363796,1.3447449855317,1.3447449855317,"2022133",322,2022,13,3,NA,NA,NA,NA,NA,NA,"Residential","Maintained_lawn","Maintained_lawn"
"1087",1087,1087,"C22.13.03.89-102.profile",2022,13,3,89,102,7.7,27,15,0.333,NA,357,8,2.04946482518237,NA,NA,NA,13,92.281,1.05,1.43585416479472,2.04946482518237,2.04946482518237,"2022133",322,2022,13,3,NA,NA,NA,NA,NA,NA,"Residential","Maintained_lawn","Maintained_lawn"
"1088",1088,1088,"C22.13.03.102-122.profile",2022,13,3,102,122,7.8,19,8,0.341,NA,176,0,1.5609599230358,NA,NA,NA,20,108.131,1.05,1.43553183612987,1.5609599230358,1.5609599230358,"2022133",322,2022,13,3,NA,NA,NA,NA,NA,NA,"Residential","Maintained_lawn","Maintained_lawn"
"1089",1089,1089,"C22.14.01.0-10",2022,14,1,0,10,7.1,33,NA,2.235,NA,336,29,2.02450861941892,NA,NA,NA,10,70.121,1.05,1.36136846867904,2.02450861941892,2.02450861941892,"2022141",323,2022,14,1,NA,NA,NA,NA,NA,NA,"Park/Green Space","Natural_vegetation","Unmanaged_Turfgrass"
"1090",1090,1090,"C22.14.01.10-20",2022,14,1,10,20,6.7,25,NA,1.928,NA,325,28,1.26200847482809,NA,NA,NA,10,43.711,1.05,1.37310379344659,1.26200847482809,1.26200847482809,"2022141",323,2022,14,1,NA,NA,NA,NA,NA,NA,"Park/Green Space","Natural_vegetation","Unmanaged_Turfgrass"
"1091",1091,1091,"C22.14.01.20-40",2022,14,1,20,40,6.3,20,NA,0.895,NA,256,10,1.48762594472226,NA,NA,NA,20,103.051,1.05,1.41339872168183,1.48762594472226,1.48762594472226,"2022141",323,2022,14,1,NA,NA,NA,NA,NA,NA,"Park/Green Space","Natural_vegetation","Unmanaged_Turfgrass"
"1092",1092,1092,"C22.14.01.40-60",2022,14,1,40,60,6.3,17,NA,0.5,NA,162,12,1.68077724980793,NA,NA,NA,20,116.431,1.05,1.42914166346321,1.68077724980793,1.68077724980793,"2022141",323,2022,14,1,NA,NA,NA,NA,NA,NA,"Park/Green Space","Natural_vegetation","Unmanaged_Turfgrass"
"1093",1093,1093,"C22.14.01.60-80",2022,14,1,60,80,6.3,18,NA,0.463,NA,240,10,1.31482914936534,NA,NA,NA,20,91.081,1.05,1.43062594973645,1.31482914936534,1.31482914936534,"2022141",323,2022,14,1,NA,NA,NA,NA,NA,NA,"Park/Green Space","Natural_vegetation","Unmanaged_Turfgrass"
"1094",1094,1094,"C22.14.01.80-100",2022,14,1,80,100,5.9,16,NA,0.271,NA,315,0,1.75310072054629,NA,NA,NA,20,121.441,1.05,1.43835485106787,1.75310072054629,1.75310072054629,"2022141",323,2022,14,1,NA,NA,NA,NA,NA,NA,"Park/Green Space","Natural_vegetation","Unmanaged_Turfgrass"
"1095",1095,1095,"C22.14.02.0-10",2022,14,2,0,10,7.5,24,29,2.681,NA,425,22,1.25594542937697,NA,NA,NA,10,43.501,1.05,1.34451221744139,1.25594542937697,1.25594542937697,"2022142",324,2022,14,2,NA,NA,NA,NA,NA,NA,"Park/Green Space","Natural_vegetation","Unmanaged_Turfgrass"
"1096",1096,1096,"C22.14.02.10-20",2022,14,2,10,20,6.8,47,NA,3.785,NA,517,46,1.05701979529023,NA,NA,NA,10,36.611,1.05,1.30374987383534,1.05701979529023,1.05701979529023,"2022142",324,2022,14,2,NA,NA,NA,NA,NA,NA,"Park/Green Space","Natural_vegetation","Unmanaged_Turfgrass"
"1097",1097,1097,"C22.14.02.20-40",2022,14,2,20,40,6.6,27,NA,2.434,NA,495,26,1.17465731286445,NA,NA,NA,20,81.371,1.05,1.35381938051885,1.17465731286445,1.17465731286445,"2022142",324,2022,14,2,NA,NA,NA,NA,NA,NA,"Park/Green Space","Natural_vegetation","Unmanaged_Turfgrass"
"1098",1098,1098,"C22.14.02.40-60",2022,14,2,40,60,6.1,29,NA,1.127,NA,512,14,1.50740302155091,NA,NA,NA,20,104.421,1.05,1.40423929899737,1.50740302155091,1.50740302155091,"2022142",324,2022,14,2,NA,NA,NA,NA,NA,NA,"Park/Green Space","Natural_vegetation","Unmanaged_Turfgrass"
"1099",1099,1099,"C22.14.02.60-80",2022,14,2,60,80,6.3,25,NA,0.795,NA,293,9,1.85256353758966,NA,NA,NA,20,128.331,1.05,1.41736656095104,1.85256353758966,1.85256353758966,"2022142",324,2022,14,2,NA,NA,NA,NA,NA,NA,"Park/Green Space","Natural_vegetation","Unmanaged_Turfgrass"
"1100",1100,1100,"C22.14.02.80-100",2022,14,2,80,100,6.3,16,NA,1.116,NA,195,13,1.64800793272688,NA,NA,NA,20,114.161,1.05,1.40467213593537,1.64800793272688,1.64800793272688,"2022142",324,2022,14,2,NA,NA,NA,NA,NA,NA,"Park/Green Space","Natural_vegetation","Unmanaged_Turfgrass"
"1101",1101,1101,"C22.14.03.0-10",2022,14,3,0,10,6.7,84,NA,5.532,NA,771,39,1.17394995756182,NA,NA,NA,10,40.661,1.05,1.24195699163145,1.17394995756182,1.17394995756182,"2022143",325,2022,14,3,NA,NA,NA,NA,NA,NA,"Park/Green Space","Natural_vegetation","Unmanaged_Turfgrass"
"1102",1102,1102,"C22.14.03.10-20",2022,14,3,10,20,6.6,76,NA,7.016,NA,910,44,0.822293321396874,NA,NA,NA,10,28.481,1.05,1.19196485930272,0.822293321396874,0.822293321396874,"2022143",325,2022,14,3,NA,NA,NA,NA,NA,NA,"Park/Green Space","Natural_vegetation","Unmanaged_Turfgrass"
"1103",1103,1103,"C22.14.03.20-40",2022,14,3,20,40,5.9,25,NA,2.991,NA,495,11,0.839313156127518,NA,NA,NA,20,58.141,1.05,1.33292886786208,0.839313156127518,0.839313156127518,"2022143",325,2022,14,3,NA,NA,NA,NA,NA,NA,"Park/Green Space","Natural_vegetation","Unmanaged_Turfgrass"
"1104",1104,1104,"C22.14.03.40-60",2022,14,3,40,60,6.1,52,NA,1.74,NA,784,11,1.7694131999743,NA,NA,NA,20,122.571,1.05,1.38034408377133,1.7694131999743,1.7694131999743,"2022143",325,2022,14,3,NA,NA,NA,NA,NA,NA,"Park/Green Space","Natural_vegetation","Unmanaged_Turfgrass"
"1105",1105,1105,"C22.14.03.60-80",2022,14,3,60,80,6.2,42,NA,1.688,NA,410,8,1.2848026385598,NA,NA,NA,20,89.001,1.05,1.3823539770296,1.2848026385598,1.2848026385598,"2022143",325,2022,14,3,NA,NA,NA,NA,NA,NA,"Park/Green Space","Natural_vegetation","Unmanaged_Turfgrass"
"1106",1106,1106,"C22.14.03.80-100",2022,14,3,80,100,6.2,36,NA,1.453,NA,399,12,1.40129972615631,NA,NA,NA,20,97.071,1.05,1.39147656989702,1.40129972615631,1.40129972615631,"2022143",325,2022,14,3,NA,NA,NA,NA,NA,NA,"Park/Green Space","Natural_vegetation","Unmanaged_Turfgrass"
"1107",1107,1107,"C22.15.01.0-10",2022,15,1,0,10,7.4,16,NA,3.069,NA,575,38,1.4407239574111,NA,NA,NA,10,49.901,1.05,1.33003136348689,1.4407239574111,1.4407239574111,"2022151",326,2022,15,1,NA,NA,NA,NA,NA,NA,"Park/Green Space","Maintained_lawn","Maintained_lawn"
"1108",1108,1108,"C22.15.01.10-20",2022,15,1,10,20,7.7,8,6,1.383,NA,490,15,2.14779054359169,NA,NA,NA,10,74.391,1.05,1.39420646187733,2.14779054359169,2.14779054359169,"2022151",326,2022,15,1,NA,NA,NA,NA,NA,NA,"Park/Green Space","Maintained_lawn","Maintained_lawn"
"1109",1109,1109,"C22.15.01.20-40",2022,15,1,20,40,7.7,3,6,3.106,NA,537,75,1.24005158880153,NA,NA,NA,20,85.901,1.05,1.32865928843542,1.24005158880153,1.24005158880153,"2022151",326,2022,15,1,NA,NA,NA,NA,NA,NA,"Park/Green Space","Maintained_lawn","Maintained_lawn"
"1110",1110,1110,"C22.15.01.40-60",2022,15,1,40,60,7.8,4,5,2.904,NA,560,50,1.30948789503936,NA,NA,NA,20,90.711,1.05,1.33616875262137,1.30948789503936,1.30948789503936,"2022151",326,2022,15,1,NA,NA,NA,NA,NA,NA,"Park/Green Space","Maintained_lawn","Maintained_lawn"
"1111",1111,1111,"C22.15.01.60-80",2022,15,1,60,80,7.8,10,8,2.055,NA,636,30,0.973999380077394,NA,NA,NA,20,67.471,1.05,1.36823593194156,0.973999380077394,0.973999380077394,"2022151",326,2022,15,1,NA,NA,NA,NA,NA,NA,"Park/Green Space","Maintained_lawn","Maintained_lawn"
"1112",1112,1112,"C22.15.01.80-100",2022,15,1,80,100,NA,NA,NA,NA,NA,NA,26,0.100199043991006,NA,NA,NA,20,6.941,1.05,NA,0.100199043991006,0.100199043991006,"2022151",326,2022,15,1,NA,NA,NA,NA,NA,NA,"Park/Green Space","Maintained_lawn","Maintained_lawn"
"1113",1113,1113,"C22.15.02.0-10",2022,15,2,0,10,7.5,25,12,2.667,NA,632,21,1.41791535785688,NA,NA,NA,10,49.111,1.05,1.34503789713476,1.41791535785688,1.41791535785688,"2022152",327,2022,15,2,NA,NA,NA,NA,NA,NA,"Park/Green Space","Maintained_lawn","Maintained_lawn"
"1114",1114,1114,"C22.15.02.10-20",2022,15,2,10,20,7.6,14,8,1.88,NA,607,31,2.27338219936489,NA,NA,NA,10,78.741,1.05,1.37494847664791,2.27338219936489,2.27338219936489,"2022152",327,2022,15,2,NA,NA,NA,NA,NA,NA,"Park/Green Space","Maintained_lawn","Maintained_lawn"
"1115",1115,1115,"C22.15.02.20-40",2022,15,2,20,40,7.7,11,7,1.653,NA,517,21,1.55099920550896,NA,NA,NA,20,107.441,1.05,1.38370856601503,1.55099920550896,1.55099920550896,"2022152",327,2022,15,2,NA,NA,NA,NA,NA,NA,"Park/Green Space","Maintained_lawn","Maintained_lawn"
"1116",1116,1116,"C22.15.02.40-60",2022,15,2,40,60,7.8,10,6,1.484,NA,505,21,1.02409168416165,NA,NA,NA,20,70.941,1.05,1.39026945814432,1.02409168416165,1.02409168416165,"2022152",327,2022,15,2,NA,NA,NA,NA,NA,NA,"Park/Green Space","Maintained_lawn","Maintained_lawn"
"1117",1117,1117,"C22.15.02.60-80",2022,15,2,60,80,7.8,9,5,1.245,NA,505,9,0.801924375845613,NA,NA,NA,20,55.551,1.05,1.39960516181682,0.801924375845613,0.801924375845613,"2022152",327,2022,15,2,NA,NA,NA,NA,NA,NA,"Park/Green Space","Maintained_lawn","Maintained_lawn"
"1118",1118,1118,"C22.15.02.80-100",2022,15,2,80,100,7.9,11,7,1.031,NA,491,8,0.977752693928087,NA,NA,NA,20,67.731,1.05,1.4080216321843,0.977752693928087,0.977752693928087,"2022152",327,2022,15,2,NA,NA,NA,NA,NA,NA,"Park/Green Space","Maintained_lawn","Maintained_lawn"
"1119",1119,1119,"C22.15.03.0-10",2022,15,3,0,10,7.5,12,8,3.063,NA,589,21,1.4369706435604,NA,NA,NA,10,49.771,1.05,1.33025400648004,1.4369706435604,1.4369706435604,"2022153",328,2022,15,3,NA,NA,NA,NA,NA,NA,"Park/Green Space","Maintained_lawn","Maintained_lawn"
"1120",1120,1120,"C22.15.03.10-20",2022,15,3,10,20,7.8,5,3,1.285,NA,496,14,1.6708309681036,NA,NA,NA,10,57.871,1.05,1.39803800761904,1.6708309681036,1.6708309681036,"2022153",328,2022,15,3,NA,NA,NA,NA,NA,NA,"Park/Green Space","Maintained_lawn","Maintained_lawn"
"1121",1121,1121,"C22.15.03.20-40",2022,15,3,20,40,7.9,6,3,1.202,NA,490,0,1.27079989073221,NA,NA,NA,20,88.031,1.05,1.40129196288685,1.27079989073221,1.27079989073221,"2022153",328,2022,15,3,NA,NA,NA,NA,NA,NA,"Park/Green Space","Maintained_lawn","Maintained_lawn"
"1122",1122,1122,"C22.15.03.40-60",2022,15,3,40,60,7.9,6,NA,1.034,NA,474,10,1.46929245014387,NA,NA,NA,20,101.781,1.05,1.40790326840463,1.46929245014387,1.46929245014387,"2022153",328,2022,15,3,NA,NA,NA,NA,NA,NA,"Park/Green Space","Maintained_lawn","Maintained_lawn"
"1123",1123,1123,"C22.15.03.60-80",2022,15,3,60,80,7.9,8,2,0.944,NA,450,0,0.87944474268493,NA,NA,NA,20,60.921,1.05,1.41145884536132,0.87944474268493,0.87944474268493,"2022153",328,2022,15,3,NA,NA,NA,NA,NA,NA,"Park/Green Space","Maintained_lawn","Maintained_lawn"
"1124",1124,1124,"C22.15.03.80-100",2022,15,3,80,100,8,5,2,0.8,NA,462,0,1.40317638308166,NA,NA,NA,20,97.201,1.05,1.4171678845962,1.40317638308166,1.40317638308166,"2022153",328,2022,15,3,NA,NA,NA,NA,NA,NA,"Park/Green Space","Maintained_lawn","Maintained_lawn"
"1125",1125,1125,"C22.16.01.0-10",2022,16,1,0,10,7.4,21,NA,7.05,NA,1028,29,0.673026916719306,NA,NA,NA,10,23.311,1.05,1.19084550600008,0.673026916719306,0.673026916719306,"2022161",329,2022,16,1,NA,NA,NA,NA,NA,NA,"Park/Green Space","Maintained_lawn","Maintained_lawn"
"1126",1126,1126,"C22.16.01.10-20",2022,16,1,10,20,7.5,25,14,3.66,NA,705,34,0.969827427374124,NA,NA,NA,10,33.591,1.05,1.30829732033184,0.969827427374124,0.969827427374124,"2022161",329,2022,16,1,NA,NA,NA,NA,NA,NA,"Park/Green Space","Maintained_lawn","Maintained_lawn"
"1127",1127,1127,"C22.16.01.20-40",2022,16,1,20,40,7.6,19,8,2.764,NA,384,17,1.67168268163125,NA,NA,NA,20,115.801,1.05,1.34140024318712,1.67168268163125,1.67168268163125,"2022161",329,2022,16,1,NA,NA,NA,NA,NA,NA,"Park/Green Space","Maintained_lawn","Maintained_lawn"
"1128",1128,1128,"C22.16.01.40-60",2022,16,1,40,60,7.8,82,32,1.471,NA,605,98,2.18747461965152,NA,NA,NA,20,151.531,1.05,1.39077552887455,2.18747461965152,2.18747461965152,"2022161",329,2022,16,1,NA,NA,NA,NA,NA,NA,"Park/Green Space","Maintained_lawn","Maintained_lawn"
"1129",1129,1129,"C22.16.01.60-80",2022,16,1,60,80,8.1,29,16,0.826,NA,262,12,1.91867960465187,NA,NA,NA,20,132.911,1.05,1.41613525045312,1.91867960465187,1.91867960465187,"2022161",329,2022,16,1,NA,NA,NA,NA,NA,NA,"Park/Green Space","Maintained_lawn","Maintained_lawn"
"1130",1130,1130,"C22.16.01.80-100",2022,16,1,80,100,8,32,18,0.622,NA,345,11,2.17188393134864,NA,NA,NA,20,150.451,1.05,1.42425925046091,2.17188393134864,2.17188393134864,"2022161",329,2022,16,1,NA,NA,NA,NA,NA,NA,"Park/Green Space","Maintained_lawn","Maintained_lawn"
"1131",1131,1131,"C22.16.02.0-10",2022,16,2,0,10,7.6,15,11,1.526,NA,403,18,1.53340193787821,NA,NA,NA,10,53.111,1.05,1.38863581602806,1.53340193787821,1.53340193787821,"2022162",330,2022,16,2,NA,NA,NA,NA,NA,NA,"Park/Green Space","Maintained_lawn","Maintained_lawn"
"1132",1132,1132,"C22.16.02.10-20",2022,16,2,10,20,7.7,12,9,1.315,NA,407,11,2.11834146568625,NA,NA,NA,10,73.371,1.05,1.39686388226575,2.11834146568625,2.11834146568625,"2022162",330,2022,16,2,NA,NA,NA,NA,NA,NA,"Park/Green Space","Maintained_lawn","Maintained_lawn"
"1133",1133,1133,"C22.16.02.20-40",2022,16,2,20,40,7.9,11,9,1.017,NA,369,15,1.30443535716342,NA,NA,NA,20,90.361,1.05,1.40857413813876,1.30443535716342,1.30443535716342,"2022162",330,2022,16,2,NA,NA,NA,NA,NA,NA,"Park/Green Space","Maintained_lawn","Maintained_lawn"
"1134",1134,1134,"C22.16.03.0-10",2022,16,3,0,10,7.4,10,NA,4.188,NA,641,35,1.19791342291625,NA,NA,NA,10,41.491,1.05,1.2892051149512,1.19791342291625,1.19791342291625,"2022163",331,2022,16,3,NA,NA,NA,NA,NA,NA,"Park/Green Space","Maintained_lawn","Maintained_lawn"
"1135",1135,1135,"C22.16.03.10-20",2022,16,3,10,20,7.8,27,18,1.85,NA,437,15,1.74647467801757,NA,NA,NA,10,60.491,1.05,1.37610276072587,1.74647467801757,1.74647467801757,"2022163",331,2022,16,3,NA,NA,NA,NA,NA,NA,"Park/Green Space","Maintained_lawn","Maintained_lawn"
"1136",1136,1136,"C22.16.03.20-40",2022,16,3,20,40,8.1,18,13,1.153,NA,356,10,2.11356320843787,NA,NA,NA,20,146.411,1.05,1.40321680061531,2.11356320843787,2.11356320843787,"2022163",331,2022,16,3,NA,NA,NA,NA,NA,NA,"Park/Green Space","Maintained_lawn","Maintained_lawn"
"1137",1137,1137,"C22.16.03.40-60",2022,16,3,40,60,8,27,17,0.966,NA,352,9,1.94307614468138,NA,NA,NA,20,134.601,1.05,1.4105888127238,1.94307614468138,1.94307614468138,"2022163",331,2022,16,3,NA,NA,NA,NA,NA,NA,"Park/Green Space","Maintained_lawn","Maintained_lawn"
"1138",1138,1138,"C22.16.03.60-80",2022,16,3,60,80,7.5,41,26,1.599,NA,362,22,1.67846751820751,NA,NA,NA,20,116.271,1.05,1.38580131072971,1.67846751820751,1.67846751820751,"2022163",331,2022,16,3,NA,NA,NA,NA,NA,NA,"Park/Green Space","Maintained_lawn","Maintained_lawn"
"1139",1139,1139,"C22.16.03.80-100",2022,16,3,80,100,8,30,21,1.786,NA,298,11,2.01684319767,NA,NA,NA,20,139.711,1.05,1.37856872737496,2.01684319767,2.01684319767,"2022163",331,2022,16,3,NA,NA,NA,NA,NA,NA,"Park/Green Space","Maintained_lawn","Maintained_lawn"
"1140",1140,1140,"C22.17.01.0-10",2022,17,1,0,10,6.9,51,NA,3.738,NA,665,49,0.805259050843728,NA,NA,NA,10,27.891,1.05,1.30545770252139,0.805259050843728,0.805259050843728,"2022171",332,2022,17,1,NA,NA,NA,NA,NA,NA,"Park/Green Space","Natural_vegetation","Natural_vegetation"
"1141",1141,1141,"C22.17.01.10-20",2022,17,1,10,20,6.9,58,NA,3.309,NA,660,46,1.16384488180996,NA,NA,NA,10,40.311,1.05,1.32115860594184,1.16384488180996,1.16384488180996,"2022171",332,2022,17,1,NA,NA,NA,NA,NA,NA,"Park/Green Space","Natural_vegetation","Natural_vegetation"
"1142",1142,1142,"C22.17.01.20-40",2022,17,1,20,40,6.9,39,NA,1.906,NA,455,16,1.47044731594409,NA,NA,NA,20,101.861,1.05,1.37394894170399,1.47044731594409,1.47044731594409,"2022171",332,2022,17,1,NA,NA,NA,NA,NA,NA,"Park/Green Space","Natural_vegetation","Natural_vegetation"
"1143",1143,1143,"C22.17.01.40-60",2022,17,1,40,60,7,37,NA,1.49,NA,411,15,1.73981976384384,NA,NA,NA,20,120.521,1.05,1.39003595396338,1.73981976384384,1.73981976384384,"2022171",332,2022,17,1,NA,NA,NA,NA,NA,NA,"Park/Green Space","Natural_vegetation","Natural_vegetation"
"1144",1144,1144,"C22.17.01.60-80",2022,17,1,60,80,6.9,51,NA,2.279,NA,608,30,0.656122568568683,NA,NA,NA,20,45.451,1.05,1.35969541928535,0.656122568568683,0.656122568568683,"2022171",332,2022,17,1,NA,NA,NA,NA,NA,NA,"Park/Green Space","Natural_vegetation","Natural_vegetation"
"1145",1145,1145,"C22.17.01.80-100",2022,17,1,80,100,7,46,NA,1.6,NA,459,25,0.870638890958304,NA,NA,NA,20,60.311,1.05,1.38576252521062,0.870638890958304,0.870638890958304,"2022171",332,2022,17,1,NA,NA,NA,NA,NA,NA,"Park/Green Space","Natural_vegetation","Natural_vegetation"
"1146",1146,1146,"C22.17.02.0-10",2022,17,2,0,10,6.8,53,NA,4.466,NA,659,58,0.359480851961395,NA,NA,NA,10,12.451,1.05,1.27927431651856,0.359480851961395,0.359480851961395,"2022172",333,2022,17,2,NA,NA,NA,NA,NA,NA,"Park/Green Space","Natural_vegetation","Natural_vegetation"
"1147",1147,1147,"C22.17.02.10-20",2022,17,2,10,20,6.7,52,NA,5.049,NA,824,76,0.926519959866125,NA,NA,NA,10,32.091,1.05,1.25871671228318,0.926519959866125,0.926519959866125,"2022172",333,2022,17,2,NA,NA,NA,NA,NA,NA,"Park/Green Space","Natural_vegetation","Natural_vegetation"
"1148",1148,1148,"C22.17.02.20-40",2022,17,2,20,40,6.9,61,NA,2.388,NA,738,27,1.07057503262023,NA,NA,NA,20,74.161,1.05,1.35556037121371,1.07057503262023,1.07057503262023,"2022172",333,2022,17,2,NA,NA,NA,NA,NA,NA,"Park/Green Space","Natural_vegetation","Natural_vegetation"
"1149",1149,1149,"C22.17.03.0-10",2022,17,3,0,10,6.4,33,NA,3.582,NA,552,52,1.10408057664892,NA,NA,NA,10,38.241,1.05,1.3111436272441,1.10408057664892,1.10408057664892,"2022173",334,2022,17,3,NA,NA,NA,NA,NA,NA,"Park/Green Space","Natural_vegetation","Natural_vegetation"
"1150",1150,1150,"C22.17.03.10-20",2022,17,3,10,20,6.4,39,NA,3.072,NA,508,35,1.26114232547793,NA,NA,NA,10,43.681,1.05,1.32992005710042,1.26114232547793,1.26114232547793,"2022173",334,2022,17,3,NA,NA,NA,NA,NA,NA,"Park/Green Space","Natural_vegetation","Natural_vegetation"
"1151",1151,1151,"C22.17.03.20-40",2022,17,3,20,40,6.3,52,NA,2.337,NA,476,20,1.52761317305464,NA,NA,NA,20,105.821,1.05,1.35749342605268,1.52761317305464,1.52761317305464,"2022173",334,2022,17,3,NA,NA,NA,NA,NA,NA,"Park/Green Space","Natural_vegetation","Natural_vegetation"
"1152",1152,1152,"C22.17.03.40-60",2022,17,3,40,60,6.5,43,NA,1.603,NA,454,26,1.77995135040125,NA,NA,NA,20,123.301,1.05,1.38564617567289,1.77995135040125,1.77995135040125,"2022173",334,2022,17,3,NA,NA,NA,NA,NA,NA,"Park/Green Space","Natural_vegetation","Natural_vegetation"
"1153",1153,1153,"C22.17.03.60-80",2022,17,3,60,80,6.3,43,NA,1.276,NA,407,21,1.4564445681165,NA,NA,NA,20,100.891,1.05,1.39839045246687,1.4564445681165,1.4564445681165,"2022173",334,2022,17,3,NA,NA,NA,NA,NA,NA,"Park/Green Space","Natural_vegetation","Natural_vegetation"
"1154",1154,1154,"C22.17.03.80-100",2022,17,3,80,100,6.3,39,NA,1.509,NA,449,23,1.17018220788863,NA,NA,NA,20,81.061,1.05,1.38929680280603,1.17018220788863,1.17018220788863,"2022173",334,2022,17,3,NA,NA,NA,NA,NA,NA,"Park/Green Space","Natural_vegetation","Natural_vegetation"
"1155",1155,1155,"C22.18.01.0-10",2022,18,1,0,10,6.7,55,NA,3.12,NA,664,30,1.39655034055294,NA,NA,NA,10,48.371,1.05,1.32814052411548,1.39655034055294,1.39655034055294,"2022181",335,2022,18,1,9.644942054,12.80449204,14.89977255,NA,NA,12.44973555,"Park/Green Space","Natural_vegetation","Natural_vegetation"
"1156",1156,1156,"C22.18.01.10-20",2022,18,1,10,20,6.8,88,NA,2.311,NA,682,33,0.968961278023964,NA,NA,NA,10,33.561,1.05,1.35848005006872,0.968961278023964,0.968961278023964,"2022181",335,2022,18,1,9.644942054,12.80449204,14.89977255,NA,NA,12.44973555,"Park/Green Space","Natural_vegetation","Natural_vegetation"
"1157",1157,1157,"C22.18.01.20-40",2022,18,1,20,40,7,147,NA,1.221,NA,837,21,1.56731168493698,NA,NA,NA,20,108.571,1.05,1.40054636238055,1.56731168493698,1.56731168493698,"2022181",335,2022,18,1,9.644942054,12.80449204,14.89977255,NA,NA,12.44973555,"Park/Green Space","Natural_vegetation","Natural_vegetation"
"1158",1158,1158,"C22.18.01.40-60",2022,18,1,40,60,6.4,180,NA,2.582,NA,966,40,1.24828000762805,NA,NA,NA,20,86.471,1.05,1.34823429387795,1.24828000762805,1.24828000762805,"2022181",335,2022,18,1,9.644942054,12.80449204,14.89977255,NA,NA,12.44973555,"Park/Green Space","Natural_vegetation","Natural_vegetation"
"1159",1159,1159,"C22.18.01.60-80",2022,18,1,60,80,7.2,33,NA,2.612,NA,555,23,1.09569336377487,NA,NA,NA,20,75.901,1.05,1.34710521790121,1.09569336377487,1.09569336377487,"2022181",335,2022,18,1,9.644942054,12.80449204,14.89977255,NA,NA,12.44973555,"Park/Green Space","Natural_vegetation","Natural_vegetation"
"1160",1160,1160,"C22.18.02.0-10",2022,18,2,0,10,7.3,19,NA,5.069,NA,593,38,0.559272635398296,NA,NA,NA,10,19.371,1.05,1.25801787098342,0.559272635398296,0.559272635398296,"2022182",336,2022,18,2,6.252583125,1.89572999,8.048537852,NA,NA,5.398950322,"Park/Green Space","Natural_vegetation","Natural_vegetation"
"1161",1161,1161,"C22.18.02.10-20",2022,18,2,10,20,7.3,18,NA,5.394,NA,539,20,2.05280283152415,NA,NA,NA,10,71.101,1.05,1.24672059258942,2.05280283152415,2.05280283152415,"2022182",336,2022,18,2,6.252583125,1.89572999,8.048537852,NA,NA,5.398950322,"Park/Green Space","Natural_vegetation","Natural_vegetation"
"1162",1162,1162,"C22.18.02.20-40",2022,18,2,20,40,7.3,35,NA,4.016,NA,485,18,1.27498627925799,NA,NA,NA,20,88.321,1.05,1.29539118219424,1.27498627925799,1.27498627925799,"2022182",336,2022,18,2,6.252583125,1.89572999,8.048537852,NA,NA,5.398950322,"Park/Green Space","Natural_vegetation","Natural_vegetation"
"1163",1163,1163,"C22.18.02.40-60",2022,18,2,40,60,7.3,49,NA,2.186,NA,344,14,1.23023522949972,NA,NA,NA,20,85.221,1.05,1.36323425259782,1.23023522949972,1.23023522949972,"2022182",336,2022,18,2,6.252583125,1.89572999,8.048537852,NA,NA,5.398950322,"Park/Green Space","Natural_vegetation","Natural_vegetation"
"1164",1164,1164,"C22.18.02.60-80",2022,18,2,60,80,7.3,32,NA,1.609,NA,359,10,2.24348561096186,NA,NA,NA,20,155.411,1.05,1.38541350818213,2.24348561096186,2.24348561096186,"2022182",336,2022,18,2,6.252583125,1.89572999,8.048537852,NA,NA,5.398950322,"Park/Green Space","Natural_vegetation","Natural_vegetation"
"1165",1165,1165,"C22.18.02.80-100",2022,18,2,80,100,7.1,21,NA,2.31,NA,485,17,1.67601342838205,NA,NA,NA,20,116.101,1.05,1.35851801260149,1.67601342838205,1.67601342838205,"2022182",336,2022,18,2,6.252583125,1.89572999,8.048537852,NA,NA,5.398950322,"Park/Green Space","Natural_vegetation","Natural_vegetation"
"1166",1166,1166,"C22.18.03.0-10",2022,18,3,0,10,6.1,37,NA,5.191,NA,545,40,0.817385141745968,NA,NA,NA,10,28.311,1.05,1.25376405691257,0.817385141745968,0.817385141745968,"2022183",337,2022,18,3,3.39235893,19.42291779,26.07460197,NA,NA,16.29662623,"Park/Green Space","Natural_vegetation","Natural_vegetation"
"1167",1167,1167,"C22.18.03.10-20",2022,18,3,10,20,6.4,41,NA,5.643,NA,522,53,1.21667999216972,NA,NA,NA,10,42.141,1.05,1.23813976321545,1.21667999216972,1.21667999216972,"2022183",337,2022,18,3,3.39235893,19.42291779,26.07460197,NA,NA,16.29662623,"Park/Green Space","Natural_vegetation","Natural_vegetation"
"1168",1168,1168,"C22.18.03.20-40",2022,18,3,20,40,6.7,28,NA,4.21,NA,291,20,1.3979794869807,NA,NA,NA,20,96.841,1.05,1.28841618644889,1.3979794869807,1.3979794869807,"2022183",337,2022,18,3,3.39235893,19.42291779,26.07460197,NA,NA,16.29662623,"Park/Green Space","Natural_vegetation","Natural_vegetation"
"1169",1169,1169,"C22.18.03.40-60",2022,18,3,40,60,6.1,13,NA,1.733,NA,162,9,1.07894780967178,NA,NA,NA,20,74.741,1.05,1.38061446272667,1.07894780967178,1.07894780967178,"2022183",337,2022,18,3,3.39235893,19.42291779,26.07460197,NA,NA,16.29662623,"Park/Green Space","Natural_vegetation","Natural_vegetation"
"1170",1170,1170,"C22.18.03.60-80",2022,18,3,60,80,6.9,8,NA,1.624,NA,257,16,1.29230926626118,NA,NA,NA,20,89.521,1.05,1.38483202365485,1.29230926626118,1.29230926626118,"2022183",337,2022,18,3,3.39235893,19.42291779,26.07460197,NA,NA,16.29662623,"Park/Green Space","Natural_vegetation","Natural_vegetation"
"1171",1171,1171,"C22.18.03.80-100",2022,18,3,80,100,6.6,11,NA,0.844,NA,306,14,1.68366441430847,NA,NA,NA,20,116.631,1.05,1.41542082417299,1.68366441430847,1.68366441430847,"2022183",337,2022,18,3,3.39235893,19.42291779,26.07460197,NA,NA,16.29662623,"Park/Green Space","Natural_vegetation","Natural_vegetation"
"1172",1172,1172,"C22.19.01.0-10",2022,19,1,0,10,7.3,123,NA,10.566,NA,1185,37,0.673315633169359,NA,NA,NA,10,23.321,1.05,1.08107457982397,0.673315633169359,0.673315633169359,"2022191",338,2022,19,1,5.055279973,3.724943138,5.919998916,NA,NA,4.900074009,"Community Garden/Urban Farm","Garden_food_producing_in_ground","Garden_food_producing_in_ground"
"1173",1173,1173,"C22.19.01.10-20",2022,19,1,10,20,7.5,96,44,5.331,NA,523,30,1.23371426272286,NA,NA,NA,10,42.731,1.05,1.24890188146839,1.23371426272286,1.23371426272286,"2022191",338,2022,19,1,5.055279973,3.724943138,5.919998916,NA,NA,4.900074009,"Community Garden/Urban Farm","Garden_food_producing_in_ground","Garden_food_producing_in_ground"
"1174",1174,1174,"C22.19.01.20-40",2022,19,1,20,40,7.7,21,12,1.352,NA,458,14,1.8040591739807,NA,NA,NA,20,124.971,1.05,1.39541725689437,1.8040591739807,1.8040591739807,"2022191",338,2022,19,1,5.055279973,3.724943138,5.919998916,NA,NA,4.900074009,"Community Garden/Urban Farm","Garden_food_producing_in_ground","Garden_food_producing_in_ground"
"1175",1175,1175,"C22.19.01.40-60",2022,19,1,40,60,8.1,13.5,12,1.392,NA,343,11,1.8013163677052,NA,NA,NA,20,124.781,1.05,1.39385515276331,1.8013163677052,1.8013163677052,"2022191",338,2022,19,1,5.055279973,3.724943138,5.919998916,NA,NA,4.900074009,"Community Garden/Urban Farm","Garden_food_producing_in_ground","Garden_food_producing_in_ground"
"1176",1176,1176,"C22.19.01.60-80",2022,19,1,60,80,7.9,20,15,1.778,NA,309,11,2.06578063595404,NA,NA,NA,20,143.101,1.05,1.37887730807642,2.06578063595404,2.06578063595404,"2022191",338,2022,19,1,5.055279973,3.724943138,5.919998916,NA,NA,4.900074009,"Community Garden/Urban Farm","Garden_food_producing_in_ground","Garden_food_producing_in_ground"
"1177",1177,1177,"C22.19.01.80-100",2022,19,1,80,100,7.8,33,23,1.289,NA,485,11,1.49152361679798,NA,NA,NA,20,103.321,1.05,1.39788139617498,1.49152361679798,1.49152361679798,"2022191",338,2022,19,1,5.055279973,3.724943138,5.919998916,NA,NA,4.900074009,"Community Garden/Urban Farm","Garden_food_producing_in_ground","Garden_food_producing_in_ground"
"1178",1178,1178,"C22.19.02.0-10",2022,19,2,0,10,7.5,112,58,5.879,NA,797,25,1.04345012213772,NA,NA,NA,10,36.141,1.05,1.23006620546083,1.04345012213772,1.04345012213772,"2022192",339,2022,19,2,12.9042673,3.991010505,3.591909455,NA,NA,6.82906242,"Community Garden/Urban Farm","Garden_food_producing_in_ground","Garden_food_producing_in_ground"
"1179",1179,1179,"C22.19.02.10-20",2022,19,2,10,20,7.6,53,32,3.005,NA,821,19,1.23458041207302,NA,NA,NA,10,42.761,1.05,1.33240830084103,1.23458041207302,1.23458041207302,"2022192",339,2022,19,2,12.9042673,3.991010505,3.591909455,NA,NA,6.82906242,"Community Garden/Urban Farm","Garden_food_producing_in_ground","Garden_food_producing_in_ground"
"1180",1180,1180,"C22.19.02.20-40",2022,19,2,20,40,7.8,38,25,1.675,NA,489,10,1.80434789043076,NA,NA,NA,20,124.991,1.05,1.3828569431422,1.80434789043076,1.80434789043076,"2022192",339,2022,19,2,12.9042673,3.991010505,3.591909455,NA,NA,6.82906242,"Community Garden/Urban Farm","Garden_food_producing_in_ground","Garden_food_producing_in_ground"
"1181",1181,1181,"C22.19.02.40-60",2022,19,2,40,60,7.9,16,11,0.81,NA,421,0,1.80160508415525,NA,NA,NA,20,124.801,1.05,1.41677062177109,1.80160508415525,1.80160508415525,"2022192",339,2022,19,2,12.9042673,3.991010505,3.591909455,NA,NA,6.82906242,"Community Garden/Urban Farm","Garden_food_producing_in_ground","Garden_food_producing_in_ground"
"1182",1182,1182,"C22.19.02.60-80",2022,19,2,60,80,7.9,13,12,0.424,NA,506,7,2.06635806885415,NA,NA,NA,20,143.141,1.05,1.43219226209311,2.06635806885415,2.06635806885415,"2022192",339,2022,19,2,12.9042673,3.991010505,3.591909455,NA,NA,6.82906242,"Community Garden/Urban Farm","Garden_food_producing_in_ground","Garden_food_producing_in_ground"
"1183",1183,1183,"C22.19.02.80-100",2022,19,2,80,100,7.7,51,31,1.369,NA,429,8,1.49137925857295,NA,NA,NA,20,103.311,1.05,1.39475313232902,1.49137925857295,1.49137925857295,"2022192",339,2022,19,2,12.9042673,3.991010505,3.591909455,NA,NA,6.82906242,"Community Garden/Urban Farm","Garden_food_producing_in_ground","Garden_food_producing_in_ground"
"1184",1184,1184,"C22.19.03.0-10",2022,19,3,0,10,7.5,13,9,2.318,NA,438,21,1.13352965455436,NA,NA,NA,10,39.261,1.05,1.35821434440073,1.13352965455436,1.13352965455436,"2022193",340,2022,19,3,7.538575399,8.71370627,6.651684176,NA,NA,7.634655282,"Community Garden/Urban Farm","Garden_non_food_producing","Garden_non_food_producing"
"1185",1185,1185,"C22.19.03.10-20",2022,19,3,10,20,7.7,9,6,1.4,NA,394,18,0.895338583260366,NA,NA,NA,10,31.011,1.05,1.39354295805307,0.895338583260366,0.895338583260366,"2022193",340,2022,19,3,7.538575399,8.71370627,6.651684176,NA,NA,7.634655282,"Community Garden/Urban Farm","Garden_non_food_producing","Garden_non_food_producing"
"1186",1186,1186,"C22.19.03.20-40",2022,19,3,20,40,8.1,4,1,0.608,NA,299,7,1.66287682990463,NA,NA,NA,20,115.191,1.05,1.42481861515574,1.66287682990463,1.66287682990463,"2022193",340,2022,19,3,7.538575399,8.71370627,6.651684176,NA,NA,7.634655282,"Community Garden/Urban Farm","Garden_non_food_producing","Garden_non_food_producing"
"1187",1187,1187,"C22.19.03.40-60",2022,19,3,40,60,8.2,3,2,0.358,NA,307,6,1.78745797810264,NA,NA,NA,20,123.821,1.05,1.43484714593028,1.78745797810264,1.78745797810264,"2022193",340,2022,19,3,7.538575399,8.71370627,6.651684176,NA,NA,7.634655282,"Community Garden/Urban Farm","Garden_non_food_producing","Garden_non_food_producing"
"1188",1188,1188,"C22.19.03.60-80",2022,19,3,60,80,8.2,3,1,0.304,NA,336,7,1.99533382214103,NA,NA,NA,20,138.221,1.05,1.43702325847132,1.99533382214103,1.99533382214103,"2022193",340,2022,19,3,7.538575399,8.71370627,6.651684176,NA,NA,7.634655282,"Community Garden/Urban Farm","Garden_non_food_producing","Garden_non_food_producing"
"1189",1189,1189,"C22.19.03.80-100",2022,19,3,80,100,8.2,3,1,0.385,NA,324,0,1.04083723826474,NA,NA,NA,20,72.101,1.05,1.43376041819437,1.04083723826474,1.04083723826474,"2022193",340,2022,19,3,7.538575399,8.71370627,6.651684176,NA,NA,7.634655282,"Community Garden/Urban Farm","Garden_non_food_producing","Garden_non_food_producing"
"1190",1190,1190,"C22.20.01.0-10",2022,20,1,0,10,7.2,113,NA,7.026,NA,983,80,1.11245335370047,NA,NA,NA,10,38.531,1.05,1.1916355185634,1.11245335370047,1.11245335370047,"2022201",341,2022,20,1,26.47370302,16.62921044,26.6067367,NA,NA,23.23655005,"Community Garden/Urban Farm","Garden_food_producing_in_ground","Garden_food_producing_in_ground"
"1191",1191,1191,"C22.20.01.10-20",2022,20,1,10,20,7.2,113,NA,6.116,NA,906,84,1.18838578006449,NA,NA,NA,10,41.161,1.05,1.22201607260224,1.18838578006449,1.18838578006449,"2022201",341,2022,20,1,26.47370302,16.62921044,26.6067367,NA,NA,23.23655005,"Community Garden/Urban Farm","Garden_food_producing_in_ground","Garden_food_producing_in_ground"
"1192",1192,1192,"C22.20.01.20-40",2022,20,1,20,40,7,75,NA,2.218,NA,478,50,1.04994624226392,NA,NA,NA,20,72.732,1.05,1.36201546907246,1.04994624226392,1.04994624226392,"2022201",341,2022,20,1,26.47370302,16.62921044,26.6067367,NA,NA,23.23655005,"Community Garden/Urban Farm","Garden_food_producing_in_ground","Garden_food_producing_in_ground"
"1193",1193,1193,"C22.20.01.40-60",2022,20,1,40,60,7.4,76,NA,1.089,NA,396,29,1.80968914475674,NA,NA,NA,20,125.361,1.05,1.40573516298059,1.80968914475674,1.80968914475674,"2022201",341,2022,20,1,26.47370302,16.62921044,26.6067367,NA,NA,23.23655005,"Community Garden/Urban Farm","Garden_food_producing_in_ground","Garden_food_producing_in_ground"
"1194",1194,1194,"C22.20.01.60-80",2022,20,1,60,80,7.3,72,NA,1.05,NA,356,12,2.04268331994978,NA,NA,NA,20,141.501,1.05,1.40727217578326,2.04268331994978,2.04268331994978,"2022201",341,2022,20,1,26.47370302,16.62921044,26.6067367,NA,NA,23.23655005,"Community Garden/Urban Farm","Garden_food_producing_in_ground","Garden_food_producing_in_ground"
"1195",1195,1195,"C22.20.01.80-100",2022,20,1,80,100,7.3,74,NA,1.43,NA,385,14,1.28768980306033,NA,NA,NA,20,89.201,1.05,1.39237289864517,1.28768980306033,1.28768980306033,"2022201",341,2022,20,1,26.47370302,16.62921044,26.6067367,NA,NA,23.23655005,"Community Garden/Urban Farm","Garden_food_producing_in_ground","Garden_food_producing_in_ground"
"1196",1196,1196,"C22.20.02.0-10",2022,20,2,0,10,7.4,124,NA,8.559,NA,1015,50,1.01602205938266,NA,NA,NA,10,35.191,1.05,1.14230458913354,1.01602205938266,1.01602205938266,"2022202",342,2022,20,2,16.58994762,7.58291996,5.121796815,NA,NA,9.764888132,"Community Garden/Urban Farm","Garden_food_producing_in_ground","Garden_food_producing_in_ground"
"1197",1197,1197,"C22.20.02.10-20",2022,20,2,10,20,7.4,82,NA,4.078,NA,666,85,1.28221862633182,NA,NA,NA,10,44.411,1.05,1.29315762035676,1.28221862633182,1.28221862633182,"2022202",342,2022,20,2,16.58994762,7.58291996,5.121796815,NA,NA,9.764888132,"Community Garden/Urban Farm","Garden_food_producing_in_ground","Garden_food_producing_in_ground"
"1198",1198,1198,"C22.20.02.20-40",2022,20,2,20,40,7.5,88,42,3.302,NA,606,52,0.897778237263316,NA,NA,NA,20,62.191,1.05,1.32141648629788,0.897778237263316,0.897778237263316,"2022202",342,2022,20,2,16.58994762,7.58291996,5.121796815,NA,NA,9.764888132,"Community Garden/Urban Farm","Garden_food_producing_in_ground","Garden_food_producing_in_ground"
"1199",1199,1199,"C22.20.02.40-60",2022,20,2,40,60,7.4,88,NA,1.308,NA,471,29,1.45528970231629,NA,NA,NA,20,100.811,1.05,1.39713774981912,1.45528970231629,1.45528970231629,"2022202",342,2022,20,2,16.58994762,7.58291996,5.121796815,NA,NA,9.764888132,"Community Garden/Urban Farm","Garden_food_producing_in_ground","Garden_food_producing_in_ground"
"1200",1200,1200,"C22.20.02.60-80",2022,20,2,60,80,7.6,94,40,1.031,NA,388,23,1.60672148036926,NA,NA,NA,20,111.301,1.05,1.4080216321843,1.60672148036926,1.60672148036926,"2022202",342,2022,20,2,16.58994762,7.58291996,5.121796815,NA,NA,9.764888132,"Community Garden/Urban Farm","Garden_food_producing_in_ground","Garden_food_producing_in_ground"
"1201",1201,1201,"C22.20.02.80-100",2022,20,2,80,100,7.7,103,47,1.109,NA,454,18,1.22720370677416,NA,NA,NA,20,85.011,1.05,1.4049476524107,1.22720370677416,1.22720370677416,"2022202",342,2022,20,2,16.58994762,7.58291996,5.121796815,NA,NA,9.764888132,"Community Garden/Urban Farm","Garden_food_producing_in_ground","Garden_food_producing_in_ground"
"1202",1202,1202,"C22.20.03.0-10",2022,20,3,0,10,7.1,93,NA,5.284,NA,683,99,1.2501711003759,NA,NA,NA,10,43.301,1.05,1.25053189417558,1.2501711003759,1.2501711003759,"2022203",343,2022,20,3,30.59774721,15.2988736,14.36763782,NA,NA,20.08808621,"Community Garden/Urban Farm","Garden_food_producing_in_ground","Garden_food_producing_in_ground"
"1203",1203,1203,"C22.20.03.10-20",2022,20,3,10,20,7.1,80,NA,3.498,NA,609,92,1.52676145952699,NA,NA,NA,10,52.881,1.05,1.3142163796279,1.52676145952699,1.52676145952699,"2022203",343,2022,20,3,30.59774721,15.2988736,14.36763782,NA,NA,20.08808621,"Community Garden/Urban Farm","Garden_food_producing_in_ground","Garden_food_producing_in_ground"
"1204",1204,1204,"C22.20.03.20-40",2022,20,3,20,40,7.2,89,NA,1.602,NA,605,52,1.50350534947519,NA,NA,NA,20,104.151,1.05,1.38568495768225,1.50350534947519,1.50350534947519,"2022203",343,2022,20,3,30.59774721,15.2988736,14.36763782,NA,NA,20.08808621,"Community Garden/Urban Farm","Garden_food_producing_in_ground","Garden_food_producing_in_ground"
"1205",1205,1205,"C22.20.03.40-60",2022,20,3,40,60,7.2,83,NA,1.37,NA,402,32,2.11630601471337,NA,NA,NA,20,146.601,1.05,1.39471407678295,2.11630601471337,2.11630601471337,"2022203",343,2022,20,3,30.59774721,15.2988736,14.36763782,NA,NA,20.08808621,"Community Garden/Urban Farm","Garden_food_producing_in_ground","Garden_food_producing_in_ground"
"1206",1206,1206,"C22.20.03.60-80",2022,20,3,60,80,7.2,74,NA,1.54,NA,378,44,0.862121755681731,NA,NA,NA,20,59.721,1.05,1.38809172842864,0.862121755681731,0.862121755681731,"2022203",343,2022,20,3,30.59774721,15.2988736,14.36763782,NA,NA,20.08808621,"Community Garden/Urban Farm","Garden_food_producing_in_ground","Garden_food_producing_in_ground"
"1207",1207,1207,"C22.20.03.80-100",2022,20,3,80,100,7.3,71,NA,0.745,NA,519,9,1.14607438430918,NA,NA,NA,20,79.391,1.05,1.41935497346072,1.14607438430918,1.14607438430918,"2022203",343,2022,20,3,30.59774721,15.2988736,14.36763782,NA,NA,20.08808621,"Community Garden/Urban Farm","Garden_food_producing_in_ground","Garden_food_producing_in_ground"
"1208",1208,1208,"C22.21.01.0-10",2022,21,1,0,10,7.4,26,NA,3.199,NA,521,42,1.0373870766866,NA,NA,NA,10,35.931,1.05,1.32521731367052,1.0373870766866,1.0373870766866,"2022211",344,2022,21,1,14.89977255,3.292583667,6.784717859,NA,NA,8.325691359,"Community Garden/Urban Farm","Garden_non_food_producing","Garden_non_food_producing"
"1209",1209,1209,"C22.21.01.10-20",2022,21,1,10,20,7.7,37,22,2.112,NA,1218,75,1.5365778188288,NA,NA,NA,10,53.221,1.05,1.36605719953172,1.5365778188288,1.5365778188288,"2022211",344,2022,21,1,14.89977255,3.292583667,6.784717859,NA,NA,8.325691359,"Community Garden/Urban Farm","Garden_non_food_producing","Garden_non_food_producing"
"1210",1210,1210,"C22.21.01.20-40",2022,21,1,20,40,7.8,6,7,1.267,NA,394,19,1.85674992611544,NA,NA,NA,20,128.621,1.05,1.39874299301094,1.85674992611544,1.85674992611544,"2022211",344,2022,21,1,14.89977255,3.292583667,6.784717859,NA,NA,8.325691359,"Community Garden/Urban Farm","Garden_non_food_producing","Garden_non_food_producing"
"1211",1211,1211,"C22.21.01.40-60",2022,21,1,40,60,8,5,5,1.379,NA,409,17,1.82932186336037,NA,NA,NA,20,126.721,1.05,1.39436262987813,1.82932186336037,1.82932186336037,"2022211",344,2022,21,1,14.89977255,3.292583667,6.784717859,NA,NA,8.325691359,"Community Garden/Urban Farm","Garden_non_food_producing","Garden_non_food_producing"
"1212",1212,1212,"C22.21.01.60-80",2022,21,1,60,80,7.9,4,4,0.89,NA,571,14,1.80304866640552,NA,NA,NA,20,124.901,1.05,1.41359682951115,1.80304866640552,1.80304866640552,"2022211",344,2022,21,1,14.89977255,3.292583667,6.784717859,NA,NA,8.325691359,"Community Garden/Urban Farm","Garden_non_food_producing","Garden_non_food_producing"
"1213",1213,1213,"C22.21.01.80-100",2022,21,1,80,100,7.8,3,3,0.901,NA,386,13,1.81098836878198,NA,NA,NA,20,125.451,1.05,1.41316103172426,1.81098836878198,1.81098836878198,"2022211",344,2022,21,1,14.89977255,3.292583667,6.784717859,NA,NA,8.325691359,"Community Garden/Urban Farm","Garden_non_food_producing","Garden_non_food_producing"
"1214",1214,1214,"C22.21.02.0-10",2022,21,2,0,10,7.5,187,104,5.739,NA,854,41,0.808434931794315,NA,NA,NA,10,28.001,1.05,1.2348486679523,0.808434931794315,0.808434931794315,"2022212",345,2022,21,2,3.192808404,33.12538719,24.74426513,NA,NA,20.35415357,"Community Garden/Urban Farm","Garden_food_producing_in_ground","Garden_food_producing_in_ground"
"1215",1215,1215,"C22.21.02.10-20",2022,21,2,10,20,7.4,222,NA,7.04,NA,1310,44,1.65148696595002,NA,NA,NA,10,57.201,1.05,1.19117460839673,1.65148696595002,1.65148696595002,"2022212",345,2022,21,2,3.192808404,33.12538719,24.74426513,NA,NA,20.35415357,"Community Garden/Urban Farm","Garden_food_producing_in_ground","Garden_food_producing_in_ground"
"1216",1216,1216,"C22.21.02.20-40",2022,21,2,20,40,7.6,95,64,2.81,NA,478,59,2.49351405670804,NA,NA,NA,20,172.731,1.05,1.33967888727183,2.49351405670804,2.49351405670804,"2022212",345,2022,21,2,3.192808404,33.12538719,24.74426513,NA,NA,20.35415357,"Community Garden/Urban Farm","Garden_food_producing_in_ground","Garden_food_producing_in_ground"
"1217",1217,1217,"C22.21.02.40-60",2022,21,2,40,60,7.6,88,68,3.521,NA,593,51,1.67226011453136,NA,NA,NA,20,115.841,1.05,1.31337425654666,1.67226011453136,1.67226011453136,"2022212",345,2022,21,2,3.192808404,33.12538719,24.74426513,NA,NA,20.35415357,"Community Garden/Urban Farm","Garden_food_producing_in_ground","Garden_food_producing_in_ground"
"1218",1218,1218,"C22.21.02.60-80",2022,21,2,60,80,7.7,14,14,1.285,NA,452,26,2.35752860873293,NA,NA,NA,20,163.311,1.05,1.39803800761904,2.35752860873293,2.35752860873293,"2022212",345,2022,21,2,3.192808404,33.12538719,24.74426513,NA,NA,20.35415357,"Community Garden/Urban Farm","Garden_food_producing_in_ground","Garden_food_producing_in_ground"
"1219",1219,1219,"C22.21.03.0-10",2022,21,3,0,10,8.1,261,102,8.157,NA,1133,21,0.608643148357414,NA,NA,NA,10,21.081,1.05,1.15502083308672,0.608643148357414,0.608643148357414,"2022213",346,2022,21,3,28.07010722,5.875654355,2.860224195,NA,NA,12.26866192,"Community Garden/Urban Farm","Garden_food_producing_in_ground","Garden_food_producing_in_ground"
"1220",1220,1220,"C22.21.03.10-20",2022,21,3,10,20,8.1,118,76,6.974,NA,870,18,1.74474237931725,NA,NA,NA,10,60.431,1.05,1.19334917577247,1.74474237931725,1.74474237931725,"2022213",346,2022,21,3,28.07010722,5.875654355,2.860224195,NA,NA,12.26866192,"Community Garden/Urban Farm","Garden_food_producing_in_ground","Garden_food_producing_in_ground"
"1221",1221,1221,"C22.21.03.20-40",2022,21,3,20,40,7.9,19,7.5,2.117,NA,422,95,0.250475956243762,NA,NA,NA,20,17.351,1.05,1.3658662613093,0.250475956243762,0.250475956243762,"2022213",346,2022,21,3,28.07010722,5.875654355,2.860224195,NA,NA,12.26866192,"Community Garden/Urban Farm","Garden_food_producing_in_ground","Garden_food_producing_in_ground"
"1222",1222,1222,"C22.22.01.0-10",2022,22,1,0,10,7.6,106,52,4,NA,598,57,1.96445559780783,NA,NA,NA,10,68.041,1.05,1.29596826366871,1.96445559780783,1.96445559780783,"2022221",347,2022,22,1,15.96404202,8.780223112,3.26955172,NA,NA,9.337938951,"Park/Green Space","Natural_vegetation","Natural_vegetation"
"1223",1223,1223,"C22.22.01.10-20",2022,22,1,10,20,7.7,59,28,4.109,NA,344,67,1.73839061741607,NA,NA,NA,10,60.211,1.05,1.29204240493595,1.73839061741607,1.73839061741607,"2022221",347,2022,22,1,15.96404202,8.780223112,3.26955172,NA,NA,9.337938951,"Park/Green Space","Natural_vegetation","Natural_vegetation"
"1224",1224,1224,"C22.22.01.20-40",2022,22,1,20,40,7.8,48,25,1.327,NA,316,16,2.17462673762415,NA,NA,NA,20,150.641,1.05,1.39639452954989,2.17462673762415,2.17462673762415,"2022221",347,2022,22,1,15.96404202,8.780223112,3.26955172,NA,NA,9.337938951,"Park/Green Space","Natural_vegetation","Natural_vegetation"
"1225",1225,1225,"C22.22.01.40-60",2022,22,1,40,60,7.6,39,26,1.75,NA,488,18,1.69781152036108,NA,NA,NA,20,117.611,1.05,1.37995792714409,1.69781152036108,1.69781152036108,"2022221",347,2022,22,1,15.96404202,8.780223112,3.26955172,NA,NA,9.337938951,"Park/Green Space","Natural_vegetation","Natural_vegetation"
"1226",1226,1226,"C22.22.01.60-80",2022,22,1,60,80,7.5,41,21,2.114,NA,369,10,1.34312336147057,NA,NA,NA,20,93.041,1.05,1.36598082078695,1.34312336147057,1.34312336147057,"2022221",347,2022,22,1,15.96404202,8.780223112,3.26955172,NA,NA,9.337938951,"Park/Green Space","Natural_vegetation","Natural_vegetation"
"1227",1227,1227,"C22.22.01.80-100",2022,22,1,80,100,7.6,36,18,1.119,NA,241,8,1.80156177668774,NA,NA,NA,20,124.798,1.05,1.40455407525393,1.80156177668774,1.80156177668774,"2022221",347,2022,22,1,15.96404202,8.780223112,3.26955172,NA,NA,9.337938951,"Park/Green Space","Natural_vegetation","Natural_vegetation"
"1228",1228,1228,"C22.22.02.0-10",2022,22,2,0,10,7.3,40,NA,4.858,NA,613,46,1.33418758734142,NA,NA,NA,10,46.211,1.05,1.26541192881448,1.33418758734142,1.33418758734142,"2022222",348,2022,22,2,19.98793979,25.14336618,15.16583992,NA,NA,20.09904863,"Park/Green Space","Natural_vegetation","Natural_vegetation"
"1229",1229,1229,"C22.22.02.10-20",2022,22,2,10,20,7.4,46,NA,5.451,NA,576,47,1.13988141645553,NA,NA,NA,10,39.481,1.05,1.24475061424613,1.13988141645553,1.13988141645553,"2022222",348,2022,22,2,19.98793979,25.14336618,15.16583992,NA,NA,20.09904863,"Park/Green Space","Natural_vegetation","Natural_vegetation"
"1230",1230,1230,"C22.22.02.20-40",2022,22,2,20,40,7.3,39,NA,3.293,NA,582,36,1.11330506722812,NA,NA,NA,20,77.121,1.05,1.32174812677767,1.11330506722812,1.11330506722812,"2022222",348,2022,22,2,19.98793979,25.14336618,15.16583992,NA,NA,20.09904863,"Park/Green Space","Natural_vegetation","Natural_vegetation"
"1231",1231,1231,"C22.22.02.40-60",2022,22,2,40,60,7.1,29,NA,2.084,NA,325,28,1.36419966232446,NA,NA,NA,20,94.501,1.05,1.36712698593104,1.36419966232446,1.36419966232446,"2022222",348,2022,22,2,19.98793979,25.14336618,15.16583992,NA,NA,20.09904863,"Park/Green Space","Natural_vegetation","Natural_vegetation"
"1232",1232,1232,"C22.22.02.60-80",2022,22,2,60,80,6.6,29,NA,1.123,NA,560,22,1.27946138423381,NA,NA,NA,20,88.631,1.05,1.40439667763044,1.27946138423381,1.27946138423381,"2022222",348,2022,22,2,19.98793979,25.14336618,15.16583992,NA,NA,20.09904863,"Park/Green Space","Natural_vegetation","Natural_vegetation"
"1233",1233,1233,"C22.22.02.80-100",2022,22,2,80,100,7.8,14,13,1.785,NA,735,13,1.33633852489432,NA,NA,NA,20,92.571,1.05,1.37860729589038,1.33633852489432,1.33633852489432,"2022222",348,2022,22,2,19.98793979,25.14336618,15.16583992,NA,NA,20.09904863,"Park/Green Space","Natural_vegetation","Natural_vegetation"
"1234",1234,1234,"C22.22.03.0-10",2022,22,3,0,10,7.3,38,NA,7.048,NA,441,31,0.546857828046003,NA,NA,NA,10,18.941,1.05,1.19091131853777,0.546857828046003,0.546857828046003,"2022223",349,2022,22,3,NA,NA,NA,NA,NA,NA,"Residential","Maintained_lawn","Maintained_lawn"
"1235",1235,1235,"C22.22.03.10-20",2022,22,3,10,20,7.2,41,NA,7.27,NA,547,36,0.722397429678424,NA,NA,NA,10,25.021,1.05,1.18363031274363,0.722397429678424,0.722397429678424,"2022223",349,2022,22,3,NA,NA,NA,NA,NA,NA,"Residential","Maintained_lawn","Maintained_lawn"
"1236",1236,1236,"C22.22.03.20-40",2022,22,3,20,40,7.5,47,20,3.521,NA,330,21,0.708091529578282,NA,NA,NA,20,49.051,1.05,1.31337425654666,0.708091529578282,0.708091529578282,"2022223",349,2022,22,3,NA,NA,NA,NA,NA,NA,"Residential","Maintained_lawn","Maintained_lawn"
"1237",1237,1237,"C22.23.01.0-10",2022,23,1,0,10,7.1,33,NA,6.94,NA,725,94,0.837595293249701,NA,NA,NA,10,29.011,1.05,1.19447109817496,0.837595293249701,0.837595293249701,"2022231",350,2022,23,1,7.715953644,36.45122928,19.15685043,NA,NA,21.10801112,"Residential","Garden_food_producing_in_ground","Garden_food_producing_in_ground"
"1238",1238,1238,"C22.23.01.10-20",2022,23,1,10,20,7.2,38,NA,5.988,NA,781,46,1.25219211552628,NA,NA,NA,10,43.371,1.05,1.22635667535366,1.25219211552628,1.25219211552628,"2022231",350,2022,23,1,7.715953644,36.45122928,19.15685043,NA,NA,21.10801112,"Residential","Garden_food_producing_in_ground","Garden_food_producing_in_ground"
"1239",1239,1239,"C22.23.01.20-40",2022,23,1,20,40,7.3,38,NA,5.74,NA,598,64,0.953789228573661,NA,NA,NA,20,66.071,1.05,1.23481443584015,0.953789228573661,0.953789228573661,"2022231",350,2022,23,1,7.715953644,36.45122928,19.15685043,NA,NA,21.10801112,"Residential","Garden_food_producing_in_ground","Garden_food_producing_in_ground"
"1240",1240,1240,"C22.23.01.40-60",2022,23,1,40,60,7.3,32,NA,8.435,NA,682,50,0.687881378074549,NA,NA,NA,20,47.651,1.05,1.14621057899019,0.687881378074549,0.687881378074549,"2022231",350,2022,23,1,7.715953644,36.45122928,19.15685043,NA,NA,21.10801112,"Residential","Garden_food_producing_in_ground","Garden_food_producing_in_ground"
"1241",1241,1241,"C22.23.01.60-80",2022,23,1,60,80,6.6,29,NA,12.045,NA,1146,48,0.569507633552686,NA,NA,NA,20,39.451,1.05,1.03826699590419,0.569507633552686,0.569507633552686,"2022231",350,2022,23,1,7.715953644,36.45122928,19.15685043,NA,NA,21.10801112,"Residential","Garden_food_producing_in_ground","Garden_food_producing_in_ground"
"1242",1242,1242,"C22.23.01.80-100",2022,23,1,80,100,7.2,9,NA,10.539,NA,756,59,0.667238151895736,NA,NA,NA,20,46.221,1.05,1.08187394449423,0.667238151895736,0.667238151895736,"2022231",350,2022,23,1,7.715953644,36.45122928,19.15685043,NA,NA,21.10801112,"Residential","Garden_food_producing_in_ground","Garden_food_producing_in_ground"
"1243",1243,1243,"C22.23.02.0-10",2022,23,2,0,10,7.3,6,NA,7.953,NA,830,84,0.823159470747035,NA,NA,NA,10,28.511,1.05,1.16153307356753,0.823159470747035,0.823159470747035,"2022232",351,2022,23,2,19.99879398,25.14336618,15.16583992,NA,NA,20.10266669,"Residential","Maintained_lawn","Maintained_lawn"
"1244",1244,1244,"C22.23.02.10-20",2022,23,2,10,20,7.5,36,20,4.623,NA,679,130,1.19704727356609,NA,NA,NA,10,41.461,1.05,1.27370260263766,1.19704727356609,1.19704727356609,"2022232",351,2022,23,2,19.99879398,25.14336618,15.16583992,NA,NA,20.10266669,"Residential","Maintained_lawn","Maintained_lawn"
"1245",1245,1245,"C22.23.02.20-40",2022,23,2,20,40,7.3,30,NA,3.84,NA,589,118,1.17249193948905,NA,NA,NA,20,81.221,1.05,1.30175442302969,1.17249193948905,1.17249193948905,"2022232",351,2022,23,2,19.99879398,25.14336618,15.16583992,NA,NA,20.10266669,"Residential","Maintained_lawn","Maintained_lawn"
"1246",1246,1246,"C22.23.02.40-60",2022,23,2,40,60,7.1,34,NA,3.514,NA,496,91,1.2220068106732,NA,NA,NA,20,84.651,1.05,1.31363049302877,1.2220068106732,1.2220068106732,"2022232",351,2022,23,2,19.99879398,25.14336618,15.16583992,NA,NA,20.10266669,"Residential","Maintained_lawn","Maintained_lawn"
"1247",1247,1247,"C22.23.02.60-80",2022,23,2,60,80,7.1,15,NA,6.609,NA,549,92,0.612382026385605,NA,NA,NA,20,42.421,1.05,1.20545368173006,0.612382026385605,0.612382026385605,"2022232",351,2022,23,2,19.99879398,25.14336618,15.16583992,NA,NA,20.10266669,"Residential","Maintained_lawn","Maintained_lawn"
"1248",1248,1248,"C22.23.02.80-100",2022,23,2,80,100,6.9,8,NA,13.091,NA,809,78,0.456763859806863,NA,NA,NA,20,31.641,1.05,1.00912449004718,0.456763859806863,0.456763859806863,"2022232",351,2022,23,2,19.99879398,25.14336618,15.16583992,NA,NA,20.10266669,"Residential","Maintained_lawn","Maintained_lawn"
"1249",1249,1249,"C22.23.03.0-10",2022,23,3,0,10,7.1,31,NA,6.317,NA,790,82,0.532133289093283,NA,NA,NA,10,18.431,1.05,1.21523370228395,0.532133289093283,0.532133289093283,"2022233",352,2022,23,3,27.93707354,15.43190729,23.14786093,NA,NA,22.17228059,"Park/Green Space","Maintained_lawn","Maintained_lawn"
"1250",1250,1250,"C22.23.03.10-20",2022,23,3,10,20,7.2,54,NA,5.763,NA,803,131,1.05932952689065,NA,NA,NA,10,36.691,1.05,1.23402738219355,1.05932952689065,1.05932952689065,"2022233",352,2022,23,3,27.93707354,15.43190729,23.14786093,NA,NA,22.17228059,"Park/Green Space","Maintained_lawn","Maintained_lawn"
"1251",1251,1251,"C22.23.03.20-40",2022,23,3,20,40,7.2,39,NA,2.53,NA,446,51,1.1678724762882,NA,NA,NA,20,80.901,1.05,1.35019378095943,1.1678724762882,1.1678724762882,"2022233",352,2022,23,3,27.93707354,15.43190729,23.14786093,NA,NA,22.17228059,"Park/Green Space","Maintained_lawn","Maintained_lawn"
"1252",1252,1252,"C22.23.03.40-60",2022,23,3,40,60,6.5,25,NA,5.672,NA,517,52,0.848407724304198,NA,NA,NA,20,58.771,1.05,1.23714457334734,0.848407724304198,0.848407724304198,"2022233",352,2022,23,3,27.93707354,15.43190729,23.14786093,NA,NA,22.17228059,"Park/Green Space","Maintained_lawn","Maintained_lawn"
"1253",1253,1253,"C22.23.03.60-80",2022,23,3,60,80,4.8,35,NA,18.416,NA,764,69,0.622631460362498,NA,NA,NA,20,43.131,1.05,0.874218238317911,0.622631460362498,0.622631460362498,"2022233",352,2022,23,3,27.93707354,15.43190729,23.14786093,NA,NA,22.17228059,"Park/Green Space","Maintained_lawn","Maintained_lawn"
"1254",1254,1254,"C22.23.03.80-100",2022,23,3,80,100,5.4,29,NA,14.637,NA,743,104,0.474808637935195,NA,NA,NA,20,32.891,1.05,0.967700890199281,0.474808637935195,0.474808637935195,"2022233",352,2022,23,3,27.93707354,15.43190729,23.14786093,NA,NA,22.17228059,"Park/Green Space","Maintained_lawn","Maintained_lawn"
"1255",1255,1255,"C22.24.01.0-10",2022,24,1,0,10,7.3,8,NA,5.44,NA,485,48,1.13728296840505,NA,NA,NA,10,39.391,1.05,1.24513052179149,1.13728296840505,1.13728296840505,"2022241",353,2022,24,1,8.514155745,3.857976822,4.789212606,NA,NA,5.720448391,"Park/Green Space","Maintained_lawn","Maintained_lawn"
"1256",1256,1256,"C22.24.01.10-20",2022,24,1,10,20,7.3,17,NA,2.479,NA,344,40,2.07272426657782,NA,NA,NA,10,71.791,1.05,1.3521185734213,2.07272426657782,2.07272426657782,"2022241",353,2022,24,1,8.514155745,3.857976822,4.789212606,NA,NA,5.720448391,"Park/Green Space","Maintained_lawn","Maintained_lawn"
"1257",1257,1257,"C22.24.01.20-40",2022,24,1,20,40,7.3,31,NA,0.429,NA,216,11,1.56500195333655,NA,NA,NA,20,108.411,1.05,1.43199134982585,1.56500195333655,1.56500195333655,"2022241",353,2022,24,1,8.514155745,3.857976822,4.789212606,NA,NA,5.720448391,"Park/Green Space","Maintained_lawn","Maintained_lawn"
"1258",1258,1258,"C22.24.01.40-60",2022,24,1,40,60,7.1,34,NA,0.358,NA,160,6,2.41541625696862,NA,NA,NA,20,167.321,1.05,1.43484714593028,2.41541625696862,2.41541625696862,"2022241",353,2022,24,1,8.514155745,3.857976822,4.789212606,NA,NA,5.720448391,"Park/Green Space","Maintained_lawn","Maintained_lawn"
"1259",1259,1259,"C22.24.01.60-80",2022,24,1,60,80,6.9,55,NA,0.491,NA,1230,49,1.91131733517551,NA,NA,NA,20,132.401,1.05,1.42950255361324,1.91131733517551,1.91131733517551,"2022241",353,2022,24,1,8.514155745,3.857976822,4.789212606,NA,NA,5.720448391,"Park/Green Space","Maintained_lawn","Maintained_lawn"
"1260",1260,1260,"C22.24.01.80-100",2022,24,1,80,100,6.9,62,NA,0.376,NA,231,25,3.89970752669276,NA,NA,NA,20,270.141,1.05,1.43412256243427,NA,1.43412256243427,"2022241",353,2022,24,1,8.514155745,3.857976822,4.789212606,NA,NA,5.720448391,"Park/Green Space","Maintained_lawn","Maintained_lawn"
"1261",1261,1261,"C22.24.02.0-10",2022,24,2,0,10,7.2,32,NA,4.782,NA,563,34,1.1196712649518,NA,NA,NA,10,38.781,1.05,1.26808674078603,1.1196712649518,1.1196712649518,"2022242",354,2022,24,2,6.186066283,8.913256795,5.986515758,NA,NA,7.028612945,"Park/Green Space","Maintained_lawn","Maintained_lawn"
"1262",1262,1262,"C22.24.02.10-20",2022,24,2,10,20,7.3,22,NA,3.494,NA,526,24,1.37374174099872,NA,NA,NA,10,47.581,1.05,1.31436289546609,1.37374174099872,1.37374174099872,"2022242",354,2022,24,2,6.186066283,8.913256795,5.986515758,NA,NA,7.028612945,"Park/Green Space","Maintained_lawn","Maintained_lawn"
"1263",1263,1263,"C22.24.02.20-40",2022,24,2,20,40,7.6,16,6,1.008,NA,262,19,1.72163062749048,NA,NA,NA,20,119.261,1.05,1.40892944376947,1.72163062749048,1.72163062749048,"2022242",354,2022,24,2,6.186066283,8.913256795,5.986515758,NA,NA,7.028612945,"Park/Green Space","Maintained_lawn","Maintained_lawn"
"1264",1264,1264,"C22.24.02.40-60",2022,24,2,40,60,7.3,26,NA,2.816,NA,465,59,0.728590397532068,NA,NA,NA,20,50.471,1.05,1.33945453862793,0.728590397532068,0.728590397532068,"2022242",354,2022,24,2,6.186066283,8.913256795,5.986515758,NA,NA,7.028612945,"Park/Green Space","Maintained_lawn","Maintained_lawn"
"1265",1265,1265,"C22.24.02.60-80",2022,24,2,60,80,7.6,25,5,1.17,NA,267,60,0.449834665005583,NA,NA,NA,20,31.161,1.05,1.40254867743982,0.449834665005583,0.449834665005583,"2022242",354,2022,24,2,6.186066283,8.913256795,5.986515758,NA,NA,7.028612945,"Park/Green Space","Maintained_lawn","Maintained_lawn"
"1266",1266,1266,"C22.24.02.80-100",2022,24,2,80,100,7.2,38,NA,0.255,NA,232,11,1.91492629080118,NA,NA,NA,20,132.651,1.05,1.43900094901666,1.91492629080118,1.91492629080118,"2022242",354,2022,24,2,6.186066283,8.913256795,5.986515758,NA,NA,7.028612945,"Park/Green Space","Maintained_lawn","Maintained_lawn"
"1267",1267,1267,"C22.24.03.0-10",2022,24,3,0,10,7.1,23,NA,3.992,NA,444,37,1.16817562856076,NA,NA,NA,10,40.461,1.05,1.29625690886848,1.16817562856076,1.16817562856076,"2022243",355,2022,24,3,7.649436802,15.74231922,7.316852593,NA,NA,10.23620287,"Park/Green Space","Maintained_lawn","Maintained_lawn"
"1268",1268,1268,"C22.24.03.10-20",2022,24,3,10,20,7.3,45,NA,1.167,NA,351,17,2.46682222090061,NA,NA,NA,10,85.441,1.05,1.40266655663501,2.46682222090061,2.46682222090061,"2022243",355,2022,24,3,7.649436802,15.74231922,7.316852593,NA,NA,10.23620287,"Park/Green Space","Maintained_lawn","Maintained_lawn"
"1269",1269,1269,"C22.24.03.20-40",2022,24,3,20,40,7.5,52,15,0.349,NA,200,8,1.6475748580518,NA,NA,NA,20,114.131,1.05,1.4352095852398,1.6475748580518,1.6475748580518,"2022243",355,2022,24,3,7.649436802,15.74231922,7.316852593,NA,NA,10.23620287,"Park/Green Space","Maintained_lawn","Maintained_lawn"
"1270",1270,1270,"C22.24.03.40-60",2022,24,3,40,60,7.5,62,17,0.6,NA,260,0,2.02319495957118,NA,NA,NA,20,140.151,1.05,1.4251383582003,2.02319495957118,2.02319495957118,"2022243",355,2022,24,3,7.649436802,15.74231922,7.316852593,NA,NA,10.23620287,"Park/Green Space","Maintained_lawn","Maintained_lawn"
"1271",1271,1271,"C22.24.03.60-80",2022,24,3,60,80,7.4,114,NA,0.323,NA,338,6,1.34398951082073,NA,NA,NA,20,93.101,1.05,1.43625718502517,1.34398951082073,1.34398951082073,"2022243",355,2022,24,3,7.649436802,15.74231922,7.316852593,NA,NA,10.23620287,"Park/Green Space","Maintained_lawn","Maintained_lawn"
"1272",1272,1272,"C22.24.03.80-100",2022,24,3,80,100,7.5,73,20,0.338,NA,251,10,1.22056322842293,NA,NA,NA,20,84.551,1.05,1.43565270026395,1.22056322842293,1.22056322842293,"2022243",355,2022,24,3,7.649436802,15.74231922,7.316852593,NA,NA,10.23620287,"Park/Green Space","Maintained_lawn","Maintained_lawn"
"1273",1273,1273,"C22.25.01.0-10",2022,25,1,0,10,6.3,15,NA,3.379,NA,551,52,1.27240226703001,NA,NA,NA,10,44.071,1.05,1.31858279506217,1.27240226703001,1.27240226703001,"2022251",356,2022,25,1,21.55145673,17.29437886,21.01932199,NA,NA,19.95505253,"Park/Green Space","Maintained_lawn","Maintained_lawn"
"1274",1274,1274,"C22.25.01.10-20",2022,25,1,10,20,6.8,10,NA,2.059,NA,456,45,1.33736346829201,NA,NA,NA,10,46.321,1.05,1.36808291619044,1.33736346829201,1.33736346829201,"2022251",356,2022,25,1,21.55145673,17.29437886,21.01932199,NA,NA,19.95505253,"Park/Green Space","Maintained_lawn","Maintained_lawn"
"1275",1275,1275,"C22.25.01.20-40",2022,25,1,20,40,7,14,NA,1.54,NA,358,21,1.26574735285628,NA,NA,NA,20,87.681,1.05,1.38809172842864,1.26574735285628,1.26574735285628,"2022251",356,2022,25,1,21.55145673,17.29437886,21.01932199,NA,NA,19.95505253,"Park/Green Space","Maintained_lawn","Maintained_lawn"
"1276",1276,1276,"C22.25.01.40-60",2022,25,1,40,60,7.1,52,NA,1.537,NA,509,21,1.3692522002004,NA,NA,NA,20,94.851,1.05,1.38820829928615,1.3692522002004,1.3692522002004,"2022251",356,2022,25,1,21.55145673,17.29437886,21.01932199,NA,NA,19.95505253,"Park/Green Space","Maintained_lawn","Maintained_lawn"
"1277",1277,1277,"C22.25.01.60-80",2022,25,1,60,80,7.3,154,NA,0.827,NA,987,12,1.41198223480829,NA,NA,NA,20,97.811,1.05,1.41609554992672,1.41198223480829,1.41198223480829,"2022251",356,2022,25,1,21.55145673,17.29437886,21.01932199,NA,NA,19.95505253,"Park/Green Space","Maintained_lawn","Maintained_lawn"
"1278",1278,1278,"C22.25.01.80-100",2022,25,1,80,100,7.3,89,NA,0.856,NA,482,14,1.41559119043395,NA,NA,NA,20,98.061,1.05,1.41494475544692,1.41559119043395,1.41559119043395,"2022251",356,2022,25,1,21.55145673,17.29437886,21.01932199,NA,NA,19.95505253,"Park/Green Space","Maintained_lawn","Maintained_lawn"
"1279",1279,1279,"C22.25.02.0-10",2022,25,2,0,10,7,12,NA,2.721,NA,566,78,1.10408057664892,NA,NA,NA,10,38.241,1.05,1.34301149814367,1.10408057664892,1.10408057664892,"2022252",357,2022,25,2,15.43190729,17.43190729,7.18381891,NA,NA,13.34921116,"Park/Green Space","Natural_vegetation","Unmanaged_Turfgrass"
"1280",1280,1280,"C22.25.02.10-20",2022,25,2,10,20,7.1,10,NA,2.282,NA,556,61,1.55592182098237,NA,NA,NA,10,53.891,1.05,1.35958142857801,1.55592182098237,1.55592182098237,"2022252",357,2022,25,2,15.43190729,17.43190729,7.18381891,NA,NA,13.34921116,"Park/Green Space","Natural_vegetation","Unmanaged_Turfgrass"
"1281",1281,1281,"C22.25.02.20-40",2022,25,2,20,40,7.4,10,NA,1.434,NA,509,29,1.56240350528607,NA,NA,NA,20,108.231,1.05,1.39221697071028,1.56240350528607,1.56240350528607,"2022252",357,2022,25,2,15.43190729,17.43190729,7.18381891,NA,NA,13.34921116,"Park/Green Space","Natural_vegetation","Unmanaged_Turfgrass"
"1282",1282,1282,"C22.25.02.40-60",2022,25,2,40,60,7.3,18,NA,1.656,NA,428,19,1.42800599778625,NA,NA,NA,20,98.921,1.05,1.38359240234149,1.42800599778625,1.42800599778625,"2022252",357,2022,25,2,15.43190729,17.43190729,7.18381891,NA,NA,13.34921116,"Park/Green Space","Natural_vegetation","Unmanaged_Turfgrass"
"1283",1283,1283,"C22.25.02.60-80",2022,25,2,60,80,7.3,44,NA,1.028,NA,393,19,1.46611656919329,NA,NA,NA,20,101.561,1.05,1.40814000667576,1.46611656919329,1.46611656919329,"2022252",357,2022,25,2,15.43190729,17.43190729,7.18381891,NA,NA,13.34921116,"Park/Green Space","Natural_vegetation","Unmanaged_Turfgrass"
"1284",1284,1284,"C22.25.02.80-100",2022,25,2,80,100,7.3,55,NA,0.674,NA,468,14,1.39913435278092,NA,NA,NA,20,96.921,1.05,1.42218367711113,1.39913435278092,1.39913435278092,"2022252",357,2022,25,2,15.43190729,17.43190729,7.18381891,NA,NA,13.34921116,"Park/Green Space","Natural_vegetation","Unmanaged_Turfgrass"
"1285",1285,1285,"C22.25.03.0-10",2022,25,3,0,10,6.2,69,NA,3.5,NA,682,55,1.05066803338905,NA,NA,NA,10,36.391,1.05,1.31414312833801,1.05066803338905,1.05066803338905,"2022253",358,2022,25,3,4.190561031,58.82206013,18.09258096,NA,NA,27.03506737,"Park/Green Space","Maintained_lawn","Maintained_lawn"
"1286",1286,1286,"C22.25.03.10-20",2022,25,3,10,20,6.4,58,NA,2.312,NA,587,87,1.46064539246478,NA,NA,NA,10,50.591,1.05,1.35844208868106,1.46064539246478,1.46064539246478,"2022253",358,2022,25,3,4.190561031,58.82206013,18.09258096,NA,NA,27.03506737,"Park/Green Space","Maintained_lawn","Maintained_lawn"
"1287",1287,1287,"C22.25.03.20-40",2022,25,3,20,40,6.6,43,NA,1.447,NA,490,53,1.5284793224048,NA,NA,NA,20,105.881,1.05,1.39171033483802,1.5284793224048,1.5284793224048,"2022253",358,2022,25,3,4.190561031,58.82206013,18.09258096,NA,NA,27.03506737,"Park/Green Space","Maintained_lawn","Maintained_lawn"
"1288",1288,1288,"C22.25.03.40-60",2022,25,3,40,60,6.8,35,NA,0.938,NA,403,39,1.334606226194,NA,NA,NA,20,92.451,1.05,1.41169622721303,1.334606226194,1.334606226194,"2022253",358,2022,25,3,4.190561031,58.82206013,18.09258096,NA,NA,27.03506737,"Park/Green Space","Maintained_lawn","Maintained_lawn"
"1289",1289,1289,"C22.25.03.60-80",2022,25,3,60,80,6.8,38,NA,0.877,NA,488,18,1.68481928010868,NA,NA,NA,20,116.711,1.05,1.41411204972545,1.68481928010868,1.68481928010868,"2022253",358,2022,25,3,4.190561031,58.82206013,18.09258096,NA,NA,27.03506737,"Park/Green Space","Maintained_lawn","Maintained_lawn"
"1290",1290,1290,"C22.25.03.80-100",2022,25,3,80,100,6.5,44,NA,1.227,NA,651,40,1.52270499340374,NA,NA,NA,20,105.481,1.05,1.40031099835546,1.52270499340374,1.52270499340374,"2022253",358,2022,25,3,4.190561031,58.82206013,18.09258096,NA,NA,27.03506737,"Park/Green Space","Maintained_lawn","Maintained_lawn"
"1291",1291,1291,"C22.26.01.0-10",2022,26,1,0,10,6.7,36,NA,2.043,NA,583,16,1.38240323450032,NA,NA,NA,10,47.881,1.05,1.36869508998754,1.38240323450032,1.38240323450032,"2022261",359,2022,26,1,10.90876221,9.046290479,11.57393047,NA,NA,10.50966105,"Park/Green Space","Maintained_lawn","Maintained_lawn"
"1292",1292,1292,"C22.26.01.10-20",2022,26,1,10,20,7.2,29,NA,0.721,NA,439,16,1.62896708284586,NA,NA,NA,10,56.421,1.05,1.42031047724084,1.62896708284586,1.62896708284586,"2022261",359,2022,26,1,10.90876221,9.046290479,11.57393047,NA,NA,10.50966105,"Park/Green Space","Maintained_lawn","Maintained_lawn"
"1293",1293,1293,"C22.26.01.20-40",2022,26,1,20,40,7.2,65,NA,0.855,NA,458,32,1.47896445122066,NA,NA,NA,20,102.451,1.05,1.41498442125916,1.47896445122066,1.47896445122066,"2022261",359,2022,26,1,10.90876221,9.046290479,11.57393047,NA,NA,10.50966105,"Park/Green Space","Maintained_lawn","Maintained_lawn"
"1294",1294,1294,"C22.26.01.40-60",2022,26,1,40,60,6.9,124,NA,1.248,NA,903,36,1.91651423127647,NA,NA,NA,20,132.761,1.05,1.39948755964936,1.91651423127647,1.91651423127647,"2022261",359,2022,26,1,10.90876221,9.046290479,11.57393047,NA,NA,10.50966105,"Park/Green Space","Maintained_lawn","Maintained_lawn"
"1295",1295,1295,"C22.26.01.60-80",2022,26,1,60,80,6.9,130,NA,1.11,NA,675,17,0.679797317473056,NA,NA,NA,20,47.091,1.05,1.40490828935231,0.679797317473056,0.679797317473056,"2022261",359,2022,26,1,10.90876221,9.046290479,11.57393047,NA,NA,10.50966105,"Park/Green Space","Maintained_lawn","Maintained_lawn"
"1296",1296,1296,"C22.26.01.80-100",2022,26,1,80,100,6.9,38,NA,0.588,NA,266,8,2.00413967386766,NA,NA,NA,20,138.831,1.05,1.42561811746581,2.00413967386766,2.00413967386766,"2022261",359,2022,26,1,10.90876221,9.046290479,11.57393047,NA,NA,10.50966105,"Park/Green Space","Maintained_lawn","Maintained_lawn"
"1297",1297,1297,"C22.26.02.0-10",2022,26,2,0,10,6.6,23,NA,2.04,NA,482,16,1.44851930156254,NA,NA,NA,10,50.171,1.05,1.36880990547102,1.44851930156254,1.44851930156254,"2022262",360,2022,26,2,10.90876205,9.046290476,11.57393047,NA,NA,10.509661,"Park/Green Space","Maintained_lawn","Maintained_lawn"
"1298",1298,1298,"C22.26.02.10-20",2022,26,2,10,20,7,18,NA,0.85,NA,342,16,1.38529039900086,NA,NA,NA,10,47.981,1.05,1.41518276826909,1.38529039900086,1.38529039900086,"2022262",360,2022,26,2,10.90876205,9.046290476,11.57393047,NA,NA,10.509661,"Park/Green Space","Maintained_lawn","Maintained_lawn"
"1299",1299,1299,"C22.26.02.20-40",2022,26,2,20,40,7.1,53,NA,0.727,NA,466,25,1.45875429971693,NA,NA,NA,20,101.051,1.05,1.42007153644081,1.45875429971693,1.45875429971693,"2022262",360,2022,26,2,10.90876205,9.046290476,11.57393047,NA,NA,10.509661,"Park/Green Space","Maintained_lawn","Maintained_lawn"
"1300",1300,1300,"C22.26.02.40-60",2022,26,2,40,60,6.7,132,NA,2.038,NA,1149,41,1.5517209966341,NA,NA,NA,20,107.491,1.05,1.36888645489921,1.5517209966341,1.5517209966341,"2022262",360,2022,26,2,10.90876205,9.046290476,11.57393047,NA,NA,10.509661,"Park/Green Space","Maintained_lawn","Maintained_lawn"
"1301",1301,1301,"C22.26.02.60-80",2022,26,2,60,80,6.6,69,NA,1.651,NA,521,16,0.878289876884717,NA,NA,NA,20,60.841,1.05,1.38378601430438,0.878289876884717,0.878289876884717,"2022262",360,2022,26,2,10.90876205,9.046290476,11.57393047,NA,NA,10.509661,"Park/Green Space","Maintained_lawn","Maintained_lawn"
"1302",1302,1302,"C22.26.02.80-100",2022,26,2,80,100,6.9,31,NA,0.527,NA,195,0,2.25258017913854,NA,NA,NA,20,156.041,1.05,1.42805958068314,2.25258017913854,2.25258017913854,"2022262",360,2022,26,2,10.90876205,9.046290476,11.57393047,NA,NA,10.509661,"Park/Green Space","Maintained_lawn","Maintained_lawn"
"1303",1303,1303,"C22.26.03.0-10",2022,26,3,0,10,6.7,34,NA,1.915,NA,462,11,1.56747047898451,NA,NA,NA,10,54.291,1.05,1.37360313144327,1.56747047898451,1.56747047898451,"2022263",361,2022,26,3,16.49617676,5.055279973,8.780223112,NA,NA,10.11055995,"Park/Green Space","Maintained_lawn","Maintained_lawn"
"1304",1304,1304,"C22.26.03.10-20",2022,26,3,10,20,7.2,13,NA,0.717,NA,310,12,1.12660045975308,NA,NA,NA,10,39.021,1.05,1.42046979513465,1.12660045975308,1.12660045975308,"2022263",361,2022,26,3,16.49617676,5.055279973,8.780223112,NA,NA,10.11055995,"Park/Green Space","Maintained_lawn","Maintained_lawn"
"1305",1305,1305,"C22.26.03.20-40",2022,26,3,20,40,7.4,80,NA,0.6,NA,469,15,1.69766716213605,NA,NA,NA,20,117.601,1.05,1.4251383582003,1.69766716213605,1.69766716213605,"2022263",361,2022,26,3,16.49617676,5.055279973,8.780223112,NA,NA,10.11055995,"Park/Green Space","Maintained_lawn","Maintained_lawn"
"1306",1306,1306,"C22.26.03.40-60",2022,26,3,40,60,7.5,90,72,0.469,NA,545,22,1.75613224327185,NA,NA,NA,20,121.651,1.05,1.43038514211245,1.75613224327185,1.75613224327185,"2022263",361,2022,26,3,16.49617676,5.055279973,8.780223112,NA,NA,10.11055995,"Park/Green Space","Maintained_lawn","Maintained_lawn"
"1307",1307,1307,"C22.26.03.60-80",2022,26,3,60,80,7.2,98,NA,0.877,NA,669,19,1.95303686220822,NA,NA,NA,20,135.291,1.05,1.41411204972545,1.95303686220822,1.95303686220822,"2022263",361,2022,26,3,16.49617676,5.055279973,8.780223112,NA,NA,10.11055995,"Park/Green Space","Maintained_lawn","Maintained_lawn"
"1308",1308,1308,"C22.26.03.80-100",2022,26,3,80,100,6.7,143,NA,1.466,NA,928,38,2.0038509574176,NA,NA,NA,20,138.811,1.05,1.39097022431162,2.0038509574176,2.0038509574176,"2022263",361,2022,26,3,16.49617676,5.055279973,8.780223112,NA,NA,10.11055995,"Park/Green Space","Maintained_lawn","Maintained_lawn"
"1309",1309,1309,"C22.27.01.0-10",2022,27,1,0,10,7.2,18,NA,5.178,NA,523,111,1.30127391203534,NA,NA,NA,10,45.071,1.05,1.25421658736278,1.30127391203534,1.30127391203534,"2022271",362,2022,27,1,4.057527347,5.254830499,3.25932546,NA,NA,4.190561102,"Park/Green Space","Maintained_lawn","Maintained_lawn"
"1310",1310,1310,"C22.27.01.10-20",2022,27,1,10,20,7.3,10,NA,2.838,NA,356,81,1.38990986220171,NA,NA,NA,10,48.141,1.05,1.33863227424264,1.38990986220171,1.38990986220171,"2022271",362,2022,27,1,4.057527347,5.254830499,3.25932546,NA,NA,4.190561102,"Park/Green Space","Maintained_lawn","Maintained_lawn"
"1311",1311,1311,"C22.27.01.20-40",2022,27,1,20,40,7.9,15,8,1.924,NA,337,59,1.27917266778376,NA,NA,NA,20,88.611,1.05,1.37325741505187,1.27917266778376,1.27917266778376,"2022271",362,2022,27,1,4.057527347,5.254830499,3.25932546,NA,NA,4.190561102,"Park/Green Space","Maintained_lawn","Maintained_lawn"
"1312",1312,1312,"C22.27.02.0-10",2022,27,2,0,10,7.4,22,NA,7.876,NA,673,96,0.926808676316178,NA,NA,NA,10,32.101,1.05,1.164001561535,0.926808676316178,0.926808676316178,"2022272",363,2022,27,2,7.054566984,26.87280407,4.605064559,NA,NA,12.8441452,"Park/Green Space","Maintained_lawn","Maintained_lawn"
"1313",1313,1313,"C22.27.02.10-20",2022,27,2,10,20,7.5,18,11,5.01,NA,469,106,1.29665444883449,NA,NA,NA,10,44.911,1.05,1.26008066607101,1.29665444883449,1.29665444883449,"2022272",363,2022,27,2,7.054566984,26.87280407,4.605064559,NA,NA,12.8441452,"Park/Green Space","Maintained_lawn","Maintained_lawn"
"1314",1314,1314,"C22.27.02.20-40",2022,27,2,20,40,7.9,12,8,1.737,NA,406,28,1.78716926165258,NA,NA,NA,20,123.801,1.05,1.38045995347569,1.78716926165258,1.78716926165258,"2022272",363,2022,27,2,7.054566984,26.87280407,4.605064559,NA,NA,12.8441452,"Park/Green Space","Maintained_lawn","Maintained_lawn"
"1315",1315,1315,"C22.27.03.0-10",2022,27,3,0,10,7.4,12,NA,5.44,NA,414,78,0.681688410220905,NA,NA,NA,10,23.611,1.05,1.24513052179149,0.681688410220905,0.681688410220905,"2022273",364,2022,27,3,7.449886277,7.982021011,13.08034295,NA,NA,9.504083413,"Park/Green Space","Maintained_lawn","Maintained_lawn"
"1316",1316,1316,"C22.27.03.10-20",2022,27,3,10,20,7.2,9,NA,6.011,NA,492,86,1.04893573468873,NA,NA,NA,10,36.331,1.05,1.2255754876099,1.04893573468873,1.04893573468873,"2022273",364,2022,27,3,7.449886277,7.982021011,13.08034295,NA,NA,9.504083413,"Park/Green Space","Maintained_lawn","Maintained_lawn"
"1317",1317,1317,"C22.27.03.20-40",2022,27,3,20,40,7.6,14,6,2.011,NA,760,52,1.33706031601945,NA,NA,NA,20,92.621,1.05,1.36992032431492,1.33706031601945,1.33706031601945,"2022273",364,2022,27,3,7.449886277,7.982021011,13.08034295,NA,NA,9.504083413,"Park/Green Space","Maintained_lawn","Maintained_lawn"
"1318",1318,1318,"C22.27.03.40-60",2022,27,3,40,60,7.8,6,4,2.322,NA,379,33,1.71080376061348,NA,NA,NA,20,118.511,1.05,1.35806253777853,1.71080376061348,1.71080376061348,"2022273",364,2022,27,3,7.449886277,7.982021011,13.08034295,NA,NA,9.504083413,"Park/Green Space","Maintained_lawn","Maintained_lawn"
"1319",1319,1319,"C22.28.01.0-10",2022,28,1,0,10,6.3,43,NA,5.592,NA,839,55,0.900535479361325,NA,NA,NA,10,31.191,1.05,1.23989203783892,0.900535479361325,0.900535479361325,"2022281",365,2022,28,1,26.20763565,7.926590309,15.69797465,NA,NA,16.61073354,"Park/Green Space","Maintained_lawn","Maintained_lawn"
"1320",1320,1320,"C22.28.01.10-20",2022,28,1,10,20,6.5,32,NA,3.422,NA,782,61,1.55072492488141,NA,NA,NA,10,53.711,1.05,1.31700320583757,1.55072492488141,1.55072492488141,"2022281",365,2022,28,1,26.20763565,7.926590309,15.69797465,NA,NA,16.61073354,"Park/Green Space","Maintained_lawn","Maintained_lawn"
"1321",1321,1321,"C22.28.01.20-40",2022,28,1,20,40,6.6,51,NA,1.549,NA,726,26,1.11893503800416,NA,NA,NA,20,77.511,1.05,1.38774207914375,1.11893503800416,1.11893503800416,"2022281",365,2022,28,1,26.20763565,7.926590309,15.69797465,NA,NA,16.61073354,"Park/Green Space","Maintained_lawn","Maintained_lawn"
"1322",1322,1322,"C22.28.01.40-60",2022,28,1,40,60,6.7,64,NA,0.629,NA,491,8,1.43753364063801,NA,NA,NA,20,99.581,1.05,1.4239796566853,1.43753364063801,1.43753364063801,"2022281",365,2022,28,1,26.20763565,7.926590309,15.69797465,NA,NA,16.61073354,"Park/Green Space","Maintained_lawn","Maintained_lawn"
"1323",1323,1323,"C22.28.01.60-80",2022,28,1,60,80,6.5,70,NA,0.761,NA,560,16,1.5733747303881,NA,NA,NA,20,108.991,1.05,1.41871835513516,1.5733747303881,1.5733747303881,"2022281",365,2022,28,1,26.20763565,7.926590309,15.69797465,NA,NA,16.61073354,"Park/Green Space","Maintained_lawn","Maintained_lawn"
"1324",1324,1324,"C22.28.01.80-100",2022,28,1,80,100,6.3,71,NA,1.083,NA,754,19,0.683406273098723,NA,NA,NA,20,47.341,1.05,1.40597150881175,0.683406273098723,0.683406273098723,"2022281",365,2022,28,1,26.20763565,7.926590309,15.69797465,NA,NA,16.61073354,"Park/Green Space","Maintained_lawn","Maintained_lawn"
"1325",1325,1325,"C22.28.02.0-10",2022,28,2,0,10,6.3,38,NA,4.78,NA,851,111,1.15143007445766,NA,NA,NA,10,39.881,1.05,1.26815721341687,1.15143007445766,1.15143007445766,"2022282",366,2022,28,2,9.445391529,17.42741254,13.30336835,NA,NA,13.39205747,"Park/Green Space","Maintained_lawn","Maintained_lawn"
"1326",1326,1326,"C22.28.02.10-20",2022,28,2,10,20,6.3,29,NA,3.696,NA,817,79,1.70951897241074,NA,NA,NA,10,59.211,1.05,1.30698589725859,1.70951897241074,1.70951897241074,"2022282",366,2022,28,2,9.445391529,17.42741254,13.30336835,NA,NA,13.39205747,"Park/Green Space","Maintained_lawn","Maintained_lawn"
"1327",1327,1327,"C22.28.02.20-40",2022,28,2,20,40,6.7,23,NA,1.115,NA,403,27,1.27065553250719,NA,NA,NA,20,88.021,1.05,1.40471149187011,1.27065553250719,1.27065553250719,"2022282",366,2022,28,2,9.445391529,17.42741254,13.30336835,NA,NA,13.39205747,"Park/Green Space","Maintained_lawn","Maintained_lawn"
"1328",1328,1328,"C22.28.02.40-60",2022,28,2,40,60,6.8,18,NA,0.648,NA,363,11,1.27195475653243,NA,NA,NA,20,88.111,1.05,1.42322105682415,1.27195475653243,1.27195475653243,"2022282",366,2022,28,2,9.445391529,17.42741254,13.30336835,NA,NA,13.39205747,"Park/Green Space","Maintained_lawn","Maintained_lawn"
"1329",1329,1329,"C22.28.02.60-80",2022,28,2,60,80,6.7,35,NA,1.861,NA,561,27,0.190567292857697,NA,NA,NA,20,13.201,1.05,1.37567940193992,0.190567292857697,0.190567292857697,"2022282",366,2022,28,2,9.445391529,17.42741254,13.30336835,NA,NA,13.39205747,"Park/Green Space","Maintained_lawn","Maintained_lawn"
"1330",1330,1330,"C22.28.02.80-100",2022,28,2,80,100,6.5,50,NA,1.264,NA,448,25,0.522735568644047,NA,NA,NA,20,36.211,1.05,1.39886052779596,0.522735568644047,0.522735568644047,"2022282",366,2022,28,2,9.445391529,17.42741254,13.30336835,NA,NA,13.39205747,"Park/Green Space","Maintained_lawn","Maintained_lawn"
"1331",1331,1331,"C22.28.03.0-10",2022,28,3,0,10,6.3,35,NA,2.98,NA,478,65,1.36796741199766,NA,NA,NA,10,47.381,1.05,1.33333803905969,1.36796741199766,1.36796741199766,"2022283",367,2022,28,3,8.115054694,2.66067367,12.37213257,NA,NA,7.715953645,"Park/Green Space","Maintained_lawn","Maintained_lawn"
"1332",1332,1332,"C22.28.03.10-20",2022,28,3,10,20,6.2,17,NA,1.235,NA,331,16,1.61337639454298,NA,NA,NA,10,55.881,1.05,1.39999724591224,1.61337639454298,1.61337639454298,"2022283",367,2022,28,3,8.115054694,2.66067367,12.37213257,NA,NA,7.715953645,"Park/Green Space","Maintained_lawn","Maintained_lawn"
"1333",1333,1333,"C22.28.03.20-40",2022,28,3,20,40,6.3,15,NA,0.897,NA,328,15,0.98930135193022,NA,NA,NA,20,68.531,1.05,1.41331948691599,0.98930135193022,0.98930135193022,"2022283",367,2022,28,3,8.115054694,2.66067367,12.37213257,NA,NA,7.715953645,"Park/Green Space","Maintained_lawn","Maintained_lawn"
"1334",1334,1334,"C22.29.01.0-10",2022,29,1,0,10,6.9,33,NA,4.363,NA,605,44,NA,NA,NA,NA,10,NA,1.05,1.28294400507473,NA,1.28294400507473,"2022291",368,2022,29,1,8.377298294,9.929749668,8.381122061,NA,NA,8.896056674,"Park/Green Space","Maintained_lawn","Maintained_lawn"
"1335",1335,1335,"C22.29.01.10-20",2022,29,1,10,20,7.1,16,NA,2.9,NA,482,43,NA,NA,NA,NA,10,NA,1.05,1.33631791738638,NA,1.33631791738638,"2022291",368,2022,29,1,8.377298294,9.929749668,8.381122061,NA,NA,8.896056674,"Park/Green Space","Maintained_lawn","Maintained_lawn"
"1336",1336,1336,"C22.29.01.20-40",2022,29,1,20,40,7.4,30,NA,3.693,NA,459,55,NA,NA,NA,NA,20,NA,1.05,1.30709512812929,NA,1.30709512812929,"2022291",368,2022,29,1,8.377298294,9.929749668,8.381122061,NA,NA,8.896056674,"Park/Green Space","Maintained_lawn","Maintained_lawn"
"1337",1337,1337,"C22.29.01.40-60",2022,29,1,40,60,7.5,26,12,3.17,NA,438,57,NA,NA,NA,NA,20,NA,1.05,1.32628958177554,NA,1.32628958177554,"2022291",368,2022,29,1,8.377298294,9.929749668,8.381122061,NA,NA,8.896056674,"Park/Green Space","Maintained_lawn","Maintained_lawn"
"1338",1338,1338,"C22.29.01.60-80",2022,29,1,60,80,7.3,23,NA,2.974,NA,503,28,NA,NA,NA,NA,20,NA,1.05,1.33356128058079,NA,1.33356128058079,"2022291",368,2022,29,1,8.377298294,9.929749668,8.381122061,NA,NA,8.896056674,"Park/Green Space","Maintained_lawn","Maintained_lawn"
"1339",1339,1339,"C22.29.01.80-100",2022,29,1,80,100,7.2,15,NA,1.689,NA,483,12,NA,NA,NA,NA,20,NA,1.05,1.38231529549752,NA,1.38231529549752,"2022291",368,2022,29,1,8.377298294,9.929749668,8.381122061,NA,NA,8.896056674,"Park/Green Space","Maintained_lawn","Maintained_lawn"
"1340",1340,1340,"C22.29.02.0-10",2022,29,2,0,10,6.6,14,NA,4.419,NA,534,34,0.906021091912339,NA,NA,NA,10,31.381,1.05,1.28094742033378,0.906021091912339,0.906021091912339,"2022292",369,2022,29,2,2.96681545,3.086377056,4.188649147,NA,NA,3.413947218,"Park/Green Space","Maintained_lawn","Maintained_lawn"
"1341",1341,1341,"C22.29.02.10-20",2022,29,2,10,20,6.8,7,NA,3.876,NA,429,46,1.18261145106342,NA,NA,NA,10,40.961,1.05,1.3004501012769,1.18261145106342,1.18261145106342,"2022292",369,2022,29,2,2.96681545,3.086377056,4.188649147,NA,NA,3.413947218,"Park/Green Space","Maintained_lawn","Maintained_lawn"
"1342",1342,1342,"C22.29.02.20-40",2022,29,2,20,40,6.8,5,NA,2.829,NA,404,24,1.12788524795582,NA,NA,NA,20,78.131,1.05,1.33896858917397,1.12788524795582,1.12788524795582,"2022292",369,2022,29,2,2.96681545,3.086377056,4.188649147,NA,NA,3.413947218,"Park/Green Space","Maintained_lawn","Maintained_lawn"
"1343",1343,1343,"C22.29.02.40-60",2022,29,2,40,60,6.1,7,NA,1.741,NA,401,13,1.3909059339544,NA,NA,NA,20,96.351,1.05,1.38030546286662,1.3909059339544,1.3909059339544,"2022292",369,2022,29,2,2.96681545,3.086377056,4.188649147,NA,NA,3.413947218,"Park/Green Space","Maintained_lawn","Maintained_lawn"
"1344",1344,1344,"C22.29.02.60-80",2022,29,2,60,80,6,8,NA,1.01,NA,371,12,1.29418592318653,NA,NA,NA,20,89.651,1.05,1.40885047862639,1.29418592318653,1.29418592318653,"2022292",369,2022,29,2,2.96681545,3.086377056,4.188649147,NA,NA,3.413947218,"Park/Green Space","Maintained_lawn","Maintained_lawn"
"1345",1345,1345,"C22.29.02.80-100",2022,29,2,80,100,5.9,11,NA,0.61,NA,295,12,1.42511883328571,NA,NA,NA,20,98.721,1.05,1.42473869145015,1.42511883328571,1.42511883328571,"2022292",369,2022,29,2,2.96681545,3.086377056,4.188649147,NA,NA,3.413947218,"Park/Green Space","Maintained_lawn","Maintained_lawn"
"1346",1346,1346,"C22.29.03.0-10",2022,29,3,0,10,6.3,8,NA,3.829,NA,498,27,1.02641585158458,NA,NA,NA,10,35.551,1.05,1.30215324838719,1.02641585158458,1.02641585158458,"2022293",370,2022,29,3,5.454381024,10.11055995,6.119549441,NA,NA,7.228163472,"Park/Green Space","Maintained_lawn","Maintained_lawn"
"1347",1347,1347,"C22.29.03.10-20",2022,29,3,10,20,6.4,5,NA,3.668,NA,465,42,1.12082613075201,NA,NA,NA,10,38.821,1.05,1.30800576989746,1.12082613075201,1.12082613075201,"2022293",370,2022,29,3,5.454381024,10.11055995,6.119549441,NA,NA,7.228163472,"Park/Green Space","Maintained_lawn","Maintained_lawn"
"1348",1348,1348,"C22.29.03.20-40",2022,29,3,20,40,6.4,4,NA,2.031,NA,413,14,1.15473587781078,NA,NA,NA,20,79.991,1.05,1.36915441426924,1.15473587781078,1.15473587781078,"2022293",370,2022,29,3,5.454381024,10.11055995,6.119549441,NA,NA,7.228163472,"Park/Green Space","Maintained_lawn","Maintained_lawn"
"1349",1349,1349,"C22.29.03.40-60",2022,29,3,40,60,6.1,4,NA,1.37,NA,363,18,0.944694660396982,NA,NA,NA,20,65.441,1.05,1.39471407678295,0.944694660396982,0.944694660396982,"2022293",370,2022,29,3,5.454381024,10.11055995,6.119549441,NA,NA,7.228163472,"Park/Green Space","Maintained_lawn","Maintained_lawn"
"1350",1350,1350,"C22.29.03.60-80",2022,29,3,60,80,6.1,7,NA,0.519,NA,300,9,1.12557551635539,NA,NA,NA,20,77.971,1.05,1.42838010593002,1.12557551635539,1.12557551635539,"2022293",370,2022,29,3,5.454381024,10.11055995,6.119549441,NA,NA,7.228163472,"Park/Green Space","Maintained_lawn","Maintained_lawn"
"1351",1351,1351,"C22.29.03.80-100",2022,29,3,80,100,6.4,13,NA,2.438,NA,388,20,0.137732182497939,NA,NA,NA,20,9.541,1.05,1.35366810415974,0.137732182497939,0.137732182497939,"2022293",370,2022,29,3,5.454381024,10.11055995,6.119549441,NA,NA,7.228163472,"Park/Green Space","Maintained_lawn","Maintained_lawn"
"1352",1352,1352,"C22.30.01.0-10",2022,30,1,0,10,7.3,61,NA,3.753,NA,685,NA,0.96867256157391,NA,NA,NA,10,33.551,1.05,1.30491238772747,0.96867256157391,0.96867256157391,"2022301",371,2022,30,1,9.84449258,10.64269468,8.780223112,NA,NA,9.755803457,"Park/Green Space","Maintained_lawn","Maintained_lawn"
"1353",1353,1353,"C22.30.01.10-20",2022,30,1,10,20,7.4,51,NA,3.925,NA,724,46,1.13410708745447,NA,NA,NA,10,39.281,1.05,1.29867704889991,1.13410708745447,1.13410708745447,"2022301",371,2022,30,1,9.84449258,10.64269468,8.780223112,NA,NA,9.755803457,"Park/Green Space","Maintained_lawn","Maintained_lawn"
"1354",1354,1354,"C22.30.01.20-40",2022,30,1,20,40,7.9,22,11,6.114,NA,305,26,1.78312723135184,NA,NA,NA,20,123.521,1.05,1.22208376571245,1.78312723135184,1.78312723135184,"2022301",371,2022,30,1,9.84449258,10.64269468,8.780223112,NA,NA,9.755803457,"Park/Green Space","Maintained_lawn","Maintained_lawn"
"1355",1355,1355,"C22.30.01.40-60",2022,30,1,40,60,7.9,11,6,1.4,NA,390,8,1.82917750513534,NA,NA,NA,20,126.711,1.05,1.39354295805307,1.82917750513534,1.82917750513534,"2022301",371,2022,30,1,9.84449258,10.64269468,8.780223112,NA,NA,9.755803457,"Park/Green Space","Maintained_lawn","Maintained_lawn"
"1356",1356,1356,"C22.30.01.60-80",2022,30,1,60,80,7.8,8,5,0.902,NA,339,8,1.32854318074288,NA,NA,NA,20,92.031,1.05,1.41312142091361,1.32854318074288,1.32854318074288,"2022301",371,2022,30,1,9.84449258,10.64269468,8.780223112,NA,NA,9.755803457,"Park/Green Space","Maintained_lawn","Maintained_lawn"
"1357",1357,1357,"C22.30.01.80-100",2022,30,1,80,100,7.9,8,4,0.586,NA,308,0,1.65031766432731,NA,NA,NA,20,114.321,1.05,1.42569809422864,1.65031766432731,1.65031766432731,"2022301",371,2022,30,1,9.84449258,10.64269468,8.780223112,NA,NA,9.755803457,"Park/Green Space","Maintained_lawn","Maintained_lawn"
"1358",1358,1358,"C22.31.01.0-10",2022,31,1,0,10,7.6,15,20,4.841,NA,459,24,1.07405406584337,NA,NA,NA,10,37.201,1.05,1.2660097097129,1.07405406584337,1.07405406584337,"2022311",372,2022,31,1,16.4606563,19.13293229,9.578425213,NA,NA,15.05733793,"Park/Green Space","Natural_vegetation","Unmanaged_Turfgrass"
"1359",1359,1359,"C22.31.01.10-20",2022,31,1,10,20,7.8,31,18,5.634,NA,520,26,0.455623429829152,NA,NA,NA,10,15.781,1.05,1.2384487922988,0.455623429829152,0.455623429829152,"2022311",372,2022,31,1,16.4606563,19.13293229,9.578425213,NA,NA,15.05733793,"Park/Green Space","Natural_vegetation","Unmanaged_Turfgrass"
"1360",1360,1360,"C22.31.01.20-40",2022,31,1,20,40,7.4,12,NA,4.271,NA,431,44,1.33056419589325,NA,NA,NA,20,92.171,1.05,1.2862314392822,1.33056419589325,1.33056419589325,"2022311",372,2022,31,1,16.4606563,19.13293229,9.578425213,NA,NA,15.05733793,"Park/Green Space","Natural_vegetation","Unmanaged_Turfgrass"
"1361",1361,1361,"C22.31.01.40-60",2022,31,1,40,60,7.5,11,10,4.505,NA,372,78,1.94870611545742,NA,NA,NA,20,134.991,1.05,1.27788779597914,1.94870611545742,1.94870611545742,"2022311",372,2022,31,1,16.4606563,19.13293229,9.578425213,NA,NA,15.05733793,"Park/Green Space","Natural_vegetation","Unmanaged_Turfgrass"
"1362",1362,1362,"C22.31.02.0-10",2022,31,2,0,10,7.6,28,19,3.128,NA,258,22,0.862136191504233,NA,NA,NA,10,29.861,1.05,1.32784418570832,0.862136191504233,0.862136191504233,"2022312",373,2022,31,2,9.977526263,12.50516625,6.385616808,NA,NA,9.622769774,"Park/Green Space","Natural_vegetation","Natural_vegetation"
"1363",1363,1363,"C22.31.02.10-20",2022,31,2,10,20,7.6,32,26,2.779,NA,475,31,1.17481610691198,NA,NA,NA,10,40.691,1.05,1.34083866900964,1.17481610691198,1.17481610691198,"2022312",373,2022,31,2,9.977526263,12.50516625,6.385616808,NA,NA,9.622769774,"Park/Green Space","Natural_vegetation","Natural_vegetation"
"1364",1364,1364,"C22.31.02.20-40",2022,31,2,20,40,7.5,14,11,3.998,NA,567,53,1.1375572490326,NA,NA,NA,20,78.801,1.05,1.29604041843856,1.1375572490326,1.1375572490326,"2022312",373,2022,31,2,9.977526263,12.50516625,6.385616808,NA,NA,9.622769774,"Park/Green Space","Natural_vegetation","Natural_vegetation"
"1365",1365,1365,"C22.32.01.0-10",2022,32,1,0,10,7.2,16,NA,2.42,NA,350,30,1.06625872169193,NA,NA,NA,10,36.931,1.05,1.35434899154095,1.06625872169193,1.06625872169193,"2022321",374,2022,32,1,6.175819915,6.613656548,5.454381024,NA,NA,6.081285829,"Park/Green Space","Maintained_lawn","Maintained_lawn"
"1366",1366,1366,"C22.32.01.10-20",2022,32,1,10,20,7.3,13,NA,2.047,NA,328,26,1.84781415198628,NA,NA,NA,10,64.001,1.05,1.36854201883789,1.84781415198628,1.84781415198628,"2022321",374,2022,32,1,6.175819915,6.613656548,5.454381024,NA,NA,6.081285829,"Park/Green Space","Maintained_lawn","Maintained_lawn"
"1367",1367,1367,"C22.32.01.20-40",2022,32,1,20,40,7.7,11,4,1.358,NA,314,43,1.76768090127398,NA,NA,NA,20,122.451,1.05,1.39518282109986,1.76768090127398,1.76768090127398,"2022321",374,2022,32,1,6.175819915,6.613656548,5.454381024,NA,NA,6.081285829,"Park/Green Space","Maintained_lawn","Maintained_lawn"
"1368",1368,1368,"C22.32.01.40-60",2022,32,1,40,60,7.7,12,6,1.041,NA,312,43,2.04672535025052,NA,NA,NA,20,141.781,1.05,1.40762712790358,2.04672535025052,2.04672535025052,"2022321",374,2022,32,1,6.175819915,6.613656548,5.454381024,NA,NA,6.081285829,"Park/Green Space","Maintained_lawn","Maintained_lawn"
"1369",1369,1369,"C22.32.02.0-10",2022,32,2,0,10,7.5,29,14,1.911,NA,397,13,1.15460595540825,NA,NA,NA,10,39.991,1.05,1.37375681330216,1.15460595540825,1.15460595540825,"2022322",375,2022,32,2,6.385616808,7.982021001,5.853482074,NA,NA,6.740373294,"Park/Green Space","Maintained_lawn","Maintained_lawn"
"1370",1370,1370,"C22.32.02.10-20",2022,32,2,10,20,7.5,23,11,1.881,NA,396,20,1.99044007831263,NA,NA,NA,10,68.941,1.05,1.37491001849885,1.99044007831263,1.99044007831263,"2022322",375,2022,32,2,6.385616808,7.982021001,5.853482074,NA,NA,6.740373294,"Park/Green Space","Maintained_lawn","Maintained_lawn"
"1371",1371,1371,"C22.32.02.20-40",2022,32,2,20,40,7.7,2,6,1.454,NA,335,31,0.682828840198616,NA,NA,NA,20,47.301,1.05,1.39143761318674,0.682828840198616,0.682828840198616,"2022322",375,2022,32,2,6.385616808,7.982021001,5.853482074,NA,NA,6.740373294,"Park/Green Space","Maintained_lawn","Maintained_lawn"
"1372",1372,1372,"C22.32.03.0-10",2022,32,3,0,10,7.2,19,NA,2.919,NA,467,25,1.0373870766866,NA,NA,NA,10,35.931,1.05,1.33560954502149,1.0373870766866,1.0373870766866,"2022323",376,2022,32,3,9.179324162,13.83550309,6.252583125,NA,NA,9.755803459,"Residential","Natural_vegetation","Natural_vegetation"
"1373",1373,1373,"C22.32.03.10-20",2022,32,3,10,20,7.5,16,8,2.423,NA,358,20,0.732791221880344,NA,NA,NA,10,25.381,1.05,1.35423548463555,0.732791221880344,0.732791221880344,"2022323",376,2022,32,3,9.179324162,13.83550309,6.252583125,NA,NA,9.755803459,"Residential","Natural_vegetation","Natural_vegetation"
"1374",1374,1374,"C22.32.03.20-40",2022,32,3,20,40,7.2,8,NA,1.003,NA,245,30,1.30097075976278,NA,NA,NA,20,90.121,1.05,1.40912687747072,1.30097075976278,1.30097075976278,"2022323",376,2022,32,3,9.179324162,13.83550309,6.252583125,NA,NA,9.755803459,"Residential","Natural_vegetation","Natural_vegetation"
"1375",1375,1375,"C22.33.01.0-10",2022,33,1,0,10,7.2,72,NA,4.61,NA,734,231,NA,NA,NA,NA,10,NA,1.05,1.27416295340349,NA,1.27416295340349,"2022331",377,2022,33,1,21.01932199,19.95505253,11.17482941,NA,NA,17.38306798,"Residential","Garden_food_producing_raised_beds","Garden_food_producing_raised_beds"
"1376",1376,1376,"C22.33.01.10-20",2022,33,1,10,20,NA,NA,NA,NA,NA,NA,258,NA,NA,NA,NA,10,NA,1.05,NA,NA,NA,"2022331",377,2022,33,1,21.01932199,19.95505253,11.17482941,NA,NA,17.38306798,"Residential","Garden_food_producing_raised_beds","Garden_food_producing_raised_beds"
"1377",1377,1377,"C22.33.01.20-40",2022,33,1,20,40,7.3,123,NA,4.201,NA,801,387,NA,NA,NA,NA,20,NA,1.05,1.28873886664741,NA,1.28873886664741,"2022331",377,2022,33,1,21.01932199,19.95505253,11.17482941,NA,NA,17.38306798,"Residential","Garden_food_producing_raised_beds","Garden_food_producing_raised_beds"
"1378",1378,1378,"C22.33.01.60-80",2022,33,1,40,60,7.1,108,NA,3.52,NA,856,264,NA,NA,NA,NA,20,NA,1.05,1.31341085844589,NA,1.31341085844589,"2022331",377,2022,33,1,21.01932199,19.95505253,11.17482941,NA,NA,17.38306798,"Residential","Garden_food_producing_raised_beds","Garden_food_producing_raised_beds"
"1379",1379,1379,"C22.33.01.80-100",2022,33,1,60,80,7.1,93,NA,4.109,NA,912,150,NA,NA,NA,NA,20,NA,1.05,1.29204240493595,NA,1.29204240493595,"2022331",377,2022,33,1,21.01932199,19.95505253,11.17482941,NA,NA,17.38306798,"Residential","Garden_food_producing_raised_beds","Garden_food_producing_raised_beds"
"1380",1380,1380,"C22.33.02.0-10",2022,33,2,0,10,7.2,124,NA,3.962,NA,803,184,NA,NA,NA,NA,10,NA,1.05,1.29733994895076,NA,1.29733994895076,"2022332",378,2022,33,2,6.252583125,6.319099967,10.11055995,NA,NA,7.560747681,"Residential","Natural_vegetation","Unmanaged_Turfgrass"
"1381",1381,1381,"C22.33.02.10-20",2022,33,2,10,20,7.2,134,NA,3.098,NA,797,188,NA,NA,NA,NA,10,NA,1.05,1.32895582356643,NA,1.32895582356643,"2022332",378,2022,33,2,6.252583125,6.319099967,10.11055995,NA,NA,7.560747681,"Residential","Natural_vegetation","Unmanaged_Turfgrass"
"1382",1382,1382,"C22.33.02.20-40",2022,33,2,20,40,7.1,157,NA,3.81,NA,869,165,NA,NA,NA,NA,20,NA,1.05,1.30284244032727,NA,1.30284244032727,"2022332",378,2022,33,2,6.252583125,6.319099967,10.11055995,NA,NA,7.560747681,"Residential","Natural_vegetation","Unmanaged_Turfgrass"
"1383",1383,1383,"C22.34.01.0-10",2022,34,1,0,10,7,172,NA,2.262,NA,786,23,1.17103392141629,NA,NA,NA,10,40.56,1.05,1.3603415615127,1.17103392141629,1.17103392141629,"2022341",379,2022,34,1,11.83999783,11.97303152,10.24359363,NA,NA,11.35220766,"Community Garden/Urban Farm","Maintained_lawn","Maintained_lawn"
"1384",1384,1384,"C22.34.01.10-20",2022,34,1,10,20,7.1,193,NA,1.838,NA,733,20,1.41153472431071,NA,NA,NA,10,48.89,1.05,1.3765647669152,1.41153472431071,1.41153472431071,"2022341",379,2022,34,1,11.83999783,11.97303152,10.24359363,NA,NA,11.35220766,"Community Garden/Urban Farm","Maintained_lawn","Maintained_lawn"
"1385",1385,1385,"C22.34.01.20-40",2022,34,1,20,40,7.2,147,NA,1.224,NA,634,23,1.16872418981586,NA,NA,NA,20,80.96,1.05,1.4004286750432,1.16872418981586,1.16872418981586,"2022341",379,2022,34,1,11.83999783,11.97303152,10.24359363,NA,NA,11.35220766,"Community Garden/Urban Farm","Maintained_lawn","Maintained_lawn"
"1386",1386,1386,"C22.34.01.40-60",2022,34,1,40,60,6.6,53,NA,0.72,NA,492,15,1.32116647544401,NA,NA,NA,20,91.52,1.05,1.42035030491213,1.32116647544401,1.32116647544401,"2022341",379,2022,34,1,11.83999783,11.97303152,10.24359363,NA,NA,11.35220766,"Community Garden/Urban Farm","Maintained_lawn","Maintained_lawn"
"1387",1387,1387,"C22.34.01.60-80",2022,34,1,60,80,6.3,39,NA,0.459,NA,407,12,1.29734736831462,NA,NA,NA,20,89.87,1.05,1.4307865123673,1.29734736831462,1.29734736831462,"2022341",379,2022,34,1,11.83999783,11.97303152,10.24359363,NA,NA,11.35220766,"Community Garden/Urban Farm","Maintained_lawn","Maintained_lawn"
"1388",1388,1388,"C22.34.01.80-100",2022,34,1,80,100,7.4,15,NA,0.43,NA,286,7,1.75525165809919,NA,NA,NA,20,121.59,1.05,1.43195117100857,1.75525165809919,1.75525165809919,"2022341",379,2022,34,1,11.83999783,11.97303152,10.24359363,NA,NA,11.35220766,"Community Garden/Urban Farm","Maintained_lawn","Maintained_lawn"
"1389",1389,1389,"C22.34.02.0-10",2022,34,2,0,10,7.2,167,NA,2.243,NA,807,25,1.19470867032066,NA,NA,NA,10,41.38,1.05,1.36106411269085,1.19470867032066,1.19470867032066,"2022342",380,2022,34,2,15.96404202,12.23909888,12.1060652,NA,NA,13.43640203,"Community Garden/Urban Farm","Maintained_lawn","Maintained_lawn"
"1390",1390,1390,"C22.34.02.10-20",2022,34,2,10,20,7.1,174,NA,1.737,NA,744,25,1.42856899486385,NA,NA,NA,10,49.48,1.05,1.38045995347569,1.42856899486385,1.42856899486385,"2022342",380,2022,34,2,15.96404202,12.23909888,12.1060652,NA,NA,13.43640203,"Community Garden/Urban Farm","Maintained_lawn","Maintained_lawn"
"1391",1391,1391,"C22.34.02.20-40",2022,34,2,20,40,7.1,96,NA,0.982,NA,515,21,1.22314724065091,NA,NA,NA,20,84.73,1.05,1.40995642426715,1.22314724065091,1.22314724065091,"2022342",380,2022,34,2,15.96404202,12.23909888,12.1060652,NA,NA,13.43640203,"Community Garden/Urban Farm","Maintained_lawn","Maintained_lawn"
"1392",1392,1392,"C22.34.02.40-60",2022,34,2,40,60,7.2,44,NA,0.703,NA,411,12,1.21015500039851,NA,NA,NA,20,83.83,1.05,1.42102755917046,1.21015500039851,1.21015500039851,"2022342",380,2022,34,2,15.96404202,12.23909888,12.1060652,NA,NA,13.43640203,"Community Garden/Urban Farm","Maintained_lawn","Maintained_lawn"
"1393",1393,1393,"C22.34.02.60-80",2022,34,2,60,80,7.1,34,NA,0.376,NA,437,16,0.89357741291504,NA,NA,NA,20,61.9,1.05,1.43412256243427,0.89357741291504,0.89357741291504,"2022342",380,2022,34,2,15.96404202,12.23909888,12.1060652,NA,NA,13.43640203,"Community Garden/Urban Farm","Maintained_lawn","Maintained_lawn"
"1394",1394,1394,"C22.35.01.0-10",2022,35,1,0,10,6.4,67,NA,3.262,NA,689,49,1.02468355288426,NA,NA,NA,10,35.491,1.05,1.32289113339026,1.02468355288426,1.02468355288426,"2022351",381,2022,35,1,21.15235568,12.77123362,13.17033467,NA,NA,15.69797466,"Park/Green Space","Natural_vegetation","Natural_vegetation"
"1395",1395,1395,"C22.35.01.10-20",2022,35,1,10,20,6.7,70,NA,2.9,NA,795,31,1.63358654604672,NA,NA,NA,10,56.581,1.05,1.33631791738638,1.63358654604672,1.63358654604672,"2022351",381,2022,35,1,21.15235568,12.77123362,13.17033467,NA,NA,15.69797466,"Park/Green Space","Natural_vegetation","Natural_vegetation"
"1396",1396,1396,"C22.35.01.20-40",2022,35,1,20,40,6.8,39,NA,0.6,NA,372,9,1.66157760587939,NA,NA,NA,20,115.101,1.05,1.4251383582003,1.66157760587939,1.66157760587939,"2022351",381,2022,35,1,21.15235568,12.77123362,13.17033467,NA,NA,15.69797466,"Park/Green Space","Natural_vegetation","Natural_vegetation"
"1397",1397,1397,"C22.35.01.40-60",2022,35,1,40,60,7.1,28,NA,0.338,NA,274,9,1.72264113506567,NA,NA,NA,20,119.331,1.05,1.43565270026395,1.72264113506567,1.72264113506567,"2022351",381,2022,35,1,21.15235568,12.77123362,13.17033467,NA,NA,15.69797466,"Park/Green Space","Natural_vegetation","Natural_vegetation"
"1398",1398,1398,"C22.35.01.60-80",2022,35,1,60,80,7.3,21,NA,0.216,NA,261,9,1.8690203752427,NA,NA,NA,20,129.471,1.05,1.44057711978986,1.8690203752427,1.8690203752427,"2022351",381,2022,35,1,21.15235568,12.77123362,13.17033467,NA,NA,15.69797466,"Park/Green Space","Natural_vegetation","Natural_vegetation"
"1399",1399,1399,"C22.35.01.80-100",2022,35,1,80,100,7.5,17,5,0.262,NA,387,9,2.2664385687411,NA,NA,NA,20,157.001,1.05,1.43871824279373,2.2664385687411,2.2664385687411,"2022351",381,2022,35,1,21.15235568,12.77123362,13.17033467,NA,NA,15.69797466,"Park/Green Space","Natural_vegetation","Natural_vegetation"
"1400",1400,1400,"C22.35.02.0-10",2022,35,2,0,10,6.3,58,NA,4.081,NA,940,36,1.08387042514519,NA,NA,NA,10,37.541,1.05,1.29304965070074,1.08387042514519,1.08387042514519,"2022352",382,2022,35,2,8.115055694,20.08808621,14.23460414,NA,NA,14.14591535,"Park/Green Space","Natural_vegetation","Natural_vegetation"
"1401",1401,1401,"C22.35.02.10-20",2022,35,2,10,20,6.3,52,NA,4.093,NA,942,413,1.1023482779486,NA,NA,NA,10,38.181,1.05,1.29261786977033,1.1023482779486,1.1023482779486,"2022352",382,2022,35,2,8.115055694,20.08808621,14.23460414,NA,NA,14.14591535,"Park/Green Space","Natural_vegetation","Natural_vegetation"
"1402",1402,1402,"C22.35.02.20-40",2022,35,2,20,40,6.7,20,NA,0.399,NA,258,12,1.43435775968742,NA,NA,NA,20,99.361,1.05,1.43319727809295,1.43435775968742,1.43435775968742,"2022352",382,2022,35,2,8.115055694,20.08808621,14.23460414,NA,NA,14.14591535,"Park/Green Space","Natural_vegetation","Natural_vegetation"
"1403",1403,1403,"C22.35.02.40-60",2022,35,2,40,60,6.9,21,NA,0.189,NA,296,8,1.79352102355376,NA,NA,NA,20,124.241,1.05,1.44166940167072,1.79352102355376,1.79352102355376,"2022352",382,2022,35,2,8.115055694,20.08808621,14.23460414,NA,NA,14.14591535,"Park/Green Space","Natural_vegetation","Natural_vegetation"
"1404",1404,1404,"C22.35.02.60-80",2022,35,2,60,80,7,21,NA,0.171,NA,295,8,1.97858826803794,NA,NA,NA,20,137.061,1.05,1.44239808397692,1.97858826803794,1.97858826803794,"2022352",382,2022,35,2,8.115055694,20.08808621,14.23460414,NA,NA,14.14591535,"Park/Green Space","Natural_vegetation","Natural_vegetation"
"1405",1405,1405,"C22.35.02.80-100",2022,35,2,80,100,7.6,17,4,0.26,NA,469,12,1.838127715087,NA,NA,NA,20,127.331,1.05,1.43879900990908,1.838127715087,1.838127715087,"2022352",382,2022,35,2,8.115055694,20.08808621,14.23460414,NA,NA,14.14591535,"Park/Green Space","Natural_vegetation","Natural_vegetation"
"1406",1406,1406,"C22.35.03.0-10",2022,35,3,0,10,6.4,54,NA,3.66,NA,818,53,1.09744009829769,NA,NA,NA,10,38.011,1.05,1.30829732033184,1.09744009829769,1.09744009829769,"2022353",383,2022,35,3,7.848987327,15.56494097,14.10157045,NA,NA,12.50516625,"Park/Green Space","Natural_vegetation","Natural_vegetation"
"1407",1407,1407,"C22.35.03.10-20",2022,35,3,10,20,6.3,52,NA,4.268,NA,960,41,0.99465704207871,NA,NA,NA,10,34.451,1.05,1.28633879189773,0.99465704207871,0.99465704207871,"2022353",383,2022,35,3,7.848987327,15.56494097,14.10157045,NA,NA,12.50516625,"Park/Green Space","Natural_vegetation","Natural_vegetation"
"1408",1408,1408,"C22.35.03.20-40",2022,35,3,20,40,6.5,27,NA,0.759,NA,350,18,1.23543212560068,NA,NA,NA,20,85.581,1.05,1.41879791562377,1.23543212560068,1.23543212560068,"2022353",383,2022,35,3,7.848987327,15.56494097,14.10157045,NA,NA,12.50516625,"Park/Green Space","Natural_vegetation","Natural_vegetation"
"1409",1409,1409,"C22.35.03.40-60",2022,35,3,40,60,6.7,56,NA,0.538,NA,337,13,1.52746881482962,NA,NA,NA,20,105.811,1.05,1.427618984746,1.52746881482962,1.52746881482962,"2022353",383,2022,35,3,7.848987327,15.56494097,14.10157045,NA,NA,12.50516625,"Park/Green Space","Natural_vegetation","Natural_vegetation"
"1410",1410,1410,"C22.35.03.60-80",2022,35,3,60,80,6.8,31,NA,0.349,NA,279,0,1.35135178029709,NA,NA,NA,20,93.611,1.05,1.4352095852398,1.35135178029709,1.35135178029709,"2022353",383,2022,35,3,7.848987327,15.56494097,14.10157045,NA,NA,12.50516625,"Park/Green Space","Natural_vegetation","Natural_vegetation"
"1411",1411,1411,"C22.35.03.80-100",2022,35,3,80,100,6.8,27,NA,0.218,NA,218,11,1.5934405236668,NA,NA,NA,20,110.381,1.05,1.44049624540463,1.5934405236668,1.5934405236668,"2022353",383,2022,35,3,7.848987327,15.56494097,14.10157045,NA,NA,12.50516625,"Park/Green Space","Natural_vegetation","Natural_vegetation"
"1412",1412,1412,"C22.36.01.0-10",2022,36,1,0,10,7.6,36,17,1.427,NA,378,16,1.532247072078,NA,NA,NA,10,53.071,1.05,1.39248985694379,1.532247072078,1.532247072078,"2022361",384,2022,36,1,26.20763565,3.632835244,18.62471569,NA,NA,16.15506219,"Residential","Maintained_lawn","Maintained_lawn"
"1413",1413,1413,"C22.36.01.10-20",2022,36,1,10,20,7.6,110,45,1.246,NA,482,13,1.8446382710357,NA,NA,NA,10,63.891,1.05,1.39956595991184,1.8446382710357,1.8446382710357,"2022361",384,2022,36,1,26.20763565,3.632835244,18.62471569,NA,NA,16.15506219,"Residential","Maintained_lawn","Maintained_lawn"
"1414",1414,1414,"C22.36.01.20-40",2022,36,1,20,40,7.7,78.5,35,0.929,NA,341,18,1.80550275623097,NA,NA,NA,20,125.071,1.05,1.41205238055714,1.80550275623097,1.80550275623097,"2022361",384,2022,36,1,26.20763565,3.632835244,18.62471569,NA,NA,16.15506219,"Residential","Maintained_lawn","Maintained_lawn"
"1415",1415,1415,"C22.36.01.40-60",2022,36,1,40,60,7.6,125,54,0.988,NA,502,45,0.987280336779847,NA,NA,NA,20,68.391,1.05,1.40971935727313,0.987280336779847,0.987280336779847,"2022361",384,2022,36,1,26.20763565,3.632835244,18.62471569,NA,NA,16.15506219,"Residential","Maintained_lawn","Maintained_lawn"
"1416",1416,1416,"C22.36.01.60-80",2022,36,1,60,80,7.8,55,29,0.9,NA,347,24,2.67988052521746,NA,NA,NA,20,185.641,1.05,1.41320064372979,NA,1.41320064372979,"2022361",384,2022,36,1,26.20763565,3.632835244,18.62471569,NA,NA,16.15506219,"Residential","Maintained_lawn","Maintained_lawn"
"1417",1417,1417,"C22.36.02.0-10",2022,36,2,0,10,7.6,43,21,1.914,NA,382,44,2.61406761042781,NA,NA,NA,10,90.541,1.05,1.37364155016958,NA,1.37364155016958,"2022362",385,2022,36,2,39.43698904,20.62022094,19.95505253,NA,NA,26.67075417,"Residential","Maintained_lawn","Maintained_lawn"
"1418",1418,1418,"C22.36.02.10-20",2022,36,2,10,20,7.8,59,25,2.047,NA,460,152,3.15108020752699,NA,NA,NA,10,109.141,1.05,1.36854201883789,NA,1.36854201883789,"2022362",385,2022,36,2,39.43698904,20.62022094,19.95505253,NA,NA,26.67075417,"Residential","Maintained_lawn","Maintained_lawn"
"1419",1419,1419,"C22.36.02.20-40",2022,36,2,20,40,7.7,54,23,1.881,NA,470,78,1.70199790888685,NA,NA,NA,20,117.901,1.05,1.37491001849885,1.70199790888685,1.70199790888685,"2022362",385,2022,36,2,39.43698904,20.62022094,19.95505253,NA,NA,26.67075417,"Residential","Maintained_lawn","Maintained_lawn"
"1420",1420,1420,"C22.36.02.40-60",2022,36,2,40,60,7.9,53,25,1.288,NA,369,77,2.28073003301874,NA,NA,NA,20,157.991,1.05,1.39792054726445,2.28073003301874,2.28073003301874,"2022362",385,2022,36,2,39.43698904,20.62022094,19.95505253,NA,NA,26.67075417,"Residential","Maintained_lawn","Maintained_lawn"
"1421",1421,1421,"C22.36.03.0-10",2022,36,3,0,10,7.6,51,31,1.689,NA,401,17,1.13612810260484,NA,NA,NA,10,39.351,1.05,1.38231529549752,1.13612810260484,1.13612810260484,"2022363",386,2022,36,3,10.509661,25.40943355,NA,NA,NA,17.95954728,"Residential","Maintained_lawn","Maintained_lawn"
"1422",1422,1422,"C22.36.03.10-20",2022,36,3,10,20,7.8,30,15,0.991,NA,241,11,2.82916136571754,NA,NA,NA,10,97.991,1.05,1.40960083986515,NA,1.40960083986515,"2022363",386,2022,36,3,10.509661,25.40943355,NA,NA,NA,17.95954728,"Residential","Maintained_lawn","Maintained_lawn"
"1423",1423,1423,"C22.36.03.20-40",2022,36,3,20,40,8.1,24,9,0.761,NA,282,11,2.39217458273933,NA,NA,NA,20,165.711,1.05,1.41871835513516,2.39217458273933,2.39217458273933,"2022363",386,2022,36,3,10.509661,25.40943355,NA,NA,NA,17.95954728,"Residential","Maintained_lawn","Maintained_lawn"
"1424",1424,1424,"C22.36.03.40-60",2022,36,3,40,60,8,28,12,0.796,NA,268,10,2.20479760665472,NA,NA,NA,20,152.731,1.05,1.41732682328281,2.20479760665472,2.20479760665472,"2022363",386,2022,36,3,10.509661,25.40943355,NA,NA,NA,17.95954728,"Residential","Maintained_lawn","Maintained_lawn"
"1425",1425,1425,"C22.37.01.0-10",2022,37,1,0,10,7.1,18,NA,3.585,NA,451,120,1.30358364363577,NA,NA,NA,10,45.151,1.05,1.31103403002191,1.30358364363577,1.30358364363577,"2022371",387,2022,37,1,12.63819993,6.917751543,17.88475518,NA,NA,12.48023555,"Residential","Maintained_lawn","Maintained_lawn"
"1426",1426,1426,"C22.37.01.10-20",2022,37,1,10,20,7.5,16,7,2.15,NA,291,90,2.06492892242638,NA,NA,NA,10,71.521,1.05,1.36460679104217,2.06492892242638,2.06492892242638,"2022371",387,2022,37,1,12.63819993,6.917751543,17.88475518,NA,NA,12.48023555,"Residential","Maintained_lawn","Maintained_lawn"
"1427",1427,1427,"C22.37.01.20-40",2022,37,1,20,40,8.1,20,11,1.06,NA,291,29,2.02290624312112,NA,NA,NA,20,140.131,1.05,1.40687789754143,2.02290624312112,2.02290624312112,"2022371",387,2022,37,1,12.63819993,6.917751543,17.88475518,NA,NA,12.48023555,"Residential","Maintained_lawn","Maintained_lawn"
"1428",1428,1428,"C22.37.01.40-60",2022,37,1,40,60,8.2,16,7,0.745,NA,230,35,2.16105706447164,NA,NA,NA,20,149.701,1.05,1.41935497346072,2.16105706447164,2.16105706447164,"2022371",387,2022,37,1,12.63819993,6.917751543,17.88475518,NA,NA,12.48023555,"Residential","Maintained_lawn","Maintained_lawn"
"1429",1429,1429,"C22.37.01.60-80",2022,37,1,60,80,8.5,11,6,0.185,NA,147,13,1.38773005300381,NA,NA,NA,20,96.131,1.05,1.44183129688169,1.38773005300381,1.38773005300381,"2022371",387,2022,37,1,12.63819993,6.917751543,17.88475518,NA,NA,12.48023555,"Residential","Maintained_lawn","Maintained_lawn"
"1430",1430,1430,"C22.37.01.80-100",2022,37,1,80,100,8.6,15,6,0.361,NA,222,23,1.88706515337103,NA,NA,NA,20,130.721,1.05,1.43472635469137,1.88706515337103,1.88706515337103,"2022371",387,2022,37,1,12.63819993,6.917751543,17.88475518,NA,NA,12.48023555,"Residential","Maintained_lawn","Maintained_lawn"
"1431",1431,1431,"C22.37.02.0-10",2022,37,2,0,10,7,10,NA,2.701,NA,399,61,1.32956812414057,NA,NA,NA,10,46.051,1.05,1.34376163144709,1.32956812414057,1.32956812414057,"2022372",388,2022,37,2,9.77114589,5.720448391,9.534080652,NA,NA,8.341891644,"Residential","Maintained_lawn","Maintained_lawn"
"1432",1432,1432,"C22.37.02.10-20",2022,37,2,10,20,7.2,7,NA,1.948,NA,347,35,1.46468742276552,NA,NA,NA,10,50.731,1.05,1.37233596339779,1.46468742276552,1.46468742276552,"2022372",388,2022,37,2,9.77114589,5.720448391,9.534080652,NA,NA,8.341891644,"Residential","Maintained_lawn","Maintained_lawn"
"1433",1433,1433,"C22.37.02.20-40",2022,37,2,20,40,7.7,9,4,0.909,NA,276,18,1.41616862333406,NA,NA,NA,20,98.101,1.05,1.41284417869251,1.41616862333406,1.41616862333406,"2022372",388,2022,37,2,9.77114589,5.720448391,9.534080652,NA,NA,8.341891644,"Residential","Maintained_lawn","Maintained_lawn"
"1434",1434,1434,"C22.37.02.40-60",2022,37,2,40,60,7.6,22,12,0.568,NA,298,10,1.58030392518938,NA,NA,NA,20,109.471,1.05,1.42641810226001,1.58030392518938,1.58030392518938,"2022372",388,2022,37,2,9.77114589,5.720448391,9.534080652,NA,NA,8.341891644,"Residential","Maintained_lawn","Maintained_lawn"
"1435",1435,1435,"C22.37.02.60-80",2022,37,2,60,80,7.6,25,12,0.424,NA,222,11,1.54002798040694,NA,NA,NA,20,106.681,1.05,1.43219226209311,1.54002798040694,1.54002798040694,"2022372",388,2022,37,2,9.77114589,5.720448391,9.534080652,NA,NA,8.341891644,"Residential","Maintained_lawn","Maintained_lawn"
"1436",1436,1436,"C22.37.02.80-100",2022,37,2,80,100,7.7,19,10,0.21,NA,179,7,1.41198223480829,NA,NA,NA,20,97.811,1.05,1.44081977222244,1.41198223480829,1.41198223480829,"2022372",388,2022,37,2,9.77114589,5.720448391,9.534080652,NA,NA,8.341891644,"Residential","Maintained_lawn","Maintained_lawn"
"1437",1437,1437,"C22.37.03.0-10",2022,37,3,0,10,6.8,16,NA,3.535,NA,410,100,1.26864895317931,NA,NA,NA,10,43.941,1.05,1.31286194587033,1.26864895317931,1.26864895317931,"2022373",389,2022,37,3,7.58291996,7.31685293,8.115054694,NA,NA,7.671609195,"Residential","Maintained_lawn","Maintained_lawn"
"1438",1438,1438,"C22.37.03.10-20",2022,37,3,10,20,6.7,9,NA,1.899,NA,316,59,1.41878150720704,NA,NA,NA,10,49.141,1.05,1.37421797015375,1.41878150720704,1.41878150720704,"2022373",389,2022,37,3,7.58291996,7.31685293,8.115054694,NA,NA,7.671609195,"Residential","Maintained_lawn","Maintained_lawn"
"1439",1439,1439,"C22.37.03.20-40",2022,37,3,20,40,7.2,24,NA,0.694,NA,271,20,1.06667736054451,NA,NA,NA,20,73.891,1.05,1.42138624616909,1.06667736054451,1.06667736054451,"2022373",389,2022,37,3,7.58291996,7.31685293,8.115054694,NA,NA,7.671609195,"Residential","Maintained_lawn","Maintained_lawn"
"1440",1440,1440,"C22.37.03.40-60",2022,37,3,40,60,7.5,35,20,0.665,NA,269,13,1.46351812114281,NA,NA,NA,20,101.381,1.05,1.4225426780203,1.46351812114281,1.46351812114281,"2022373",389,2022,37,3,7.58291996,7.31685293,8.115054694,NA,NA,7.671609195,"Residential","Maintained_lawn","Maintained_lawn"
"1441",1441,1441,"C22.37.03.60-80",2022,37,3,60,80,7.8,20,11,0.291,NA,211,9,1.56832219251216,NA,NA,NA,20,108.641,1.05,1.43754766702216,1.56832219251216,1.56832219251216,"2022373",389,2022,37,3,7.58291996,7.31685293,8.115054694,NA,NA,7.671609195,"Residential","Maintained_lawn","Maintained_lawn"
"1442",1442,1442,"C22.37.03.80-100",2022,37,3,80,100,7.8,14,7,0.227,NA,183,10,1.53165520335539,NA,NA,NA,20,106.101,1.05,1.4401323710444,1.53165520335539,1.53165520335539,"2022373",389,2022,37,3,7.58291996,7.31685293,8.115054694,NA,NA,7.671609195,"Residential","Maintained_lawn","Maintained_lawn"
"1443",1443,1443,"C22.38.01.0-10",2022,38,1,0,10,7.3,154,NA,6.497,NA,991,16,0.841926040000501,NA,NA,NA,10,29.161,1.05,1.20919474195592,0.841926040000501,0.841926040000501,"2022381",390,2022,38,1,9.423219249,29.53347774,2.328089461,NA,NA,13.76159548,"Community Garden/Urban Farm","Garden_food_producing_in_ground","Garden_food_producing_in_ground"
"1444",1444,1444,"C22.38.01.10-20",2022,38,1,10,20,7.3,124,NA,3.337,NA,686,19,1.3454475288935,NA,NA,NA,10,46.601,1.05,1.32012762887123,1.3454475288935,1.3454475288935,"2022381",390,2022,38,1,9.423219249,29.53347774,2.328089461,NA,NA,13.76159548,"Community Garden/Urban Farm","Garden_food_producing_in_ground","Garden_food_producing_in_ground"
"1445",1445,1445,"C22.38.01.20-40",2022,38,1,20,40,7.3,63,NA,2.017,NA,465,16,1.19457874791813,NA,NA,NA,20,82.751,1.05,1.36969050278166,1.19457874791813,1.19457874791813,"2022381",390,2022,38,1,9.423219249,29.53347774,2.328089461,NA,NA,13.76159548,"Community Garden/Urban Farm","Garden_food_producing_in_ground","Garden_food_producing_in_ground"
"1446",1446,1446,"C22.38.01.40-60",2022,38,1,40,60,7.3,75,NA,1.9,NA,522,11,1.5906977173913,NA,NA,NA,20,110.191,1.05,1.37417953404003,1.5906977173913,1.5906977173913,"2022381",390,2022,38,1,9.423219249,29.53347774,2.328089461,NA,NA,13.76159548,"Community Garden/Urban Farm","Garden_food_producing_in_ground","Garden_food_producing_in_ground"
"1447",1447,1447,"C22.38.01.60-80",2022,38,1,60,80,7.1,54,NA,1.052,NA,437,11,1.47145782351927,NA,NA,NA,20,101.931,1.05,1.40719331061991,1.47145782351927,1.47145782351927,"2022381",390,2022,38,1,9.423219249,29.53347774,2.328089461,NA,NA,13.76159548,"Community Garden/Urban Farm","Garden_food_producing_in_ground","Garden_food_producing_in_ground"
"1448",1448,1448,"C22.38.01.80-100",2022,38,1,80,100,7.2,42,NA,1.075,NA,405,7,1.29433028141156,NA,NA,NA,20,89.661,1.05,1.40628670313462,1.29433028141156,1.29433028141156,"2022381",390,2022,38,1,9.423219249,29.53347774,2.328089461,NA,NA,13.76159548,"Community Garden/Urban Farm","Garden_food_producing_in_ground","Garden_food_producing_in_ground"
"1449",1449,1449,"C22.38.02.0-10",2022,38,2,0,10,7.3,162,NA,6.306,NA,1000,22,0.850876249952154,NA,NA,NA,10,29.471,1.05,1.21560381407342,0.850876249952154,0.850876249952154,"2022382",391,2022,38,2,14.76673887,13.56943572,13.43640203,NA,NA,13.92419221,"Community Garden/Urban Farm","Garden_food_producing_in_ground","Garden_food_producing_in_ground"
"1450",1450,1450,"C22.38.02.10-20",2022,38,2,10,20,7.3,148,NA,4.519,NA,754,19,1.34256036439297,NA,NA,NA,10,46.501,1.05,1.27739046839028,1.34256036439297,1.34256036439297,"2022382",391,2022,38,2,14.76673887,13.56943572,13.43640203,NA,NA,13.92419221,"Community Garden/Urban Farm","Garden_food_producing_in_ground","Garden_food_producing_in_ground"
"1451",1451,1451,"C22.38.02.20-40",2022,38,2,20,40,7.4,76,NA,2.028,NA,510,19,1.20511689834508,NA,NA,NA,20,83.481,1.05,1.36926927132105,1.20511689834508,1.20511689834508,"2022382",391,2022,38,2,14.76673887,13.56943572,13.43640203,NA,NA,13.92419221,"Community Garden/Urban Farm","Garden_food_producing_in_ground","Garden_food_producing_in_ground"
"1452",1452,1452,"C22.38.02.40-60",2022,38,2,40,60,7.4,70,NA,1.495,NA,475,18,1.50032946852461,NA,NA,NA,20,103.931,1.05,1.38984139942667,1.50032946852461,1.50032946852461,"2022382",391,2022,38,2,14.76673887,13.56943572,13.43640203,NA,NA,13.92419221,"Community Garden/Urban Farm","Garden_food_producing_in_ground","Garden_food_producing_in_ground"
"1453",1453,1453,"C22.38.02.60-80",2022,38,2,60,80,7.1,62,NA,0.778,NA,560,7,1.44965973154025,NA,NA,NA,20,100.421,1.05,1.41804228474181,1.44965973154025,1.44965973154025,"2022382",391,2022,38,2,14.76673887,13.56943572,13.43640203,NA,NA,13.92419221,"Community Garden/Urban Farm","Garden_food_producing_in_ground","Garden_food_producing_in_ground"
"1454",1454,1454,"C22.38.02.80-100",2022,38,2,80,100,7.1,63,NA,0.778,NA,650,9,1.47420062979478,NA,NA,NA,20,102.121,1.05,1.41804228474181,1.47420062979478,1.47420062979478,"2022382",391,2022,38,2,14.76673887,13.56943572,13.43640203,NA,NA,13.92419221,"Community Garden/Urban Farm","Garden_food_producing_in_ground","Garden_food_producing_in_ground"
"1455",1455,1455,"C22.38.03.0-10",2022,38,3,0,10,7.7,231,121,15.083,NA,2002,26,1.16846434501081,NA,NA,NA,10,40.471,1.05,0.956105401198635,1.16846434501081,1.16846434501081,"2022383",392,2022,38,3,13.43640203,10.09120901,9.046290479,NA,NA,10.85796717,"Community Garden/Urban Farm","Garden_food_producing_raised_beds","Garden_food_producing_raised_beds"
"1456",1456,1456,"C22.38.03.10-20",2022,38,3,10,20,7.5,235,136,9.87,NA,1696,37,0.85145368285226,NA,NA,NA,10,29.491,1.05,1.10188977530471,0.85145368285226,0.85145368285226,"2022383",392,2022,38,3,13.43640203,10.09120901,9.046290479,NA,NA,10.85796717,"Community Garden/Urban Farm","Garden_food_producing_raised_beds","Garden_food_producing_raised_beds"
"1457",1457,1457,"C22.38.03.20-40",2022,38,3,20,40,7.3,243,NA,7.944,NA,1625,39,0.654823344543443,NA,NA,NA,20,45.361,1.05,1.16182130230997,0.654823344543443,0.654823344543443,"2022383",392,2022,38,3,13.43640203,10.09120901,9.046290479,NA,NA,10.85796717,"Community Garden/Urban Farm","Garden_food_producing_raised_beds","Garden_food_producing_raised_beds"
"1458",1458,1458,"C22.38.03.40-60",2022,38,3,40,60,7.2,239,NA,4.116,NA,973,27,0.843210828203238,NA,NA,NA,20,58.411,1.05,1.29179072639449,0.843210828203238,0.843210828203238,"2022383",392,2022,38,3,13.43640203,10.09120901,9.046290479,NA,NA,10.85796717,"Community Garden/Urban Farm","Garden_food_producing_raised_beds","Garden_food_producing_raised_beds"
"1459",1459,1459,"C22.39.01.0-10",2022,39,1,0,10,7.3,135,NA,8.483,NA,1079,31,0.444940921177179,NA,NA,NA,10,15.411,1.05,1.14469684952155,0.444940921177179,0.444940921177179,"2022391",393,2022,39,1,22.88179356,36.4681336,40.26981987,NA,NA,33.20658234,"Community Garden/Urban Farm","Garden_food_producing_in_ground","Garden_food_producing_in_ground"
"1460",1460,1460,"C22.39.01.10-20",2022,39,1,10,20,7.4,121,NA,4.688,NA,726,60,1.60875693134213,NA,NA,NA,10,55.721,1.05,1.27140355472011,1.60875693134213,1.60875693134213,"2022391",393,2022,39,1,22.88179356,36.4681336,40.26981987,NA,NA,33.20658234,"Community Garden/Urban Farm","Garden_food_producing_in_ground","Garden_food_producing_in_ground"
"1461",1461,1461,"C22.39.01.20-40",2022,39,1,20,40,7.5,82,49.5,3.605,NA,517,14,1.52905675530491,NA,NA,NA,20,105.921,1.05,1.31030363527865,1.52905675530491,1.52905675530491,"2022391",393,2022,39,1,22.88179356,36.4681336,40.26981987,NA,NA,33.20658234,"Community Garden/Urban Farm","Garden_food_producing_in_ground","Garden_food_producing_in_ground"
"1462",1462,1462,"C22.39.02.0-10",2022,39,2,0,10,7,172,NA,8.2,NA,957,67,0.938068617868258,NA,NA,NA,10,32.491,1.05,1.15365326122667,0.938068617868258,0.938068617868258,"2022392",394,2022,39,2,49.48853027,33.25842088,NA,NA,NA,41.37347558,"Community Garden/Urban Farm","Garden_food_producing_in_ground","Garden_food_producing_in_ground"
"1463",1463,1463,"C22.39.02.10-20",2022,39,2,10,20,7.2,174,NA,3.672,NA,609,40,2.13999519944025,NA,NA,NA,10,74.121,1.05,1.30786002106195,2.13999519944025,2.13999519944025,"2022392",394,2022,39,2,49.48853027,33.25842088,NA,NA,NA,41.37347558,"Community Garden/Urban Farm","Garden_food_producing_in_ground","Garden_food_producing_in_ground"
"1464",1464,1464,"C22.39.02.20-40",2022,39,2,20,40,7.4,86,NA,3.73,NA,514,376,2.08093824958184,NA,NA,NA,20,144.151,1.05,1.30574863798341,2.08093824958184,2.08093824958184,"2022392",394,2022,39,2,49.48853027,33.25842088,NA,NA,NA,41.37347558,"Community Garden/Urban Farm","Garden_food_producing_in_ground","Garden_food_producing_in_ground"
"1465",1465,1465,"C22.39.02.40-60",2022,39,2,40,60,7.4,78,NA,2.209,NA,475,34,2.31508729057509,NA,NA,NA,20,160.371,1.05,1.3623581330371,2.31508729057509,2.31508729057509,"2022392",394,2022,39,2,49.48853027,33.25842088,NA,NA,NA,41.37347558,"Community Garden/Urban Farm","Garden_food_producing_in_ground","Garden_food_producing_in_ground"
"1466",1466,1466,"C22.40.01.0-10",2022,40,1,0,10,7.4,145,NA,2.65,NA,582,17,1.223609186971,NA,NA,NA,10,42.381,1.05,1.34567652100183,1.223609186971,1.223609186971,"2022401",395,2022,40,1,8.70223112,5.764792952,13.52509116,NA,NA,9.330705077,"Community Garden/Urban Farm","Garden_food_producing_in_ground","Garden_food_producing_in_ground"
"1467",1467,1467,"C22.40.01.10-20",2022,40,1,10,20,7.4,121,NA,1.943,NA,696,27,1.56602689673424,NA,NA,NA,10,54.241,1.05,1.37252787748429,1.56602689673424,1.56602689673424,"2022401",395,2022,40,1,8.70223112,5.764792952,13.52509116,NA,NA,9.330705077,"Community Garden/Urban Farm","Garden_food_producing_in_ground","Garden_food_producing_in_ground"
"1468",1468,1468,"C22.40.01.20-40",2022,40,1,20,40,7.5,93,30,1.742,NA,499,22,0.875835787059264,NA,NA,NA,20,60.671,1.05,1.38026684312689,0.875835787059264,0.875835787059264,"2022401",395,2022,40,1,8.70223112,5.764792952,13.52509116,NA,NA,9.330705077,"Community Garden/Urban Farm","Garden_food_producing_in_ground","Garden_food_producing_in_ground"
"1469",1469,1469,"C22.40.01.40-60",2022,40,1,40,60,8,6,5,0.607,NA,422,11,2.07487520413072,NA,NA,NA,20,143.731,1.05,1.42485857881674,2.07487520413072,2.07487520413072,"2022401",395,2022,40,1,8.70223112,5.764792952,13.52509116,NA,NA,9.330705077,"Community Garden/Urban Farm","Garden_food_producing_in_ground","Garden_food_producing_in_ground"
"1470",1470,1470,"C22.40.01.60-80",2022,40,1,60,80,8,13,10,0.652,NA,376,11,1.86728807654238,NA,NA,NA,20,129.351,1.05,1.42306140698392,1.86728807654238,1.86728807654238,"2022401",395,2022,40,1,8.70223112,5.764792952,13.52509116,NA,NA,9.330705077,"Community Garden/Urban Farm","Garden_food_producing_in_ground","Garden_food_producing_in_ground"
"1471",1471,1471,"C22.40.01.80-100",2022,40,1,80,100,8.1,5,5,0.892,NA,435,11,1.06090303154344,NA,NA,NA,20,73.491,1.05,1.41351758279386,1.06090303154344,1.06090303154344,"2022401",395,2022,40,1,8.70223112,5.764792952,13.52509116,NA,NA,9.330705077,"Community Garden/Urban Farm","Garden_food_producing_in_ground","Garden_food_producing_in_ground"
"1472",1472,1472,"C22.40.02.0-10",2022,40,2,0,10,7.4,174,NA,2.544,NA,645,21,1.43061888165923,NA,NA,NA,10,49.551,1.05,1.34966592434965,1.43061888165923,1.43061888165923,"2022402",396,2022,40,2,NA,NA,NA,NA,NA,NA,"Community Garden/Urban Farm","Garden_food_producing_in_ground","Garden_food_producing_in_ground"
"1473",1473,1473,"C22.40.02.10-20",2022,40,2,10,20,7.5,86,40,1.767,NA,525,24,1.80479540092834,NA,NA,NA,10,62.511,1.05,1.37930172814913,1.80479540092834,1.80479540092834,"2022402",396,2022,40,2,NA,NA,NA,NA,NA,NA,"Community Garden/Urban Farm","Garden_food_producing_in_ground","Garden_food_producing_in_ground"
"1474",1474,1474,"C22.40.02.20-40",2022,40,2,20,40,7.9,29,23,0.753,NA,420,10,1.38137829110264,NA,NA,NA,20,95.691,1.05,1.41903662589085,1.38137829110264,1.38137829110264,"2022402",396,2022,40,2,NA,NA,NA,NA,NA,NA,"Community Garden/Urban Farm","Garden_food_producing_in_ground","Garden_food_producing_in_ground"
"1475",1475,1475,"C22.40.02.40-60",2022,40,2,40,60,7.8,48,30,1.017,NA,510,13,0.66146382289467,NA,NA,NA,20,45.821,1.05,1.40857413813876,0.66146382289467,0.66146382289467,"2022402",396,2022,40,2,NA,NA,NA,NA,NA,NA,"Community Garden/Urban Farm","Garden_food_producing_in_ground","Garden_food_producing_in_ground"
"1476",1476,1476,"C22.40.03.0-10",2022,40,3,0,10,7.4,200,NA,3.29,NA,675,23,1.86311612383911,NA,NA,NA,10,64.531,1.05,1.3218586936136,1.86311612383911,1.86311612383911,"2022403",397,2022,40,3,16.0970757,26.6067367,16.49617676,NA,NA,19.73332972,"Community Garden/Urban Farm","Garden_food_producing_in_ground","Garden_food_producing_in_ground"
"1477",1477,1477,"C22.40.03.10-20",2022,40,3,10,20,7.7,65,38,1.165,NA,465,16,1.96532174715799,NA,NA,NA,10,68.071,1.05,1.40274514869171,1.96532174715799,1.96532174715799,"2022403",397,2022,40,3,16.0970757,26.6067367,16.49617676,NA,NA,19.73332972,"Community Garden/Urban Farm","Garden_food_producing_in_ground","Garden_food_producing_in_ground"
"1478",1478,1478,"C22.40.03.20-40",2022,40,3,20,40,7.7,61,25,1.056,NA,387,29,0.726280665931641,NA,NA,NA,20,50.311,1.05,1.40703559456626,0.726280665931641,0.726280665931641,"2022403",397,2022,40,3,16.0970757,26.6067367,16.49617676,NA,NA,19.73332972,"Community Garden/Urban Farm","Garden_food_producing_in_ground","Garden_food_producing_in_ground"
"1479",1479,1479,"C22.40.03.40-60",2022,40,3,40,60,7.5,65,33,0.97,NA,399,15,1.66100017297928,NA,NA,NA,20,115.061,1.05,1.41043068699456,1.66100017297928,1.66100017297928,"2022403",397,2022,40,3,16.0970757,26.6067367,16.49617676,NA,NA,19.73332972,"Community Garden/Urban Farm","Garden_food_producing_in_ground","Garden_food_producing_in_ground"
"1480",1480,1480,"C22.40.03.60-80",2022,40,3,60,80,7.6,49,25,0.631,NA,384,8,2.02969107969738,NA,NA,NA,20,140.601,1.05,1.42389978359243,2.02969107969738,2.02969107969738,"2022403",397,2022,40,3,16.0970757,26.6067367,16.49617676,NA,NA,19.73332972,"Community Garden/Urban Farm","Garden_food_producing_in_ground","Garden_food_producing_in_ground"
"1481",1481,1481,"C22.40.03.80-100",2022,40,3,80,100,8,8,7,0.723,NA,596,0,1.93600259165507,NA,NA,NA,20,134.111,1.05,1.42023082550236,1.93600259165507,1.93600259165507,"2022403",397,2022,40,3,16.0970757,26.6067367,16.49617676,NA,NA,19.73332972,"Community Garden/Urban Farm","Garden_food_producing_in_ground","Garden_food_producing_in_ground"
"1482",1482,1482,"01.001.10",2020,1,1,0,10,7.35,17.5,NA,2.8615,NA,NA,11,2.93364784899183,NA,81.5,4.85,10,101.61,1.05,1.33775454892183,NA,1.33775454892183,"202011",60,2020,1,1,0.634304567,1.122453739,0.20182418,NA,NA,0.652860829,"Residential","Maintained_lawn","Maintained_lawn"
"1483",1483,1483,"01.001.20",2020,1,1,10,20,8.2,21,13,1.18,NA,NA,4.5,3.30060645700961,NA,53,2,10,114.32,1.05,1.40215582382298,NA,1.40215582382298,"202011",60,2020,1,1,0.634304567,1.122453739,0.20182418,NA,NA,0.652860829,"Residential","Maintained_lawn","Maintained_lawn"
"1484",1484,1484,"01.001.40",2020,1,1,20,40,8.3,12,6,1.062,NA,NA,11,1.54217891795983,NA,39,1.8,20,106.83,1.05,1.40679905616411,1.54217891795983,1.54217891795983,"202011",60,2020,1,1,0.634304567,1.122453739,0.20182418,NA,NA,0.652860829,"Residential","Maintained_lawn","Maintained_lawn"
"1485",1485,1485,"01.001.60",2020,1,1,40,60,8.1,10,6,1.416,NA,NA,11.5,0.983801303556705,NA,34,2.4,20,68.15,1.05,1.39291879460309,0.983801303556705,0.983801303556705,"202011",60,2020,1,1,0.634304567,1.122453739,0.20182418,NA,NA,0.652860829,"Residential","Maintained_lawn","Maintained_lawn"
"1486",1486,1486,"01.001.80",2020,1,1,60,80,7.8,14,8,1.475,NA,NA,12,1.73951661157128,NA,54,2.5,20,120.5,1.05,1.39061979366621,1.73951661157128,1.73951661157128,"202011",60,2020,1,1,0.634304567,1.122453739,0.20182418,NA,NA,0.652860829,"Residential","Maintained_lawn","Maintained_lawn"
"1487",1487,1487,"01.001.100",2020,1,1,80,100,7.9,13,8,1.003,NA,NA,12,1.58202178806719,NA,65,1.7,20,109.59,1.05,1.40912687747072,1.58202178806719,1.58202178806719,"202011",60,2020,1,1,0.634304567,1.122453739,0.20182418,NA,NA,0.652860829,"Residential","Maintained_lawn","Maintained_lawn"
"1488",1488,1488,"01.002.10",2020,1,2,0,10,6.3,17,NA,5.369,NA,NA,48,1.79928091673232,NA,74,9.1,10,62.32,1.05,1.24758568734765,1.79928091673232,1.79928091673232,"202012",61,2020,1,2,0.576640515,0.484730772,0.465748833,NA,NA,0.50904004,"Residential","Maintained_lawn","Maintained_lawn"
"1489",1489,1489,"01.002.20",2020,1,2,10,20,7,17,NA,2.537,NA,NA,24,2.79419780361608,NA,52,4.3,10,96.78,1.05,1.34992982478972,NA,1.34992982478972,"202012",61,2020,1,2,0.576640515,0.484730772,0.465748833,NA,NA,0.50904004,"Residential","Maintained_lawn","Maintained_lawn"
"1490",1490,1490,"01.002.40",2020,1,2,20,40,7.3,19,NA,2.006,NA,NA,0,0.745321515812658,NA,50,3.4,20,51.63,1.05,1.37011187403604,0.745321515812658,0.745321515812658,"202012",61,2020,1,2,0.576640515,0.484730772,0.465748833,NA,NA,0.50904004,"Residential","Maintained_lawn","Maintained_lawn"
"1491",1491,1491,"01.002.60",2020,1,2,40,60,7.6,15,6,0.767,NA,NA,3.5,1.09697815197761,NA,35,1.3,20,75.99,1.05,1.41847970246656,1.09697815197761,1.09697815197761,"202012",61,2020,1,2,0.576640515,0.484730772,0.465748833,NA,NA,0.50904004,"Residential","Maintained_lawn","Maintained_lawn"
"1492",1492,1492,"01.002.80",2020,1,2,60,80,7.6,12,6,1.239,NA,NA,4,1.35812218105084,NA,44,2.1,20,94.08,1.05,1.3998403980813,1.35812218105084,1.35812218105084,"202012",61,2020,1,2,0.576640515,0.484730772,0.465748833,NA,NA,0.50904004,"Residential","Maintained_lawn","Maintained_lawn"
"1493",1493,1493,"01.002.100",2020,1,2,80,100,7.4,32,NA,1.416,NA,NA,9,0.657984789671527,NA,41,2.4,20,45.58,1.05,1.39291879460309,0.657984789671527,0.657984789671527,"202012",61,2020,1,2,0.576640515,0.484730772,0.465748833,NA,NA,0.50904004,"Residential","Maintained_lawn","Maintained_lawn"
"1494",1494,1494,"01.003.10",2020,1,3,0,10,6.7,156,NA,3.599,NA,NA,73.5,1.98636917636688,NA,137,6.1,10,68.8,1.05,1.31052270743565,1.98636917636688,1.98636917636688,"202013",62,2020,1,3,3.359317612,14.31676657,5.535748944,2.799431343,NA,6.502816117,"Residential","Garden_non_food_producing","Garden_non_food_producing"
"1495",1495,1495,"01.003.20",2020,1,3,10,20,7.1,117,NA,2.242,NA,NA,25,2.66023337079134,NA,73,3.8,10,92.14,1.05,1.36110215317286,NA,1.36110215317286,"202013",62,2020,1,3,3.359317612,14.31676657,5.535748944,2.799431343,NA,6.502816117,"Residential","Garden_non_food_producing","Garden_non_food_producing"
"1496",1496,1496,"01.003.40",2020,1,3,20,40,7.7,46,20,0.767,NA,NA,10,1.41297830656097,NA,80,1.3,20,97.88,1.05,1.41847970246656,1.41297830656097,1.41297830656097,"202013",62,2020,1,3,3.359317612,14.31676657,5.535748944,2.799431343,NA,6.502816117,"Residential","Garden_non_food_producing","Garden_non_food_producing"
"1497",1497,1497,"01.003.60",2020,1,3,40,60,7.8,37,18,0.767,NA,NA,40.5,0.89747508499076,NA,45,1.3,20,62.17,1.05,1.41847970246656,0.89747508499076,0.89747508499076,"202013",62,2020,1,3,3.359317612,14.31676657,5.535748944,2.799431343,NA,6.502816117,"Residential","Garden_non_food_producing","Garden_non_food_producing"
"1498",1498,1498,"01.003.80",2020,1,3,60,80,8.1,18,10,0.295,NA,NA,0,0.695806644628513,NA,28,0.5,20,48.2,1.05,1.43738628864155,0.695806644628513,0.695806644628513,"202013",62,2020,1,3,3.359317612,14.31676657,5.535748944,2.799431343,NA,6.502816117,"Residential","Garden_non_food_producing","Garden_non_food_producing"
"1499",1499,1499,"01.003.100",2020,1,3,80,100,7.7,26,14,1.121,NA,NA,7.5,2.02924356919979,NA,41,1.9,20,140.57,1.05,1.40447537406824,2.02924356919979,2.02924356919979,"202013",62,2020,1,3,3.359317612,14.31676657,5.535748944,2.799431343,NA,6.502816117,"Residential","Garden_non_food_producing","Garden_non_food_producing"
"1500",1500,1500,"02.004.10",2020,2,4,0,10,6.2,43,NA,3.127,NA,NA,34.5,2.80834490966869,NA,87,5.3,10,97.27,1.05,1.32788122409851,NA,1.32788122409851,"202024",63,2020,2,4,0.506794985,1.266987462,2.533974924,NA,NA,1.435919124,"Residential","Maintained_lawn","Maintained_lawn"
"1501",1501,1501,"02.004.20",2020,2,4,10,20,6.5,23,NA,2.065,NA,NA,21,2.02390231487381,NA,58,3.5,10,70.1,1.05,1.36785342717879,2.02390231487381,2.02390231487381,"202024",63,2020,2,4,0.506794985,1.266987462,2.533974924,NA,NA,1.435919124,"Residential","Maintained_lawn","Maintained_lawn"
"1502",1502,1502,"02.004.40",2020,2,4,20,40,7.4,12,NA,1.298,NA,NA,13,0.902383264641667,NA,49,2.2,20,62.51,1.05,1.39752908950921,0.902383264641667,0.902383264641667,"202024",63,2020,2,4,0.506794985,1.266987462,2.533974924,NA,NA,1.435919124,"Residential","Maintained_lawn","Maintained_lawn"
"1503",1503,1503,"02.004.60",2020,2,4,40,60,7.8,21,14,1.121,NA,NA,10,1.67585463433452,NA,40,1.9,20,116.09,1.05,1.40447537406824,1.67585463433452,1.67585463433452,"202024",63,2020,2,4,0.506794985,1.266987462,2.533974924,NA,NA,1.435919124,"Residential","Maintained_lawn","Maintained_lawn"
"1504",1504,1504,"02.004.80",2020,2,4,60,80,7.6,15.5,18,0.944,NA,NA,10,1.89975424135088,NA,79,1.6,20,131.6,1.05,1.41145884536132,1.89975424135088,1.89975424135088,"202024",63,2020,2,4,0.506794985,1.266987462,2.533974924,NA,NA,1.435919124,"Residential","Maintained_lawn","Maintained_lawn"
"1505",1505,1505,"02.004.100",2020,2,4,80,100,7.4,27,NA,1.239,NA,NA,11.5,1.39478917020761,NA,104,2.1,20,96.62,1.05,1.3998403980813,1.39478917020761,1.39478917020761,"202024",63,2020,2,4,0.506794985,1.266987462,2.533974924,NA,NA,1.435919124,"Residential","Maintained_lawn","Maintained_lawn"
"1506",1506,1506,"02.005.10",2020,2,5,0,10,6.8,158,NA,9.676,NA,NA,34.5,1.40171836500889,NA,624,16.4,10,48.55,1.05,1.10777001911134,1.40171836500889,1.40171836500889,"202025",64,2020,2,5,45.75140622,29.41161829,NA,NA,NA,37.58151226,"Residential","Garden_non_food_producing","Garden"
"1507",1507,1507,"02.005.20",2020,2,5,10,20,6.1,82,NA,5.546,NA,NA,31,2.94606265634413,NA,360,9.4,10,102.04,1.05,1.24147483474081,NA,1.24147483474081,"202025",64,2020,2,5,45.75140622,29.41161829,NA,NA,NA,37.58151226,"Residential","Garden_non_food_producing","Garden"
"1508",1508,1508,"02.005.40",2020,2,5,20,40,6.2,67,NA,3.54,NA,NA,16,1.42409388988803,NA,115,6,20,98.65,1.05,1.31267903019791,1.42409388988803,1.42409388988803,"202025",64,2020,2,5,45.75140622,29.41161829,NA,NA,NA,37.58151226,"Residential","Garden_non_food_producing","Garden"
"1509",1509,1509,"02.005.60",2020,2,5,40,60,6.5,56,NA,2.183,NA,NA,9,1.48703407599965,NA,103,3.7,20,103.01,1.05,1.36334857388164,1.48703407599965,1.48703407599965,"202025",64,2020,2,5,45.75140622,29.41161829,NA,NA,NA,37.58151226,"Residential","Garden_non_food_producing","Garden"
"1510",1510,1510,"02.005.80",2020,2,5,60,80,5.8,29,NA,1.77,NA,NA,10.5,1.47635156734768,NA,117,3,20,102.27,1.05,1.37918596325339,1.47635156734768,1.47635156734768,"202025",64,2020,2,5,45.75140622,29.41161829,NA,NA,NA,37.58151226,"Residential","Garden_non_food_producing","Garden"
"1511",1511,1511,"02.005.100",2020,2,5,80,100,5.9,32,NA,1.888,NA,NA,9.5,1.47837258249805,NA,136,3.2,20,102.41,1.05,1.3746408439354,1.47837258249805,1.47837258249805,"202025",64,2020,2,5,45.75140622,29.41161829,NA,NA,NA,37.58151226,"Residential","Garden_non_food_producing","Garden"
"1512",1512,1512,"02.006.10",2020,2,6,0,10,6.6,35,NA,6.962,NA,NA,46.5,2.49075681461003,NA,89,11.8,10,86.27,1.05,1.19374501700238,2.49075681461003,2.49075681461003,"202026",65,2020,2,6,3.91920388,0.844658308,4.843780326,NA,NA,3.202547505,"Residential","Garden_non_food_producing","Garden"
"1513",1513,1513,"02.006.20",2020,2,6,10,20,7.1,44,NA,4.425,NA,NA,79,2.12091104209172,NA,58,7.5,10,73.46,1.05,1.28073370051086,2.12091104209172,2.12091104209172,"202026",65,2020,2,6,3.91920388,0.844658308,4.843780326,NA,NA,3.202547505,"Residential","Garden_non_food_producing","Garden"
"1514",1514,1514,"02.006.40",2020,2,6,20,40,7.4,51,NA,1.652,NA,NA,97.5,0.836844630479562,NA,44,2.8,20,57.97,1.05,1.38374728957565,0.836844630479562,0.836844630479562,"202026",65,2020,2,6,3.91920388,0.844658308,4.843780326,NA,NA,3.202547505,"Residential","Garden_non_food_producing","Garden"
"1515",1515,1515,"02.006.60",2020,2,6,40,60,7.4,25,NA,0.767,NA,NA,31.5,1.52947539415749,NA,68,1.3,20,105.95,1.05,1.41847970246656,1.52947539415749,1.52947539415749,"202026",65,2020,2,6,3.91920388,0.844658308,4.843780326,NA,NA,3.202547505,"Residential","Garden_non_food_producing","Garden"
"1516",1516,1516,"02.006.80",2020,2,6,60,80,7.2,23,NA,0.767,NA,NA,0,0.719192677082832,NA,73,1.3,20,49.82,1.05,1.41847970246656,0.719192677082832,0.719192677082832,"202026",65,2020,2,6,3.91920388,0.844658308,4.843780326,NA,NA,3.202547505,"Residential","Garden_non_food_producing","Garden"
"1517",1517,1517,"02.006.100",2020,2,6,80,100,7.2,20,NA,1.062,NA,NA,22.5,2.48065173885817,NA,58,1.8,20,171.84,1.05,1.40679905616411,2.48065173885817,2.48065173885817,"202026",65,2020,2,6,3.91920388,0.844658308,4.843780326,NA,NA,3.202547505,"Residential","Garden_non_food_producing","Garden"
"1518",1518,1518,"03.007.10",2020,3,7,0,10,7.1,23,NA,3.894,NA,NA,38.5,2.21214544030858,NA,141,6.6,10,76.62,1.05,1.2997984713627,2.21214544030858,2.21214544030858,"202037",66,2020,3,7,2.280577432,6.121270373,2.30656206,NA,NA,3.569469955,"Residential","Maintained_lawn","Maintained_lawn"
"1519",1519,1519,"03.007.20",2020,3,7,10,20,7.1,12,NA,3.068,NA,NA,57,2.4618851696047,NA,67,5.2,10,85.27,1.05,1.33006846785413,2.4618851696047,2.4618851696047,"202037",66,2020,3,7,2.280577432,6.121270373,2.30656206,NA,NA,3.569469955,"Residential","Maintained_lawn","Maintained_lawn"
"1520",1520,1520,"03.007.40",2020,3,7,20,40,7.2,15,NA,1.829,NA,NA,31,1.16294986081479,NA,52,3.1,20,80.56,1.05,1.37691138132277,1.16294986081479,1.16294986081479,"202037",66,2020,3,7,2.280577432,6.121270373,2.30656206,NA,NA,3.569469955,"Residential","Maintained_lawn","Maintained_lawn"
"1521",1521,1521,"03.007.60",2020,3,7,40,60,7.4,13,NA,0.531,NA,NA,13.5,1.7363407306207,NA,33,0.9,20,120.28,1.05,1.42789934706323,1.7363407306207,1.7363407306207,"202037",66,2020,3,7,2.280577432,6.121270373,2.30656206,NA,NA,3.569469955,"Residential","Maintained_lawn","Maintained_lawn"
"1522",1522,1522,"03.007.80",2020,3,7,60,80,7.6,13,5,0.413,NA,NA,12,1.19095535646997,NA,32,0.7,20,82.5,1.05,1.43263437576045,1.19095535646997,1.19095535646997,"202037",66,2020,3,7,2.280577432,6.121270373,2.30656206,NA,NA,3.569469955,"Residential","Maintained_lawn","Maintained_lawn"
"1523",1523,1523,"03.007.100",2020,3,7,80,100,7.6,25,12,0.59,NA,NA,10,1.4910761063004,NA,36,1,20,103.29,1.05,1.42553814552782,1.4910761063004,1.4910761063004,"202037",66,2020,3,7,2.280577432,6.121270373,2.30656206,NA,NA,3.569469955,"Residential","Maintained_lawn","Maintained_lawn"
"1524",1524,1524,"03.008.10",2020,3,8,0,10,7.2,83,NA,5.841,NA,NA,45.5,2.35332778438465,NA,130,9.9,10,81.51,1.05,1.23136230605887,2.35332778438465,2.35332778438465,"202038",67,2020,3,8,4.790559422,13.43727045,4.790559422,NA,NA,7.672796431,"Residential","Garden_food_producing_raised_beds","Garden_food_producing_raised_beds"
"1525",1525,1525,"03.008.20",2020,3,8,10,20,7.3,84,NA,5.251,NA,NA,38,2.15555701609812,NA,99,8.9,10,74.66,1.05,1.25167775289021,2.15555701609812,2.15555701609812,"202038",67,2020,3,8,4.790559422,13.43727045,4.790559422,NA,NA,7.672796431,"Residential","Garden_food_producing_raised_beds","Garden_food_producing_raised_beds"
"1526",1526,1526,"03.008.40",2020,3,8,20,40,7.2,54,NA,3.422,NA,NA,82,0.799455850197657,NA,90.5,5.8,20,55.38,1.05,1.31700320583757,0.799455850197657,0.799455850197657,"202038",67,2020,3,8,4.790559422,13.43727045,4.790559422,NA,NA,7.672796431,"Residential","Garden_food_producing_raised_beds","Garden_food_producing_raised_beds"
"1527",1527,1527,"03.008.60",2020,3,8,40,60,7.6,29,20,2.183,NA,NA,36,0.760767845890511,NA,125,3.7,20,52.7,1.05,1.36334857388164,0.760767845890511,0.760767845890511,"202038",67,2020,3,8,4.790559422,13.43727045,4.790559422,NA,NA,7.672796431,"Residential","Garden_food_producing_raised_beds","Garden_food_producing_raised_beds"
"1528",1528,1528,"03.008.80",2020,3,8,60,80,7.6,12,12,1.534,NA,NA,38,0.765676025541418,NA,131,2.6,20,53.04,1.05,1.38832488069319,0.765676025541418,0.765676025541418,"202038",67,2020,3,8,4.790559422,13.43727045,4.790559422,NA,NA,7.672796431,"Residential","Garden_food_producing_raised_beds","Garden_food_producing_raised_beds"
"1529",1529,1529,"03.008.100",2020,3,8,80,100,7.9,16,8,0.708,NA,NA,12.5,1.41398881413616,NA,38,1.2,20,97.95,1.05,1.42082833068852,1.41398881413616,1.41398881413616,"202038",67,2020,3,8,4.790559422,13.43727045,4.790559422,NA,NA,7.672796431,"Residential","Garden_food_producing_raised_beds","Garden_food_producing_raised_beds"
"1530",1530,1530,"03.009.10",2020,3,9,0,10,6.3,54,NA,2.301,NA,NA,136.5,2.2101244251582,NA,96,3.9,10,76.55,1.05,1.35885972693253,2.2101244251582,2.2101244251582,"202039",68,2020,3,9,22.04558184,12.56322096,4.561154863,NA,NA,13.05665255,"Residential","Maintained_lawn","Maintained_lawn"
"1531",1531,1531,"03.009.20",2020,3,9,10,20,6.3,41,NA,1.416,NA,NA,69.5,2.70902645085035,NA,47,2.4,10,93.83,1.05,1.39291879460309,NA,1.39291879460309,"202039",68,2020,3,9,22.04558184,12.56322096,4.561154863,NA,NA,13.05665255,"Residential","Maintained_lawn","Maintained_lawn"
"1532",1532,1532,"03.009.40",2020,3,9,20,40,6.9,27,NA,0.472,NA,NA,68.5,1.50522321235301,NA,34,0.8,20,104.27,1.05,1.43026475464334,1.50522321235301,1.50522321235301,"202039",68,2020,3,9,22.04558184,12.56322096,4.561154863,NA,NA,13.05665255,"Residential","Maintained_lawn","Maintained_lawn"
"1533",1533,1533,"03.009.60",2020,3,9,40,60,7.1,91,NA,0.885,NA,NA,85,1.20654604477284,NA,31,1.5,20,83.58,1.05,1.41379496722227,1.20654604477284,1.20654604477284,"202039",68,2020,3,9,22.04558184,12.56322096,4.561154863,NA,NA,13.05665255,"Residential","Maintained_lawn","Maintained_lawn"
"1534",1534,1534,"03.009.80",2020,3,9,60,80,7,143,NA,1.062,NA,NA,26,1.5609454872133,NA,43,1.8,20,108.13,1.05,1.40679905616411,1.5609454872133,1.5609454872133,"202039",68,2020,3,9,22.04558184,12.56322096,4.561154863,NA,NA,13.05665255,"Residential","Maintained_lawn","Maintained_lawn"
"1535",1535,1535,"03.009.100",2020,3,9,80,100,7.2,124,NA,0.885,NA,NA,8.5,1.35321400139993,NA,39,1.5,20,93.74,1.05,1.41379496722227,1.35321400139993,1.35321400139993,"202039",68,2020,3,9,22.04558184,12.56322096,4.561154863,NA,NA,13.05665255,"Residential","Maintained_lawn","Maintained_lawn"
"1536",1536,1536,"04.010.10",2020,4,10,0,10,6.3,40,NA,3.717,NA,NA,74,2.13881146199503,NA,86,6.3,10,74.08,1.05,1.3062215578761,2.13881146199503,2.13881146199503,"2020410",69,2020,4,10,NA,6.91968618,12.77482513,NA,NA,9.847255655,"Residential","Maintained_lawn","Maintained_lawn"
"1537",1537,1537,"04.010.20",2020,4,10,10,20,6.1,30,NA,2.301,NA,NA,79.5,2.30366855497548,NA,50,3.9,10,79.79,1.05,1.35885972693253,2.30366855497548,2.30366855497548,"2020410",69,2020,4,10,NA,6.91968618,12.77482513,NA,NA,9.847255655,"Residential","Maintained_lawn","Maintained_lawn"
"1538",1538,1538,"04.010.40",2020,4,10,20,40,6.5,18,NA,1.829,NA,NA,36,0.763799368616071,NA,34,3.1,20,52.91,1.05,1.37691138132277,0.763799368616071,0.763799368616071,"2020410",69,2020,4,10,NA,6.91968618,12.77482513,NA,NA,9.847255655,"Residential","Maintained_lawn","Maintained_lawn"
"1539",1539,1539,"04.010.60",2020,4,10,40,60,7.3,11,NA,0.885,NA,NA,14.5,1.54982990388625,NA,21,1.5,20,107.36,1.05,1.41379496722227,1.54982990388625,1.54982990388625,"2020410",69,2020,4,10,NA,6.91968618,12.77482513,NA,NA,9.847255655,"Residential","Maintained_lawn","Maintained_lawn"
"1540",1540,1540,"04.010.80",2020,4,10,60,80,7.6,13,6,0.767,NA,NA,9.5,1.37342415290367,NA,24,1.3,20,95.14,1.05,1.41847970246656,1.37342415290367,1.37342415290367,"2020410",69,2020,4,10,NA,6.91968618,12.77482513,NA,NA,9.847255655,"Residential","Maintained_lawn","Maintained_lawn"
"1541",1541,1541,"04.010.100",2020,4,10,80,100,7.7,17,8,0.708,NA,NA,0,1.56224471123854,NA,19,1.2,20,108.22,1.05,1.42082833068852,1.56224471123854,1.56224471123854,"2020410",69,2020,4,10,NA,6.91968618,12.77482513,NA,NA,9.847255655,"Residential","Maintained_lawn","Maintained_lawn"
"1542",1542,1542,"04.011.10",2020,4,11,0,10,6.2,308,NA,20.827,NA,NA,32,0.880873889112694,NA,63,35.3,10,30.51,1.05,0.819909963780013,0.880873889112694,0.880873889112694,"2020411",70,2020,4,11,11.5328103,11.5328103,11.5328103,NA,NA,11.5328103,"Residential","Garden_food_producing_raised_beds","Garden_food_producing_raised_beds"
"1543",1543,1543,"04.011.20",2020,4,11,10,20,5.7,77,NA,3.422,NA,NA,75,2.23293302471241,NA,59,5.8,10,77.34,1.05,1.31700320583757,2.23293302471241,2.23293302471241,"2020411",70,2020,4,11,11.5328103,11.5328103,11.5328103,NA,NA,11.5328103,"Residential","Garden_food_producing_raised_beds","Garden_food_producing_raised_beds"
"1544",1544,1544,"04.011.40",2020,4,11,20,40,6,23,NA,2.065,NA,NA,20,1.26789829040918,NA,26,3.5,20,87.83,1.05,1.36785342717879,1.26789829040918,1.26789829040918,"2020411",70,2020,4,11,11.5328103,11.5328103,11.5328103,NA,NA,11.5328103,"Residential","Garden_food_producing_raised_beds","Garden_food_producing_raised_beds"
"1545",1545,1545,"04.011.60",2020,4,11,40,60,5.9,9,NA,0.885,NA,NA,0,1.28998509883826,NA,24,1.5,20,89.36,1.05,1.41379496722227,1.28998509883826,1.28998509883826,"2020411",70,2020,4,11,11.5328103,11.5328103,11.5328103,NA,NA,11.5328103,"Residential","Garden_food_producing_raised_beds","Garden_food_producing_raised_beds"
"1546",1546,1546,"04.011.80",2020,4,11,60,80,5.9,12,NA,0.826,NA,NA,15,1.01556011306257,NA,19,1.4,20,70.35,1.05,1.41613525045312,1.01556011306257,1.01556011306257,"2020411",70,2020,4,11,11.5328103,11.5328103,11.5328103,NA,NA,11.5328103,"Residential","Garden_food_producing_raised_beds","Garden_food_producing_raised_beds"
"1547",1547,1547,"04.011.100",2020,4,11,80,100,6.3,10,NA,0.413,NA,NA,4,1.4375192048155,NA,18,0.7,20,99.58,1.05,1.43263437576045,1.4375192048155,1.4375192048155,"2020411",70,2020,4,11,11.5328103,11.5328103,11.5328103,NA,NA,11.5328103,"Residential","Garden_food_producing_raised_beds","Garden_food_producing_raised_beds"
"1548",1548,1548,"04.012.10",2020,4,12,0,10,6,127.5,NA,3.4515,NA,NA,89,2.98013119745042,NA,107.5,5.85,10,103.22,1.05,1.3159207185246,NA,1.3159207185246,"2020412",71,2020,4,12,20.54144769,7.006411691,NA,NA,NA,13.77392969,"Residential","Maintained_lawn","Maintained_lawn"
"1549",1549,1549,"04.012.20",2020,4,12,10,20,5.7,146,NA,2.478,NA,NA,67.5,2.33860324543193,NA,72,4.2,10,81,1.05,1.35215634405769,2.33860324543193,2.33860324543193,"2020412",71,2020,4,12,20.54144769,7.006411691,NA,NA,NA,13.77392969,"Residential","Maintained_lawn","Maintained_lawn"
"1550",1550,1550,"04.012.40",2020,4,12,20,40,5.5,113,NA,1.534,NA,NA,22.5,0.957528106601852,NA,44,2.6,20,66.33,1.05,1.38832488069319,0.957528106601852,0.957528106601852,"2020412",71,2020,4,12,20.54144769,7.006411691,NA,NA,NA,13.77392969,"Residential","Maintained_lawn","Maintained_lawn"
"1551",1551,1551,"04.012.60",2020,4,12,40,60,5.6,43,NA,0.944,NA,NA,5.5,1.49916016690189,NA,35,1.6,20,103.85,1.05,1.41145884536132,1.49916016690189,1.49916016690189,"2020412",71,2020,4,12,20.54144769,7.006411691,NA,NA,NA,13.77392969,"Residential","Maintained_lawn","Maintained_lawn"
"1552",1552,1552,"04.012.80",2020,4,12,60,80,6.1,52,NA,0.708,NA,NA,12.5,0.705334287480273,NA,35,1.2,20,48.86,1.05,1.42082833068852,0.705334287480273,0.705334287480273,"2020412",71,2020,4,12,20.54144769,7.006411691,NA,NA,NA,13.77392969,"Residential","Maintained_lawn","Maintained_lawn"
"1553",1553,1553,"04.012.100",2020,4,12,80,100,6.1,67,NA,0.944,NA,NA,17,1.16064012921437,NA,46,1.6,20,80.4,1.05,1.41145884536132,1.16064012921437,1.16064012921437,"2020412",71,2020,4,12,20.54144769,7.006411691,NA,NA,NA,13.77392969,"Residential","Maintained_lawn","Maintained_lawn"
"1554",1554,1554,"05.013.10",2020,5,13,0,10,7,58,NA,4.779,NA,NA,25.5,0.0303152272555991,NA,64,8.1,10,1.05,1.05,1.26819245132668,0.0303152272555991,0.0303152272555991,"2020513",72,2020,5,13,18.36381112,11.90602716,14.06356083,NA,NA,14.7777997,"Residential","Maintained_lawn","Maintained_lawn"
"1555",1555,1555,"05.013.20",2020,5,13,10,20,7.1,51,NA,2.36,NA,NA,15.5,0.0303152272555991,NA,39,4,10,1.05,1.05,1.35662128805787,0.0303152272555991,0.0303152272555991,"2020513",72,2020,5,13,18.36381112,11.90602716,14.06356083,NA,NA,14.7777997,"Residential","Maintained_lawn","Maintained_lawn"
"1556",1556,1556,"05.013.40",2020,5,13,20,40,7.2,24,NA,1.357,NA,NA,10.5,0.0151576136277996,NA,29,2.3,20,1.05,1.05,1.39522189078578,0.0151576136277996,0.0151576136277996,"2020513",72,2020,5,13,18.36381112,11.90602716,14.06356083,NA,NA,14.7777997,"Residential","Maintained_lawn","Maintained_lawn"
"1557",1557,1557,"05.013.60",2020,5,13,40,60,7.2,14,NA,0.944,NA,NA,10.5,0.0151576136277996,NA,24,1.6,20,1.05,1.05,1.41145884536132,0.0151576136277996,0.0151576136277996,"2020513",72,2020,5,13,18.36381112,11.90602716,14.06356083,NA,NA,14.7777997,"Residential","Maintained_lawn","Maintained_lawn"
"1558",1558,1558,"05.013.80",2020,5,13,60,80,7,15,NA,1.003,NA,NA,20.5,NA,NA,26,1.7,20,NA,1.05,1.40912687747072,NA,1.40912687747072,"2020513",72,2020,5,13,18.36381112,11.90602716,14.06356083,NA,NA,14.7777997,"Residential","Maintained_lawn","Maintained_lawn"
"1559",1559,1559,"05.013.100",2020,5,13,80,100,7.2,15,NA,0.531,NA,NA,8.5,NA,NA,17,0.9,20,NA,1.05,1.42789934706323,NA,1.42789934706323,"2020513",72,2020,5,13,18.36381112,11.90602716,14.06356083,NA,NA,14.7777997,"Residential","Maintained_lawn","Maintained_lawn"
"1560",1560,1560,"05.014.10",2020,5,14,0,10,5.3,257,NA,2.773,NA,NA,52.5,NA,NA,255,4.7,10,NA,1.05,1.34106326818937,NA,1.34106326818937,"2020514",73,2020,5,14,1.845249648,2.027179939,23.1936387,15.2208254,NA,10.57172342,"Residential","Maintained_lawn","Maintained_lawn"
"1561",1561,1561,"05.014.20",2020,5,14,10,20,5.2,196,NA,1.711,NA,NA,40,NA,NA,82,2.9,10,NA,1.05,1.38146459693187,NA,1.38146459693187,"2020514",73,2020,5,14,1.845249648,2.027179939,23.1936387,15.2208254,NA,10.57172342,"Residential","Maintained_lawn","Maintained_lawn"
"1562",1562,1562,"05.014.40",2020,5,14,20,40,6.1,139,NA,1.298,NA,NA,17,NA,NA,99,2.2,20,NA,1.05,1.39752908950921,NA,1.39752908950921,"2020514",73,2020,5,14,1.845249648,2.027179939,23.1936387,15.2208254,NA,10.57172342,"Residential","Maintained_lawn","Maintained_lawn"
"1563",1563,1563,"05.014.60",2020,5,14,40,60,7.1,65,NA,0.413,NA,NA,3.5,NA,NA,47,0.7,20,NA,1.05,1.43263437576045,NA,1.43263437576045,"2020514",73,2020,5,14,1.845249648,2.027179939,23.1936387,15.2208254,NA,10.57172342,"Residential","Maintained_lawn","Maintained_lawn"
"1564",1564,1564,"05.014.80",2020,5,14,60,80,7.3,66,NA,0.649,NA,NA,12,NA,NA,60,1.1,20,NA,1.05,1.42318114255814,NA,1.42318114255814,"2020514",73,2020,5,14,1.845249648,2.027179939,23.1936387,15.2208254,NA,10.57172342,"Residential","Maintained_lawn","Maintained_lawn"
"1565",1565,1565,"05.014.100",2020,5,14,80,100,7.6,55,19,0.413,NA,NA,5,NA,NA,50,0.7,20,NA,1.05,1.43263437576045,NA,1.43263437576045,"2020514",73,2020,5,14,1.845249648,2.027179939,23.1936387,15.2208254,NA,10.57172342,"Residential","Maintained_lawn","Maintained_lawn"
"1566",1566,1566,"05.015.10",2020,5,15,0,10,5.6,98,NA,4.307,NA,NA,42,NA,NA,154,7.3,10,NA,1.05,1.28494396536869,NA,1.28494396536869,"2020515",74,2020,5,15,14.53134098,17.99118407,14.44365707,NA,NA,15.65539404,"Residential","Maintained_lawn","Maintained_lawn"
"1567",1567,1567,"05.015.20",2020,5,15,10,20,5.4,104,NA,4.012,NA,NA,34,NA,NA,59,6.8,10,NA,1.05,1.29553542645248,NA,1.29553542645248,"2020515",74,2020,5,15,14.53134098,17.99118407,14.44365707,NA,NA,15.65539404,"Residential","Maintained_lawn","Maintained_lawn"
"1568",1568,1568,"05.015.40",2020,5,15,20,40,5.9,68,NA,2.773,NA,NA,22,NA,NA,33,4.7,20,NA,1.05,1.34106326818937,NA,1.34106326818937,"2020515",74,2020,5,15,14.53134098,17.99118407,14.44365707,NA,NA,15.65539404,"Residential","Maintained_lawn","Maintained_lawn"
"1569",1569,1569,"05.015.60",2020,5,15,40,60,5.9,32,NA,1.062,NA,NA,10,NA,NA,26,1.8,20,NA,1.05,1.40679905616411,NA,1.40679905616411,"2020515",74,2020,5,15,14.53134098,17.99118407,14.44365707,NA,NA,15.65539404,"Residential","Maintained_lawn","Maintained_lawn"
"1570",1570,1570,"05.015.80",2020,5,15,60,80,6.25,18,NA,0.7965,NA,NA,0,NA,NA,35.5,1.35,20,NA,1.05,1.4173069548982,NA,1.4173069548982,"2020515",74,2020,5,15,14.53134098,17.99118407,14.44365707,NA,NA,15.65539404,"Residential","Maintained_lawn","Maintained_lawn"
"1571",1571,1571,"05.015.100",2020,5,15,80,100,6.2,20,NA,0.767,NA,NA,13,NA,NA,52,1.3,20,NA,1.05,1.41847970246656,NA,1.41847970246656,"2020515",74,2020,5,15,14.53134098,17.99118407,14.44365707,NA,NA,15.65539404,"Residential","Maintained_lawn","Maintained_lawn"
"1572",1572,1572,"06.016.10",2020,6,16,0,10,5.8,101,NA,3.009,NA,NA,177.5,NA,NA,100,5.1,10,NA,1.05,1.33225960778078,NA,1.33225960778078,"2020616",75,2020,6,16,9.495219271,27.36692918,9.921689301,NA,NA,15.59461258,"Residential","Garden_non_food_producing","Garden_non_food_producing"
"1573",1573,1573,"06.016.20",2020,6,16,10,20,6.1,66,NA,1.947,NA,NA,118,NA,NA,80,3.3,10,NA,1.05,1.3723743438995,NA,1.3723743438995,"2020616",75,2020,6,16,9.495219271,27.36692918,9.921689301,NA,NA,15.59461258,"Residential","Garden_non_food_producing","Garden_non_food_producing"
"1574",1574,1574,"06.016.40",2020,6,16,20,40,6.3,36,NA,0.531,NA,NA,26,NA,NA,46,0.9,20,NA,1.05,1.42789934706323,NA,1.42789934706323,"2020616",75,2020,6,16,9.495219271,27.36692918,9.921689301,NA,NA,15.59461258,"Residential","Garden_non_food_producing","Garden_non_food_producing"
"1575",1575,1575,"06.016.60",2020,6,16,40,60,6.7,28,NA,0.413,NA,NA,12,NA,NA,42,0.7,20,NA,1.05,1.43263437576045,NA,1.43263437576045,"2020616",75,2020,6,16,9.495219271,27.36692918,9.921689301,NA,NA,15.59461258,"Residential","Garden_non_food_producing","Garden_non_food_producing"
"1576",1576,1576,"06.016.80",2020,6,16,60,80,7.1,22,NA,0.413,NA,NA,10.5,NA,NA,40,0.7,20,NA,1.05,1.43263437576045,NA,1.43263437576045,"2020616",75,2020,6,16,9.495219271,27.36692918,9.921689301,NA,NA,15.59461258,"Residential","Garden_non_food_producing","Garden_non_food_producing"
"1577",1577,1577,"06.016.100",2020,6,16,80,100,7.2,16,NA,0.354,NA,NA,27,NA,NA,31,0.6,20,NA,1.05,1.43500821792018,NA,1.43500821792018,"2020616",75,2020,6,16,9.495219271,27.36692918,9.921689301,NA,NA,15.59461258,"Residential","Garden_non_food_producing","Garden_non_food_producing"
"1578",1578,1578,"06.017.10",2020,6,17,0,10,5.5,98,NA,1.947,NA,NA,154,NA,NA,97,3.3,10,NA,1.05,1.3723743438995,NA,1.3723743438995,"2020617",76,2020,6,17,15.1620454,22.13658629,9.921689301,NA,NA,15.740107,"Residential","Maintained_lawn","Maintained_lawn"
"1579",1579,1579,"06.017.20",2020,6,17,10,20,5.6,75,NA,1.475,NA,NA,104,NA,NA,58,2.5,10,NA,1.05,1.39061979366621,NA,1.39061979366621,"2020617",76,2020,6,17,15.1620454,22.13658629,9.921689301,NA,NA,15.740107,"Residential","Maintained_lawn","Maintained_lawn"
"1580",1580,1580,"06.017.40",2020,6,17,20,40,6,70,NA,0.885,NA,NA,52.5,NA,NA,37,1.5,20,NA,1.05,1.41379496722227,NA,1.41379496722227,"2020617",76,2020,6,17,15.1620454,22.13658629,9.921689301,NA,NA,15.740107,"Residential","Maintained_lawn","Maintained_lawn"
"1581",1581,1581,"06.017.60",2020,6,17,40,60,6.4,73,NA,0.708,NA,NA,19.5,NA,NA,46,1.2,20,NA,1.05,1.42082833068852,NA,1.42082833068852,"2020617",76,2020,6,17,15.1620454,22.13658629,9.921689301,NA,NA,15.740107,"Residential","Maintained_lawn","Maintained_lawn"
"1582",1582,1582,"06.017.80",2020,6,17,60,80,6.5,68,NA,0.531,NA,NA,9,NA,NA,36,0.9,20,NA,1.05,1.42789934706323,NA,1.42789934706323,"2020617",76,2020,6,17,15.1620454,22.13658629,9.921689301,NA,NA,15.740107,"Residential","Maintained_lawn","Maintained_lawn"
"1583",1583,1583,"06.017.100",2020,6,17,80,100,6.5,68,NA,0.472,NA,NA,8.5,NA,NA,34,0.8,20,NA,1.05,1.43026475464334,NA,1.43026475464334,"2020617",76,2020,6,17,15.1620454,22.13658629,9.921689301,NA,NA,15.740107,"Residential","Maintained_lawn","Maintained_lawn"
"1584",1584,1584,"06.018.10",2020,6,18,0,10,7.6,134,84,4.307,NA,NA,38.5,NA,NA,368,7.3,10,NA,1.05,1.28494396536869,NA,1.28494396536869,"2020618",77,2020,6,18,14.53036679,12.71407094,NA,NA,NA,13.62221887,"Residential","Garden_food_producing_raised_beds","Garden_food_producing_raised_beds"
"1585",1585,1585,"06.018.20",2020,6,18,10,20,7.5,160,87,4.189,NA,NA,34,NA,NA,360,7.1,10,NA,1.05,1.28916924320546,NA,1.28916924320546,"2020618",77,2020,6,18,14.53036679,12.71407094,NA,NA,NA,13.62221887,"Residential","Garden_food_producing_raised_beds","Garden_food_producing_raised_beds"
"1586",1586,1586,"06.018.40",2020,6,18,20,40,6.8,150,NA,2.95,NA,NA,200.5,NA,NA,215,5,20,NA,1.05,1.33445465081876,NA,1.33445465081876,"2020618",77,2020,6,18,14.53036679,12.71407094,NA,NA,NA,13.62221887,"Residential","Garden_food_producing_raised_beds","Garden_food_producing_raised_beds"
"1587",1587,1587,"06.018.60",2020,6,18,40,60,7.2,134,NA,1.416,NA,NA,263,NA,NA,101,2.4,20,NA,1.05,1.39291879460309,NA,1.39291879460309,"2020618",77,2020,6,18,14.53036679,12.71407094,NA,NA,NA,13.62221887,"Residential","Garden_food_producing_raised_beds","Garden_food_producing_raised_beds"
"1588",1588,1588,"06.018.80",2020,6,18,60,80,7.5,135,45,1.062,NA,NA,105.5,NA,NA,119,1.8,20,NA,1.05,1.40679905616411,NA,1.40679905616411,"2020618",77,2020,6,18,14.53036679,12.71407094,NA,NA,NA,13.62221887,"Residential","Garden_food_producing_raised_beds","Garden_food_producing_raised_beds"
"1589",1589,1589,"06.018.100",2020,6,18,80,100,7.4,101,NA,1.003,NA,NA,17.5,NA,NA,109,1.7,20,NA,1.05,1.40912687747072,NA,1.40912687747072,"2020618",77,2020,6,18,14.53036679,12.71407094,NA,NA,NA,13.62221887,"Residential","Garden_food_producing_raised_beds","Garden_food_producing_raised_beds"
"1590",1590,1590,"07.019.10",2020,7,19,0,10,7.2,8,NA,2.773,NA,NA,25.5,2.1359242974945,NA,88,4.7,10,73.98,1.05,1.34106326818937,2.1359242974945,2.1359242974945,"2020719",78,2020,7,19,1.551138472,3.877846179,3.16507309,NA,NA,2.864685914,"Residential","Garden_non_food_producing","Garden_non_food_producing"
"1591",1591,1591,"07.019.20",2020,7,19,10,20,7.3,7,NA,1.593,NA,NA,13,3.36123691152081,NA,63,2.7,10,116.42,1.05,1.38603404841503,NA,1.38603404841503,"2020719",78,2020,7,19,1.551138472,3.877846179,3.16507309,NA,NA,2.864685914,"Residential","Garden_non_food_producing","Garden_non_food_producing"
"1592",1592,1592,"07.019.40",2020,7,19,20,40,7.7,10.5,5,0.354,NA,NA,17,1.61017164194739,NA,32,0.6,20,111.54,1.05,1.43500821792018,1.61017164194739,1.61017164194739,"2020719",78,2020,7,19,1.551138472,3.877846179,3.16507309,NA,NA,2.864685914,"Residential","Garden_non_food_producing","Garden_non_food_producing"
"1593",1593,1593,"07.019.60",2020,7,19,40,60,7.7,9,4,0.295,NA,NA,0,1.10347427210381,NA,34,0.5,20,76.44,1.05,1.43738628864155,1.10347427210381,1.10347427210381,"2020719",78,2020,7,19,1.551138472,3.877846179,3.16507309,NA,NA,2.864685914,"Residential","Garden_non_food_producing","Garden_non_food_producing"
"1594",1594,1594,"07.019.80",2020,7,19,60,80,7.6,8,4,0.354,NA,NA,7,1.68740329233666,NA,26,0.6,20,116.89,1.05,1.43500821792018,1.68740329233666,1.68740329233666,"2020719",78,2020,7,19,1.551138472,3.877846179,3.16507309,NA,NA,2.864685914,"Residential","Garden_non_food_producing","Garden_non_food_producing"
"1595",1595,1595,"07.019.100",2020,7,19,80,100,7.6,8,4,0.236,NA,NA,3,1.91808773592926,NA,17,0.4,20,132.87,1.05,1.43976859545696,1.91808773592926,1.91808773592926,"2020719",78,2020,7,19,1.551138472,3.877846179,3.16507309,NA,NA,2.864685914,"Residential","Garden_non_food_producing","Garden_non_food_producing"
"1596",1596,1596,"07.020.10",2020,7,20,0,10,5.6,15,NA,3.068,NA,NA,91.5,2.8008382819673,NA,74,5.2,10,97.01,1.05,1.33006846785413,NA,1.33006846785413,"2020720",79,2020,7,20,3.690499296,14.49602419,6.91968618,NA,NA,8.368736555,"Residential","Maintained_lawn","Maintained_lawn"
"1597",1597,1597,"07.020.20",2020,7,20,10,20,5.3,14,NA,3.068,NA,NA,70,2.90160032303592,NA,46,5.2,10,100.5,1.05,1.33006846785413,NA,1.33006846785413,"2020720",79,2020,7,20,3.690499296,14.49602419,6.91968618,NA,NA,8.368736555,"Residential","Maintained_lawn","Maintained_lawn"
"1598",1598,1598,"07.020.40",2020,7,20,20,40,5.3,16,NA,2.773,NA,NA,0,1.29864659233986,NA,54,4.7,20,89.96,1.05,1.34106326818937,1.29864659233986,1.29864659233986,"2020720",79,2020,7,20,3.690499296,14.49602419,6.91968618,NA,NA,8.368736555,"Residential","Maintained_lawn","Maintained_lawn"
"1599",1599,1599,"07.020.60",2020,7,20,40,60,5.3,12,NA,1.888,NA,NA,0,1.26674342460896,NA,51,3.2,20,87.75,1.05,1.3746408439354,1.26674342460896,1.26674342460896,"2020720",79,2020,7,20,3.690499296,14.49602419,6.91968618,NA,NA,8.368736555,"Residential","Maintained_lawn","Maintained_lawn"
"1600",1600,1600,"07.020.80",2020,7,20,60,80,5.4,13,NA,1.003,NA,NA,9,1.29749172653964,NA,27,1.7,20,89.88,1.05,1.40912687747072,1.29749172653964,1.29749172653964,"2020720",79,2020,7,20,3.690499296,14.49602419,6.91968618,NA,NA,8.368736555,"Residential","Maintained_lawn","Maintained_lawn"
"1601",1601,1601,"07.020.100",2020,7,20,80,100,5.6,11,NA,0.59,NA,NA,4.5,1.60569653697157,NA,31,1,20,111.23,1.05,1.42553814552782,1.60569653697157,1.60569653697157,"2020720",79,2020,7,20,3.690499296,14.49602419,6.91968618,NA,NA,8.368736555,"Residential","Maintained_lawn","Maintained_lawn"
"1602",1602,1602,"07.021.10",2020,7,21,0,10,6.7,19,NA,2.301,NA,NA,46.5,NA,NA,71,3.9,10,NA,1.05,1.35885972693253,NA,1.35885972693253,"2020721",80,2020,7,21,17.31190248,15.2233096,NA,NA,NA,16.26760604,"Residential","Garden_non_food_producing","Garden"
"1603",1603,1603,"07.021.20",2020,7,21,10,20,6.4,10,NA,1.829,NA,NA,20.5,NA,NA,34,3.1,10,NA,1.05,1.37691138132277,NA,1.37691138132277,"2020721",80,2020,7,21,17.31190248,15.2233096,NA,NA,NA,16.26760604,"Residential","Garden_non_food_producing","Garden"
"1604",1604,1604,"07.021.40",2020,7,21,20,40,6,9,NA,2.124,NA,NA,0,NA,NA,36,3.6,20,NA,1.05,1.36559899617425,NA,1.36559899617425,"2020721",80,2020,7,21,17.31190248,15.2233096,NA,NA,NA,16.26760604,"Residential","Garden_non_food_producing","Garden"
"1605",1605,1605,"07.021.60",2020,7,21,40,60,6.2,15,NA,1.77,NA,NA,80,NA,NA,25,3,20,NA,1.05,1.37918596325339,NA,1.37918596325339,"2020721",80,2020,7,21,17.31190248,15.2233096,NA,NA,NA,16.26760604,"Residential","Garden_non_food_producing","Garden"
"1606",1606,1606,"07.021.80",2020,7,21,60,80,5.9,9,NA,0.944,NA,NA,24,NA,NA,32,1.6,20,NA,1.05,1.41145884536132,NA,1.41145884536132,"2020721",80,2020,7,21,17.31190248,15.2233096,NA,NA,NA,16.26760604,"Residential","Garden_non_food_producing","Garden"
"1607",1607,1607,"07.021.100",2020,7,21,80,100,6,8,NA,0.531,NA,NA,11,NA,NA,30,0.9,20,NA,1.05,1.42789934706323,NA,1.42789934706323,"2020721",80,2020,7,21,17.31190248,15.2233096,NA,NA,NA,16.26760604,"Residential","Garden_non_food_producing","Garden"
"1608",1608,1608,"08.022.10",2020,8,22,0,10,7.3,13,NA,3.422,NA,NA,68,2.75868568025952,NA,69,5.8,10,95.55,1.05,1.31700320583757,NA,1.31700320583757,"2020822",81,2020,8,22,1.688038982,1.266029236,4.642107199,NA,NA,2.532058472,"Residential","Maintained_lawn","Maintained_lawn"
"1609",1609,1609,"08.022.20",2020,8,22,10,20,7.5,13,6,1.593,NA,NA,37.5,2.15209241869748,NA,53,2.7,10,74.54,1.05,1.38603404841503,2.15209241869748,2.15209241869748,"2020822",81,2020,8,22,1.688038982,1.266029236,4.642107199,NA,NA,2.532058472,"Residential","Maintained_lawn","Maintained_lawn"
"1610",1610,1610,"08.022.40",2020,8,22,20,40,7.8,9,4,0.413,NA,NA,11,1.18864562486954,NA,35,0.7,20,82.34,1.05,1.43263437576045,1.18864562486954,1.18864562486954,"2020822",81,2020,8,22,1.688038982,1.266029236,4.642107199,NA,NA,2.532058472,"Residential","Maintained_lawn","Maintained_lawn"
"1611",1611,1611,"08.022.60",2020,8,22,40,60,7.8,12,5,0.236,NA,NA,12,1.75395243407395,NA,26,0.4,20,121.5,1.05,1.43976859545696,1.75395243407395,1.75395243407395,"2020822",81,2020,8,22,1.688038982,1.266029236,4.642107199,NA,NA,2.532058472,"Residential","Maintained_lawn","Maintained_lawn"
"1612",1612,1612,"08.022.80",2020,8,22,60,80,7.9,10,4,0.236,NA,NA,0,1.61305880644793,NA,22,0.4,20,111.74,1.05,1.43976859545696,1.61305880644793,1.61305880644793,"2020822",81,2020,8,22,1.688038982,1.266029236,4.642107199,NA,NA,2.532058472,"Residential","Maintained_lawn","Maintained_lawn"
"1613",1613,1613,"08.022.100",2020,8,22,80,100,8.2,8,2,0.177,NA,NA,3.5,1.68985738216211,NA,21,0.3,20,117.06,1.05,1.44215514591223,1.68985738216211,1.68985738216211,"2020822",81,2020,8,22,1.688038982,1.266029236,4.642107199,NA,NA,2.532058472,"Residential","Maintained_lawn","Maintained_lawn"
"1614",1614,1614,"08.023.10",2020,8,23,0,10,7.1,14.5,NA,4.012,NA,NA,45,0.962291928027732,NA,52,6.8,10,33.33,1.05,1.29553542645248,0.962291928027732,0.962291928027732,"2020823",82,2020,8,23,19.8433786,20.65683447,10.37954541,NA,NA,16.95991949,"Residential","Maintained_lawn","Maintained_lawn"
"1615",1615,1615,"08.023.20",2020,8,23,10,20,7.2,16,NA,4.366,NA,NA,83,1.63269152505155,NA,43,7.4,10,56.55,1.05,1.2828369596558,1.63269152505155,1.63269152505155,"2020823",82,2020,8,23,19.8433786,20.65683447,10.37954541,NA,NA,16.95991949,"Residential","Maintained_lawn","Maintained_lawn"
"1616",1616,1616,"08.023.40",2020,8,23,20,40,7.5,11,7,2.478,NA,NA,75.5,0.845506123981162,NA,38,4.2,20,58.57,1.05,1.35215634405769,0.845506123981162,0.845506123981162,"2020823",82,2020,8,23,19.8433786,20.65683447,10.37954541,NA,NA,16.95991949,"Residential","Maintained_lawn","Maintained_lawn"
"1617",1617,1617,"08.023.60",2020,8,23,40,60,7.6,17,9,1.593,NA,NA,24,0.80061071599787,NA,35,2.7,20,55.46,1.05,1.38603404841503,0.80061071599787,0.80061071599787,"2020823",82,2020,8,23,19.8433786,20.65683447,10.37954541,NA,NA,16.95991949,"Residential","Maintained_lawn","Maintained_lawn"
"1618",1618,1618,"08.023.80",2020,8,23,60,80,7.7,12,7,1.121,NA,NA,10,1.1093929593299,NA,37,1.9,20,76.85,1.05,1.40447537406824,1.1093929593299,1.1093929593299,"2020823",82,2020,8,23,19.8433786,20.65683447,10.37954541,NA,NA,16.95991949,"Residential","Maintained_lawn","Maintained_lawn"
"1619",1619,1619,"08.023.100",2020,8,23,80,100,7.6,14,8,0.649,NA,NA,59.5,1.33054976007075,NA,32,1.1,20,92.17,1.05,1.42318114255814,1.33054976007075,1.33054976007075,"2020823",82,2020,8,23,19.8433786,20.65683447,10.37954541,NA,NA,16.95991949,"Residential","Maintained_lawn","Maintained_lawn"
"1620",1620,1620,"08.024.10",2020,8,24,0,10,6.3,69,NA,3.599,NA,NA,209,2.40356444669393,NA,72,6.1,10,83.25,1.05,1.31052270743565,2.40356444669393,2.40356444669393,"2020824",83,2020,8,24,6.91968618,7.896896489,4.307757371,NA,NA,6.374780013,"Residential","Garden_non_food_producing","Garden"
"1621",1621,1621,"08.024.20",2020,8,24,10,20,6.2,89,NA,3.127,NA,NA,129.5,2.51616386221473,NA,57,5.3,10,87.15,1.05,1.32788122409851,2.51616386221473,2.51616386221473,"2020824",83,2020,8,24,6.91968618,7.896896489,4.307757371,NA,NA,6.374780013,"Residential","Garden_non_food_producing","Garden"
"1622",1622,1622,"08.024.40",2020,8,24,20,40,6.2,69,NA,2.714,NA,NA,72.5,0.946268165049772,NA,54,4.6,20,65.55,1.05,1.34327399332337,0.946268165049772,0.946268165049772,"2020824",83,2020,8,24,6.91968618,7.896896489,4.307757371,NA,NA,6.374780013,"Residential","Garden_non_food_producing","Garden"
"1623",1623,1623,"08.024.60",2020,8,24,40,60,6.1,31,NA,1.416,NA,NA,21,1.18648025149414,NA,38,2.4,20,82.19,1.05,1.39291879460309,1.18648025149414,1.18648025149414,"2020824",83,2020,8,24,6.91968618,7.896896489,4.307757371,NA,NA,6.374780013,"Residential","Garden_non_food_producing","Garden"
"1624",1624,1624,"08.024.80",2020,8,24,60,80,6.3,36,NA,1.062,NA,NA,51,1.0113737245368,NA,33,1.8,20,70.06,1.05,1.40679905616411,1.0113737245368,1.0113737245368,"2020824",83,2020,8,24,6.91968618,7.896896489,4.307757371,NA,NA,6.374780013,"Residential","Garden_non_food_producing","Garden"
"1625",1625,1625,"08.024.100",2020,8,24,80,100,6.4,35,NA,1.298,NA,NA,34.5,0.628680069991115,NA,50,2.2,20,43.55,1.05,1.39752908950921,0.628680069991115,0.628680069991115,"2020824",83,2020,8,24,6.91968618,7.896896489,4.307757371,NA,NA,6.374780013,"Residential","Garden_non_food_producing","Garden"
"1626",1626,1626,"09.025.10",2020,9,25,0,10,7.5,11,6,2.596,NA,NA,48,2.76676974086101,NA,91,4.4,10,95.83,1.05,1.34770726460248,NA,1.34770726460248,"2020925",84,2020,9,25,1.582536545,0.745414311,0.576640515,NA,NA,0.968197124,"Residential","Garden_non_food_producing","Garden_non_food_producing"
"1627",1627,1627,"09.025.20",2020,9,25,10,20,7.7,18,8,1.121,NA,NA,53,2.70238597249912,NA,63,1.9,10,93.6,1.05,1.40447537406824,NA,1.40447537406824,"2020925",84,2020,9,25,1.582536545,0.745414311,0.576640515,NA,NA,0.968197124,"Residential","Garden_non_food_producing","Garden_non_food_producing"
"1628",1628,1628,"09.025.40",2020,9,25,20,40,7.7,16,8,1.18,NA,NA,60.5,1.46870058142126,NA,77,2,20,101.74,1.05,1.40215582382298,1.46870058142126,1.46870058142126,"2020925",84,2020,9,25,1.582536545,0.745414311,0.576640515,NA,NA,0.968197124,"Residential","Garden_non_food_producing","Garden_non_food_producing"
"1629",1629,1629,"09.025.60",2020,9,25,40,60,7.8,26,9,0.826,NA,NA,46,1.4635036853203,NA,45,1.4,20,101.38,1.05,1.41613525045312,1.4635036853203,1.4635036853203,"2020925",84,2020,9,25,1.582536545,0.745414311,0.576640515,NA,NA,0.968197124,"Residential","Garden_non_food_producing","Garden_non_food_producing"
"1630",1630,1630,"09.025.80",2020,9,25,60,80,7.8,29,15,0.826,NA,NA,92,1.16771368224067,NA,66,1.4,20,80.89,1.05,1.41613525045312,1.16771368224067,1.16771368224067,"2020925",84,2020,9,25,1.582536545,0.745414311,0.576640515,NA,NA,0.968197124,"Residential","Garden_non_food_producing","Garden_non_food_producing"
"1631",1631,1631,"09.025.100",2020,9,25,80,100,8,18,11,0.885,NA,NA,48,1.18648025149414,NA,95,1.5,20,82.19,1.05,1.41379496722227,1.18648025149414,1.18648025149414,"2020925",84,2020,9,25,1.582536545,0.745414311,0.576640515,NA,NA,0.968197124,"Residential","Garden_non_food_producing","Garden_non_food_producing"
"1632",1632,1632,"09.026.10",2020,9,26,0,10,7.4,18,NA,5.841,NA,NA,65.5,2.06461133433133,NA,146,9.9,10,71.51,1.05,1.23136230605887,2.06461133433133,2.06461133433133,"2020926",85,2020,9,26,2.075905854,7.558464626,3.490061561,NA,NA,4.37481068,"Residential","Garden_non_food_producing","Garden_non_food_producing"
"1633",1633,1633,"09.026.20",2020,9,26,10,20,7.4,13,NA,2.36,NA,NA,61.5,2.22513768056097,NA,125,4,10,77.07,1.05,1.35662128805787,2.22513768056097,2.22513768056097,"2020926",85,2020,9,26,2.075905854,7.558464626,3.490061561,NA,NA,4.37481068,"Residential","Garden_non_food_producing","Garden_non_food_producing"
"1634",1634,1634,"09.026.40",2020,9,26,20,40,7.8,9,4,0.944,NA,NA,55.5,1.3568229570256,NA,99,1.6,20,93.99,1.05,1.41145884536132,1.3568229570256,1.3568229570256,"2020926",85,2020,9,26,2.075905854,7.558464626,3.490061561,NA,NA,4.37481068,"Residential","Garden_non_food_producing","Garden_non_food_producing"
"1635",1635,1635,"09.026.60",2020,9,26,40,60,8,4,2,0.413,NA,NA,24,1.56354393526378,NA,68,0.7,20,108.31,1.05,1.43263437576045,1.56354393526378,1.56354393526378,"2020926",85,2020,9,26,2.075905854,7.558464626,3.490061561,NA,NA,4.37481068,"Residential","Garden_non_food_producing","Garden_non_food_producing"
"1636",1636,1636,"09.026.80",2020,9,26,60,80,8.1,6,2,0.354,NA,NA,19,1.36432958472699,NA,40,0.6,20,94.51,1.05,1.43500821792018,1.36432958472699,1.36432958472699,"2020926",85,2020,9,26,2.075905854,7.558464626,3.490061561,NA,NA,4.37481068,"Residential","Garden_non_food_producing","Garden_non_food_producing"
"1637",1637,1637,"09.026.100",2020,9,26,80,100,8.2,6,2,0.295,NA,NA,12,1.87824486582191,NA,45,0.5,20,130.11,1.05,1.43738628864155,1.87824486582191,1.87824486582191,"2020926",85,2020,9,26,2.075905854,7.558464626,3.490061561,NA,NA,4.37481068,"Residential","Garden_non_food_producing","Garden_non_food_producing"
"1638",1638,1638,"09.027.10",2020,9,27,0,10,7.1,21,NA,6.608,NA,NA,380,1.8451868322908,NA,94,11.2,10,63.91,1.05,1.20548702816382,1.8451868322908,1.8451868322908,"2020927",86,2020,9,27,2.872838088,2.537218266,6.013638872,NA,NA,3.807898409,"Residential","Garden_food_producing_raised_beds","Garden_food_producing_raised_beds"
"1639",1639,1639,"09.027.20",2020,9,27,10,20,7.3,40,NA,2.537,NA,NA,91,2.49133424751014,NA,58,4.3,10,86.29,1.05,1.34992982478972,2.49133424751014,2.49133424751014,"2020927",86,2020,9,27,2.872838088,2.537218266,6.013638872,NA,NA,3.807898409,"Residential","Garden_food_producing_raised_beds","Garden_food_producing_raised_beds"
"1640",1640,1640,"09.027.40",2020,9,27,20,40,7.6,45,11,0.708,NA,NA,99.5,0.625937263715608,NA,30,1.2,20,43.36,1.05,1.42082833068852,0.625937263715608,0.625937263715608,"2020927",86,2020,9,27,2.872838088,2.537218266,6.013638872,NA,NA,3.807898409,"Residential","Garden_food_producing_raised_beds","Garden_food_producing_raised_beds"
"1641",1641,1641,"09.027.60",2020,9,27,40,60,7.6,92,36,0.59,NA,NA,46,0.92345956549556,NA,93,1,20,63.97,1.05,1.42553814552782,0.92345956549556,0.92345956549556,"2020927",86,2020,9,27,2.872838088,2.537218266,6.013638872,NA,NA,3.807898409,"Residential","Garden_food_producing_raised_beds","Garden_food_producing_raised_beds"
"1642",1642,1642,"09.027.80",2020,9,27,60,80,7.8,13,13,0.472,NA,NA,15,1.68177332156062,NA,65,0.8,20,116.5,1.05,1.43026475464334,1.68177332156062,1.68177332156062,"2020927",86,2020,9,27,2.872838088,2.537218266,6.013638872,NA,NA,3.807898409,"Residential","Garden_food_producing_raised_beds","Garden_food_producing_raised_beds"
"1643",1643,1643,"09.027.100",2020,9,27,80,100,7.6,21,24,1.239,NA,NA,NA,0.56833833192997,NA,83,2.1,20,39.37,1.05,1.3998403980813,0.56833833192997,0.56833833192997,"2020927",86,2020,9,27,2.872838088,2.537218266,6.013638872,NA,NA,3.807898409,"Residential","Garden_food_producing_raised_beds","Garden_food_producing_raised_beds"
"1644",1644,1644,"10.028.10",2020,10,28,0,10,6.1,50,NA,1.416,NA,NA,24.5,2.99543316930325,NA,76,2.4,10,103.75,1.05,1.39291879460309,NA,1.39291879460309,"20201028",87,2020,10,28,NA,NA,NA,NA,NA,0,"Residential","Maintained_lawn","Maintained_lawn"
"1645",1645,1645,"10.028.20",2020,10,28,10,20,6.4,39,NA,0.531,NA,NA,3.5,2.65301545954,NA,44,0.9,10,91.89,1.05,1.42789934706323,NA,1.42789934706323,"20201028",87,2020,10,28,NA,NA,NA,NA,NA,0,"Residential","Maintained_lawn","Maintained_lawn"
"1646",1646,1646,"10.028.40",2020,10,28,20,40,6.5,43,NA,0.413,NA,NA,7.5,1.40778141046001,NA,54,0.7,20,97.52,1.05,1.43263437576045,1.40778141046001,1.40778141046001,"20201028",87,2020,10,28,NA,NA,NA,NA,NA,0,"Residential","Maintained_lawn","Maintained_lawn"
"1647",1647,1647,"10.028.60",2020,10,28,40,60,6.6,68,NA,0.531,NA,NA,7.5,1.74254813429684,NA,48,0.9,20,120.71,1.05,1.42789934706323,1.74254813429684,1.74254813429684,"20201028",87,2020,10,28,NA,NA,NA,NA,NA,0,"Residential","Maintained_lawn","Maintained_lawn"
"1648",1648,1648,"10.028.80",2020,10,28,60,80,6.7,51,NA,0.354,NA,NA,4,1.79018634855564,NA,35,0.6,20,124.01,1.05,1.43500821792018,1.79018634855564,1.79018634855564,"20201028",87,2020,10,28,NA,NA,NA,NA,NA,0,"Residential","Maintained_lawn","Maintained_lawn"
"1649",1649,1649,"10.028.100",2020,10,28,80,100,6.8,47,NA,0.354,NA,NA,7.5,1.29085124818842,NA,37,0.6,20,89.42,1.05,1.43500821792018,1.29085124818842,1.29085124818842,"20201028",87,2020,10,28,NA,NA,NA,NA,NA,0,"Residential","Maintained_lawn","Maintained_lawn"
"1650",1650,1650,"10.029.10",2020,10,29,0,10,5.9,100,NA,2.773,NA,NA,31.5,2.1705702715009,NA,228,4.7,10,75.18,1.05,1.34106326818937,2.1705702715009,2.1705702715009,"20201029",88,2020,10,29,NA,NA,NA,NA,NA,0,"Residential","Maintained_lawn","Maintained_lawn"
"1651",1651,1651,"10.029.20",2020,10,29,10,20,5.9,97,NA,0.885,NA,NA,10.5,2.59584960242944,NA,162,1.5,10,89.91,1.05,1.41379496722227,2.59584960242944,2.59584960242944,"20201029",88,2020,10,29,NA,NA,NA,NA,NA,0,"Residential","Maintained_lawn","Maintained_lawn"
"1652",1652,1652,"10.029.40",2020,10,29,20,40,6,129,NA,0.708,NA,NA,8.5,1.12094161733203,NA,182,1.2,20,77.65,1.05,1.42082833068852,1.12094161733203,1.12094161733203,"20201029",88,2020,10,29,NA,NA,NA,NA,NA,0,"Residential","Maintained_lawn","Maintained_lawn"
"1653",1653,1653,"10.029.60",2020,10,29,40,60,5.7,79,NA,0.531,NA,NA,3.5,0.994195095758624,NA,135,0.9,20,68.87,1.05,1.42789934706323,0.994195095758624,0.994195095758624,"20201029",88,2020,10,29,NA,NA,NA,NA,NA,0,"Residential","Maintained_lawn","Maintained_lawn"
"1654",1654,1654,"10.029.80",2020,10,29,60,80,6.1,75,NA,0.59,NA,NA,9,0.997226618484184,NA,125,1,20,69.08,1.05,1.42553814552782,0.997226618484184,0.997226618484184,"20201029",88,2020,10,29,NA,NA,NA,NA,NA,0,"Residential","Maintained_lawn","Maintained_lawn"
"1655",1655,1655,"10.029.100",2020,10,29,80,100,6.1,73,NA,0.472,NA,NA,0,0.820387792826523,NA,137,0.8,20,56.83,1.05,1.43026475464334,0.820387792826523,0.820387792826523,"20201029",88,2020,10,29,NA,NA,NA,NA,NA,0,"Residential","Maintained_lawn","Maintained_lawn"
"1656",1656,1656,"10.030.10",2020,10,30,0,10,6.8,146,NA,2.478,NA,NA,15,2.50172803971206,NA,255,4.2,10,86.65,1.05,1.35215634405769,2.50172803971206,2.50172803971206,"20201030",89,2020,10,30,NA,NA,NA,NA,NA,0,"Residential","Garden_non_food_producing","Garden"
"1657",1657,1657,"10.030.20",2020,10,30,10,20,6.8,135,NA,2.242,NA,NA,28,2.92960581869109,NA,191,3.8,10,101.47,1.05,1.36110215317286,NA,1.36110215317286,"20201030",89,2020,10,30,NA,NA,NA,NA,NA,0,"Residential","Garden_non_food_producing","Garden"
"1658",1658,1658,"10.030.40",2020,10,30,20,40,6.9,138.5,NA,0.8555,NA,NA,14.5,1.22574568870139,NA,150.5,1.45,20,84.91,1.05,1.41496458820347,1.22574568870139,1.22574568870139,"20201030",89,2020,10,30,NA,NA,NA,NA,NA,0,"Residential","Garden_non_food_producing","Garden"
"1659",1659,1659,"10.030.60",2020,10,30,40,60,6.9,126,NA,0.649,NA,NA,38,1.48255897102382,NA,95,1.1,20,102.7,1.05,1.42318114255814,1.48255897102382,1.48255897102382,"20201030",89,2020,10,30,NA,NA,NA,NA,NA,0,"Residential","Garden_non_food_producing","Garden"
"1660",1660,1660,"10.030.80",2020,10,30,60,80,6.9,99,NA,0.413,NA,NA,5,1.63630048067722,NA,72,0.7,20,113.35,1.05,1.43263437576045,1.63630048067722,1.63630048067722,"20201030",89,2020,10,30,NA,NA,NA,NA,NA,0,"Residential","Garden_non_food_producing","Garden"
"1661",1661,1661,"10.030.100",2020,10,30,80,100,7.2,126,NA,0.944,NA,NA,0,0.689743599177393,NA,111,1.6,20,47.78,1.05,1.41145884536132,0.689743599177393,0.689743599177393,"20201030",89,2020,10,30,NA,NA,NA,NA,NA,0,"Residential","Garden_non_food_producing","Garden"
"1662",1662,1662,"11.031.10",2020,11,31,0,10,7.3,35.5,NA,3.068,NA,NA,85,2.05566112437967,NA,180,5.2,10,71.2,1.05,1.33006846785413,2.05566112437967,2.05566112437967,"20201131",90,2020,11,31,0.099549015,0.268330766,0.64017525,NA,NA,0.336018344,"Residential","Maintained_lawn","Maintained_lawn"
"1663",1663,1663,"11.031.20",2020,11,31,10,20,7.8,8,5.5,0.944,NA,NA,34,2.20001934940634,NA,163,1.6,10,76.2,1.05,1.41145884536132,2.20001934940634,2.20001934940634,"20201131",90,2020,11,31,0.099549015,0.268330766,0.64017525,NA,NA,0.336018344,"Residential","Maintained_lawn","Maintained_lawn"
"1664",1664,1664,"11.031.40",2020,11,31,20,40,7.8,3,3,0.767,NA,NA,23.5,1.17940669846783,NA,205,1.3,20,81.7,1.05,1.41847970246656,1.17940669846783,1.17940669846783,"20201131",90,2020,11,31,0.099549015,0.268330766,0.64017525,NA,NA,0.336018344,"Residential","Maintained_lawn","Maintained_lawn"
"1665",1665,1665,"11.031.60",2020,11,31,40,60,7.8,8,4,1.298,NA,NA,30.5,0.607748127362249,NA,118,2.2,20,42.1,1.05,1.39752908950921,0.607748127362249,0.607748127362249,"20201131",90,2020,11,31,0.099549015,0.268330766,0.64017525,NA,NA,0.336018344,"Residential","Maintained_lawn","Maintained_lawn"
"1666",1666,1666,"11.031.80",2020,11,31,60,80,7.9,11,5,1.18,NA,NA,98,1.05843450589549,NA,102,2,20,73.32,1.05,1.40215582382298,1.05843450589549,1.05843450589549,"20201131",90,2020,11,31,0.099549015,0.268330766,0.64017525,NA,NA,0.336018344,"Residential","Maintained_lawn","Maintained_lawn"
"1667",1667,1667,"11.031.100",2020,11,31,80,100,7.9,13,5,0.944,NA,NA,77,1.10766066062958,NA,77,1.6,20,76.73,1.05,1.41145884536132,1.10766066062958,1.10766066062958,"20201131",90,2020,11,31,0.099549015,0.268330766,0.64017525,NA,NA,0.336018344,"Residential","Maintained_lawn","Maintained_lawn"
"1668",1668,1668,"11.032.10",2020,11,32,0,10,7.4,76,62,3.835,NA,NA,42.5,1.22791106207679,NA,265,6.5,10,42.53,1.05,1.3019356908779,1.22791106207679,1.22791106207679,"20201132",91,2020,11,32,23.09530858,3.800962386,1.679658806,NA,NA,9.525309924,"Residential","Garden_food_producing_in_ground","Garden_food_producing_in_ground"
"1669",1669,1669,"11.032.20",2020,11,32,10,20,7.5,2,35,2.301,NA,NA,17.5,1.93815352920797,NA,269,3.9,10,67.13,1.05,1.35885972693253,1.93815352920797,1.93815352920797,"20201132",91,2020,11,32,23.09530858,3.800962386,1.679658806,NA,NA,9.525309924,"Residential","Garden_food_producing_in_ground","Garden_food_producing_in_ground"
"1670",1670,1670,"11.032.40",2020,11,32,20,40,7.1,45,NA,3.658,NA,NA,72,0.707644019080699,NA,222,6.2,20,49.02,1.05,1.30837021893434,0.707644019080699,0.707644019080699,"20201132",91,2020,11,32,23.09530858,3.800962386,1.679658806,NA,NA,9.525309924,"Residential","Garden_food_producing_in_ground","Garden_food_producing_in_ground"
"1671",1671,1671,"11.032.60",2020,11,32,40,60,8,5,16,0.413,NA,NA,12,1.68105153043548,NA,91,0.7,20,116.45,1.05,1.43263437576045,1.68105153043548,1.68105153043548,"20201132",91,2020,11,32,23.09530858,3.800962386,1.679658806,NA,NA,9.525309924,"Residential","Garden_food_producing_in_ground","Garden_food_producing_in_ground"
"1672",1672,1672,"11.032.80",2020,11,32,60,80,8.1,21,11,0.295,NA,NA,0,1.29907966701494,NA,56,0.5,20,89.99,1.05,1.43738628864155,1.29907966701494,1.29907966701494,"20201132",91,2020,11,32,23.09530858,3.800962386,1.679658806,NA,NA,9.525309924,"Residential","Garden_food_producing_in_ground","Garden_food_producing_in_ground"
"1673",1673,1673,"11.032.100",2020,11,32,80,100,7.8,12,11,0.413,NA,NA,0,1.4391071452908,NA,80,0.7,20,99.69,1.05,1.43263437576045,1.4391071452908,1.4391071452908,"20201132",91,2020,11,32,23.09530858,3.800962386,1.679658806,NA,NA,9.525309924,"Residential","Garden_food_producing_in_ground","Garden_food_producing_in_ground"
"1674",1674,1674,"11.033.10",2020,11,33,0,10,7.5,48,36,2.36,NA,NA,41.5,2.58054763057662,NA,203,4,10,89.38,1.05,1.35662128805787,2.58054763057662,2.58054763057662,"20201133",92,2020,11,33,6.439158439,0.178007926,0.519189785,NA,NA,2.378785384,"Residential","Maintained_lawn","Maintained_lawn"
"1675",1675,1675,"11.033.20",2020,11,33,10,20,7.7,21,18,1.652,NA,NA,30,2.43561197264985,NA,169,2.8,10,84.36,1.05,1.38374728957565,2.43561197264985,2.43561197264985,"20201133",92,2020,11,33,6.439158439,0.178007926,0.519189785,NA,NA,2.378785384,"Residential","Maintained_lawn","Maintained_lawn"
"1676",1676,1676,"11.033.40",2020,11,33,20,40,7.8,17,16,0.767,NA,NA,23.5,1.10881552642979,NA,119,1.3,20,76.81,1.05,1.41847970246656,1.10881552642979,1.10881552642979,"20201133",92,2020,11,33,6.439158439,0.178007926,0.519189785,NA,NA,2.378785384,"Residential","Maintained_lawn","Maintained_lawn"
"1677",1677,1677,"11.033.60",2020,11,33,40,60,7.9,1,5,0.59,NA,NA,19.5,1.82295566563669,NA,114,1,20,126.28,1.05,1.42553814552782,1.82295566563669,1.82295566563669,"20201133",92,2020,11,33,6.439158439,0.178007926,0.519189785,NA,NA,2.378785384,"Residential","Maintained_lawn","Maintained_lawn"
"1678",1678,1678,"11.033.80",2020,11,33,60,80,8,1,8,0.531,NA,NA,14,1.32448671461963,NA,79,0.9,20,91.75,1.05,1.42789934706323,1.32448671461963,1.32448671461963,"20201133",92,2020,11,33,6.439158439,0.178007926,0.519189785,NA,NA,2.378785384,"Residential","Maintained_lawn","Maintained_lawn"
"1679",1679,1679,"11.033.100",2020,11,33,80,100,7.9,1,9,0.649,NA,NA,24,1.52889796125738,NA,109,1.1,20,105.91,1.05,1.42318114255814,1.52889796125738,1.52889796125738,"20201133",92,2020,11,33,6.439158439,0.178007926,0.519189785,NA,NA,2.378785384,"Residential","Maintained_lawn","Maintained_lawn"
"1680",1680,1680,"12.034.10",2020,12,34,0,10,6.1,12,NA,3.363,NA,NA,34.5,2.01697312007253,NA,84,5.7,10,69.86,1.05,1.31917107241155,2.01697312007253,2.01697312007253,"20201234",93,2020,12,34,4.307757371,1.539687239,3.547564894,NA,NA,3.131669835,"Residential","Maintained_lawn","Maintained_lawn"
"1681",1681,1681,"12.034.20",2020,12,34,10,20,5.8,16,NA,1.593,NA,NA,24.5,2.36401029303662,NA,52,2.7,10,81.88,1.05,1.38603404841503,2.36401029303662,2.36401029303662,"20201234",93,2020,12,34,4.307757371,1.539687239,3.547564894,NA,NA,3.131669835,"Residential","Maintained_lawn","Maintained_lawn"
"1682",1682,1682,"12.034.40",2020,12,34,20,40,6.5,19,NA,0.649,NA,NA,9,1.37472337692891,NA,40,1.1,20,95.23,1.05,1.42318114255814,1.37472337692891,1.37472337692891,"20201234",93,2020,12,34,4.307757371,1.539687239,3.547564894,NA,NA,3.131669835,"Residential","Maintained_lawn","Maintained_lawn"
"1683",1683,1683,"12.034.60",2020,12,34,40,60,6.4,35,NA,0.531,NA,NA,0,1.47115467124672,NA,74,0.9,20,101.91,1.05,1.42789934706323,1.47115467124672,1.47115467124672,"20201234",93,2020,12,34,4.307757371,1.539687239,3.547564894,NA,NA,3.131669835,"Residential","Maintained_lawn","Maintained_lawn"
"1684",1684,1684,"12.034.80",2020,12,34,60,80,6.9,30.5,NA,0.472,NA,NA,0,1.32232134124423,NA,70,0.8,20,91.6,1.05,1.43026475464334,1.32232134124423,1.32232134124423,"20201234",93,2020,12,34,4.307757371,1.539687239,3.547564894,NA,NA,3.131669835,"Residential","Maintained_lawn","Maintained_lawn"
"1685",1685,1685,"12.034.100",2020,12,34,80,100,7,24,NA,0.413,NA,NA,0,1.44820171346748,NA,59,0.7,20,100.32,1.05,1.43263437576045,1.44820171346748,1.44820171346748,"20201234",93,2020,12,34,4.307757371,1.539687239,3.547564894,NA,NA,3.131669835,"Residential","Maintained_lawn","Maintained_lawn"
"1686",1686,1686,"12.035.10",2020,12,35,0,10,5.9,12,NA,2.773,NA,NA,162.5,3.05346517576396,NA,71,4.7,10,105.76,1.05,1.34106326818937,NA,1.34106326818937,"20201235",94,2020,12,35,1.653614884,8.782692274,13.1766696,NA,NA,7.870992253,"Residential","Garden_non_food_producing","Garden_non_food_producing"
"1687",1687,1687,"12.035.20",2020,12,35,10,20,6.1,10,NA,1.947,NA,NA,107,1.99098863956773,NA,52,3.3,10,68.96,1.05,1.3723743438995,1.99098863956773,1.99098863956773,"20201235",94,2020,12,35,1.653614884,8.782692274,13.1766696,NA,NA,7.870992253,"Residential","Garden_non_food_producing","Garden_non_food_producing"
"1688",1688,1688,"12.035.40",2020,12,35,20,40,6.5,10,NA,1.18,NA,NA,55.5,1.19456431209563,NA,53,2,20,82.75,1.05,1.40215582382298,1.19456431209563,1.19456431209563,"20201235",94,2020,12,35,1.653614884,8.782692274,13.1766696,NA,NA,7.870992253,"Residential","Garden_non_food_producing","Garden_non_food_producing"
"1689",1689,1689,"12.035.60",2020,12,35,40,60,6.8,16,NA,0.531,NA,NA,10.5,1.21029935862354,NA,84,0.9,20,83.84,1.05,1.42789934706323,1.21029935862354,1.21029935862354,"20201235",94,2020,12,35,1.653614884,8.782692274,13.1766696,NA,NA,7.870992253,"Residential","Garden_non_food_producing","Garden_non_food_producing"
"1690",1690,1690,"12.035.80",2020,12,35,60,80,6.9,19,NA,0.413,NA,NA,7,1.24306867570459,NA,76,0.7,20,86.11,1.05,1.43263437576045,1.24306867570459,1.24306867570459,"20201235",94,2020,12,35,1.653614884,8.782692274,13.1766696,NA,NA,7.870992253,"Residential","Garden_non_food_producing","Garden_non_food_producing"
"1691",1691,1691,"12.035.100",2020,12,35,80,100,6.7,28,NA,0.354,NA,NA,5,1.41615418751156,NA,57,0.6,20,98.1,1.05,1.43500821792018,1.41615418751156,1.41615418751156,"20201235",94,2020,12,35,1.653614884,8.782692274,13.1766696,NA,NA,7.870992253,"Residential","Garden_non_food_producing","Garden_non_food_producing"
"1692",1692,1692,"12.036.10",2020,12,36,0,10,6.7,26,NA,3.068,NA,NA,60,1.77474001847779,NA,77,5.2,10,61.47,1.05,1.33006846785413,1.77474001847779,1.77474001847779,"20201236",95,2020,12,36,11.17489732,3.193706281,5.291567627,NA,NA,6.553390409,"Residential","Garden_non_food_producing","Garden"
"1693",1693,1693,"12.036.20",2020,12,36,10,20,6.5,26,NA,2.1535,NA,NA,54,3.15798053068327,NA,52,3.65,10,109.38,1.05,1.36447328438476,NA,1.36447328438476,"20201236",95,2020,12,36,11.17489732,3.193706281,5.291567627,NA,NA,6.553390409,"Residential","Garden_non_food_producing","Garden"
"1694",1694,1694,"12.036.40",2020,12,36,20,40,6.6,23,NA,0.767,NA,NA,21.5,1.23325231640278,NA,45,1.3,20,85.43,1.05,1.41847970246656,1.23325231640278,1.23325231640278,"20201236",95,2020,12,36,11.17489732,3.193706281,5.291567627,NA,NA,6.553390409,"Residential","Garden_non_food_producing","Garden"
"1695",1695,1695,"12.036.60",2020,12,36,40,60,6.7,28,NA,0.531,NA,NA,0,0.659572730146821,NA,49,0.9,20,45.69,1.05,1.42789934706323,0.659572730146821,0.659572730146821,"20201236",95,2020,12,36,11.17489732,3.193706281,5.291567627,NA,NA,6.553390409,"Residential","Garden_non_food_producing","Garden"
"1696",1696,1696,"12.036.80",2020,12,36,60,80,6.8,21,NA,0.531,NA,NA,5.5,1.36519573407715,NA,67,0.9,20,94.57,1.05,1.42789934706323,1.36519573407715,1.36519573407715,"20201236",95,2020,12,36,11.17489732,3.193706281,5.291567627,NA,NA,6.553390409,"Residential","Garden_non_food_producing","Garden"
"1697",1697,1697,"12.036.100",2020,12,36,80,100,6.9,18,NA,0.413,NA,NA,1,1.29547071138927,NA,54,0.7,20,89.74,1.05,1.43263437576045,1.29547071138927,1.29547071138927,"20201236",95,2020,12,36,11.17489732,3.193706281,5.291567627,NA,NA,6.553390409,"Residential","Garden_non_food_producing","Garden"
"1698",1698,1698,"13.037.10",2020,13,37,0,10,5.6,90,NA,3.894,NA,NA,74.5,2.3839317280903,NA,55,6.6,10,82.57,1.05,1.2997984713627,2.3839317280903,2.3839317280903,"20201337",96,2020,13,37,28.99204838,28.99204838,47.90559422,38.00962386,NA,35.97482871,"Residential","Maintained_lawn","Maintained_lawn"
"1699",1699,1699,"13.037.20",2020,13,37,10,20,5.8,74,NA,2.065,NA,NA,60,2.47949687305795,NA,44,3.5,10,85.88,1.05,1.36785342717879,2.47949687305795,2.47949687305795,"20201337",96,2020,13,37,28.99204838,28.99204838,47.90559422,38.00962386,NA,35.97482871,"Residential","Maintained_lawn","Maintained_lawn"
"1700",1700,1700,"13.037.40",2020,13,37,20,40,6.3,42,NA,1.357,NA,NA,10,1.58288793741735,NA,38,2.3,20,109.65,1.05,1.39522189078578,1.58288793741735,1.58288793741735,"20201337",96,2020,13,37,28.99204838,28.99204838,47.90559422,38.00962386,NA,35.97482871,"Residential","Maintained_lawn","Maintained_lawn"
"1701",1701,1701,"13.037.60",2020,13,37,40,60,6.5,31,NA,1.357,NA,NA,15.5,1.71281033994135,NA,32,2.3,20,118.65,1.05,1.39522189078578,1.71281033994135,1.71281033994135,"20201337",96,2020,13,37,28.99204838,28.99204838,47.90559422,38.00962386,NA,35.97482871,"Residential","Maintained_lawn","Maintained_lawn"
"1702",1702,1702,"13.037.80",2020,13,37,60,80,6.2,40,NA,1.534,NA,NA,14.5,1.48616792664949,NA,99,2.6,20,102.95,1.05,1.38832488069319,1.48616792664949,1.48616792664949,"20201337",96,2020,13,37,28.99204838,28.99204838,47.90559422,38.00962386,NA,35.97482871,"Residential","Maintained_lawn","Maintained_lawn"
"1703",1703,1703,"13.037.100",2020,13,37,80,100,6.8,15,NA,1.003,NA,NA,8.5,1.60699576099681,NA,33,1.7,20,111.32,1.05,1.40912687747072,1.60699576099681,1.60699576099681,"20201337",96,2020,13,37,28.99204838,28.99204838,47.90559422,38.00962386,NA,35.97482871,"Residential","Maintained_lawn","Maintained_lawn"
"1704",1704,1704,"13.038.10",2020,13,38,0,10,6.7,41,NA,1.652,NA,NA,207,2.32734330387985,NA,76,2.8,10,80.61,1.05,1.38374728957565,2.32734330387985,2.32734330387985,"20201338",97,2020,13,38,21.16627051,41.81058625,27.67874472,NA,NA,30.21853383,"Residential","Garden_non_food_producing","Garden_non_food_producing"
"1705",1705,1705,"13.038.20",2020,13,38,10,20,6.7,50,NA,1.475,NA,NA,255,2.40818390989478,NA,45,2.5,10,83.41,1.05,1.39061979366621,2.40818390989478,2.40818390989478,"20201338",97,2020,13,38,21.16627051,41.81058625,27.67874472,NA,NA,30.21853383,"Residential","Garden_non_food_producing","Garden_non_food_producing"
"1706",1706,1706,"13.038.40",2020,13,38,20,40,7,31,NA,0.885,NA,NA,88.5,1.55979062141309,NA,41,1.5,20,108.05,1.05,1.41379496722227,1.55979062141309,1.55979062141309,"20201338",97,2020,13,38,21.16627051,41.81058625,27.67874472,NA,NA,30.21853383,"Residential","Garden_non_food_producing","Garden_non_food_producing"
"1707",1707,1707,"13.038.60",2020,13,38,40,60,6.9,31,NA,0.885,NA,NA,32,1.61926621012407,NA,43,1.5,20,112.17,1.05,1.41379496722227,1.61926621012407,1.61926621012407,"20201338",97,2020,13,38,21.16627051,41.81058625,27.67874472,NA,NA,30.21853383,"Residential","Garden_non_food_producing","Garden_non_food_producing"
"1708",1708,1708,"13.038.80",2020,13,38,60,80,7,36,NA,1.062,NA,NA,18,1.46263753597014,NA,31,1.8,20,101.32,1.05,1.40679905616411,1.46263753597014,1.46263753597014,"20201338",97,2020,13,38,21.16627051,41.81058625,27.67874472,NA,NA,30.21853383,"Residential","Garden_non_food_producing","Garden_non_food_producing"
"1709",1709,1709,"13.038.100",2020,13,38,80,100,7.1,18,NA,0.708,NA,NA,14,1.33719023842197,NA,36,1.2,20,92.63,1.05,1.42082833068852,1.33719023842197,1.33719023842197,"20201338",97,2020,13,38,21.16627051,41.81058625,27.67874472,NA,NA,30.21853383,"Residential","Garden_non_food_producing","Garden_non_food_producing"
"1710",1710,1710,"13.039.10",2020,13,39,0,10,7,59,NA,2.773,NA,NA,124,1.98146099671597,NA,111,4.7,10,68.63,1.05,1.34106326818937,1.98146099671597,1.98146099671597,"20201339",98,2020,13,39,2.743063345,4.630121674,4.851854529,NA,NA,4.075013183,"Residential","Garden_non_food_producing","Garden"
"1711",1711,1711,"13.039.20",2020,13,39,10,20,6.8,46,NA,2.183,NA,NA,112,3.44785184653681,NA,58,3.7,10,119.42,1.05,1.36334857388164,NA,1.36334857388164,"20201339",98,2020,13,39,2.743063345,4.630121674,4.851854529,NA,NA,4.075013183,"Residential","Garden_non_food_producing","Garden"
"1712",1712,1712,"13.039.40",2020,13,39,20,40,6.9,42,NA,1.239,NA,NA,75.5,1.15847475583897,NA,30,2.1,20,80.25,1.05,1.3998403980813,1.15847475583897,1.15847475583897,"20201339",98,2020,13,39,2.743063345,4.630121674,4.851854529,NA,NA,4.075013183,"Residential","Garden_non_food_producing","Garden"
"1713",1713,1713,"13.039.60",2020,13,39,40,60,6.9,36,NA,0.826,NA,NA,16,1.17031213029115,NA,29,1.4,20,81.07,1.05,1.41613525045312,1.17031213029115,1.17031213029115,"20201339",98,2020,13,39,2.743063345,4.630121674,4.851854529,NA,NA,4.075013183,"Residential","Garden_non_food_producing","Garden"
"1714",1714,1714,"13.039.80",2020,13,39,60,80,6.9,27,NA,0.59,NA,NA,19.5,1.30976217566691,NA,32,1,20,90.73,1.05,1.42553814552782,1.30976217566691,1.30976217566691,"20201339",98,2020,13,39,2.743063345,4.630121674,4.851854529,NA,NA,4.075013183,"Residential","Garden_non_food_producing","Garden"
"1715",1715,1715,"13.039.100",2020,13,39,80,100,7,24,NA,0.236,NA,NA,13.5,1.39348994618237,NA,29,0.4,20,96.53,1.05,1.43976859545696,1.39348994618237,1.39348994618237,"20201339",98,2020,13,39,2.743063345,4.630121674,4.851854529,NA,NA,4.075013183,"Residential","Garden_non_food_producing","Garden"
"1716",1716,1716,"14.040.10",2020,14,40,0,10,7.3,9,NA,3.717,NA,NA,18.5,2.32358999002916,NA,88,6.3,10,80.48,1.05,1.3062215578761,2.32358999002916,2.32358999002916,"20201440",99,2020,14,40,2.204819845,2.075905854,3.96867572,NA,NA,2.749800473,"Residential","Garden_non_food_producing","Garden"
"1717",1717,1717,"14.040.20",2020,14,40,10,20,7.6,18,4,1.534,NA,NA,24.5,2.8608913035784,NA,80,2.6,10,99.09,1.05,1.38832488069319,NA,1.38832488069319,"20201440",99,2020,14,40,2.204819845,2.075905854,3.96867572,NA,NA,2.749800473,"Residential","Garden_non_food_producing","Garden"
"1718",1718,1718,"14.040.40",2020,14,40,20,40,7.9,0,1,0.531,NA,NA,24.5,1.55820268093779,NA,71,0.9,20,107.94,1.05,1.42789934706323,1.55820268093779,1.55820268093779,"20201440",99,2020,14,40,2.204819845,2.075905854,3.96867572,NA,NA,2.749800473,"Residential","Garden_non_food_producing","Garden"
"1719",1719,1719,"14.040.60",2020,14,40,40,60,8.1,0,1,0.354,NA,NA,14,1.5003150327021,NA,56,0.6,20,103.93,1.05,1.43500821792018,1.5003150327021,1.5003150327021,"20201440",99,2020,14,40,2.204819845,2.075905854,3.96867572,NA,NA,2.749800473,"Residential","Garden_non_food_producing","Garden"
"1720",1720,1720,"14.040.80",2020,14,40,60,80,8.2,1,1,0.59,NA,NA,3,1.85124987774192,NA,48,1,20,128.24,1.05,1.42553814552782,1.85124987774192,1.85124987774192,"20201440",99,2020,14,40,2.204819845,2.075905854,3.96867572,NA,NA,2.749800473,"Residential","Garden_non_food_producing","Garden"
"1721",1721,1721,"14.040.100",2020,14,40,80,100,8.2,0,1,0.472,NA,NA,10,2.03761634625134,NA,41,0.8,20,141.15,1.05,1.43026475464334,2.03761634625134,2.03761634625134,"20201440",99,2020,14,40,2.204819845,2.075905854,3.96867572,NA,NA,2.749800473,"Residential","Garden_non_food_producing","Garden"
"1722",1722,1722,"14.041.10",2020,14,41,0,10,7.4,46,24,1.711,NA,NA,40,3.62829962782013,NA,110,2.9,10,125.67,1.05,1.38146459693187,NA,1.38146459693187,"20201441",100,2020,14,41,17.19759479,27.21962858,5.953013581,NA,NA,16.79007898,"Residential","Garden_non_food_producing","Garden_non_food_producing"
"1723",1723,1723,"14.041.20",2020,14,41,10,20,7.5,33,20,1.829,NA,NA,29.5,3.09128703072095,NA,111,3.1,10,107.07,1.05,1.37691138132277,NA,1.37691138132277,"20201441",100,2020,14,41,17.19759479,27.21962858,5.953013581,NA,NA,16.79007898,"Residential","Garden_non_food_producing","Garden_non_food_producing"
"1724",1724,1724,"14.041.40",2020,14,41,20,40,7.7,10,8,0.885,NA,NA,100,0.820532151051549,NA,145,1.5,20,56.84,1.05,1.41379496722227,0.820532151051549,0.820532151051549,"20201441",100,2020,14,41,17.19759479,27.21962858,5.953013581,NA,NA,16.79007898,"Residential","Garden_non_food_producing","Garden_non_food_producing"
"1725",1725,1725,"14.041.60",2020,14,41,40,60,7.8,9,6,0.826,NA,NA,29,1.27641542568575,NA,204,1.4,20,88.42,1.05,1.41613525045312,1.27641542568575,1.27641542568575,"20201441",100,2020,14,41,17.19759479,27.21962858,5.953013581,NA,NA,16.79007898,"Residential","Garden_non_food_producing","Garden_non_food_producing"
"1726",1726,1726,"14.041.80",2020,14,41,60,80,7.9,7,6,0.649,NA,NA,9,1.48703407599965,NA,157,1.1,20,103.01,1.05,1.42318114255814,1.48703407599965,1.48703407599965,"20201441",100,2020,14,41,17.19759479,27.21962858,5.953013581,NA,NA,16.79007898,"Residential","Garden_non_food_producing","Garden_non_food_producing"
"1727",1727,1727,"14.041.100",2020,14,41,80,100,7.8,7,8,0.531,NA,NA,20.5,1.27352826118522,NA,80,0.9,20,88.22,1.05,1.42789934706323,1.27352826118522,1.27352826118522,"20201441",100,2020,14,41,17.19759479,27.21962858,5.953013581,NA,NA,16.79007898,"Residential","Garden_non_food_producing","Garden_non_food_producing"
"1728",1728,1728,"14.042.10",2020,14,42,0,10,7.2,18,NA,3.363,NA,NA,70,2.2880778666726,NA,132,5.7,10,79.25,1.05,1.31917107241155,2.2880778666726,2.2880778666726,"20201442",101,2020,14,42,3.436730291,NA,NA,NA,NA,3.436730291,"Residential","Maintained_lawn","Maintained_lawn"
"1729",1729,1729,"14.042.20",2020,14,42,10,20,7.5,8,6,1.239,NA,NA,104.5,2.5008618903619,NA,90,2.1,10,86.62,1.05,1.3998403980813,2.5008618903619,2.5008618903619,"20201442",101,2020,14,42,3.436730291,NA,NA,NA,NA,3.436730291,"Residential","Maintained_lawn","Maintained_lawn"
"1730",1730,1730,"14.042.40",2020,14,42,20,40,7.6,17,7,1.18,NA,NA,28.5,1.29301662156382,NA,83,2,20,89.57,1.05,1.40215582382298,1.29301662156382,1.29301662156382,"20201442",101,2020,14,42,3.436730291,NA,NA,NA,NA,3.436730291,"Residential","Maintained_lawn","Maintained_lawn"
"1731",1731,1731,"14.042.60",2020,14,42,40,60,7.6,9,7,0.59,NA,NA,7,1.63124794280129,NA,98,1,20,113,1.05,1.42553814552782,1.63124794280129,1.63124794280129,"20201442",101,2020,14,42,3.436730291,NA,NA,NA,NA,3.436730291,"Residential","Maintained_lawn","Maintained_lawn"
"1732",1732,1732,"14.042.80",2020,14,42,60,80,7.5,9,8,0.649,NA,NA,2,1.41976314313723,NA,87,1.1,20,98.35,1.05,1.42318114255814,1.41976314313723,1.41976314313723,"20201442",101,2020,14,42,3.436730291,NA,NA,NA,NA,3.436730291,"Residential","Maintained_lawn","Maintained_lawn"
"1733",1733,1733,"14.042.100",2020,14,42,80,100,7.5,18,11,0.708,NA,NA,2.5,1.35581244945041,NA,79,1.2,20,93.92,1.05,1.42082833068852,1.35581244945041,1.35581244945041,"20201442",101,2020,14,42,3.436730291,NA,NA,NA,NA,3.436730291,"Residential","Maintained_lawn","Maintained_lawn"
"1734",1734,1734,"15.043.10",2020,15,43,0,10,6.8,67,NA,2.419,NA,NA,111.5,3.02921299395948,NA,81,4.1,10,104.92,1.05,1.35438682945876,NA,1.35438682945876,"20201543",102,2020,15,43,0.101080303,0.771686946,2.425301829,NA,NA,1.099356359,"Residential","Garden_non_food_producing","Garden_non_food_producing"
"1735",1735,1735,"15.043.20",2020,15,43,10,20,6.9,67,NA,2.006,NA,NA,148,2.07182924558266,NA,65,3.4,10,71.76,1.05,1.37011187403604,2.07182924558266,2.07182924558266,"20201543",102,2020,15,43,0.101080303,0.771686946,2.425301829,NA,NA,1.099356359,"Residential","Garden_non_food_producing","Garden_non_food_producing"
"1736",1736,1736,"15.043.40",2020,15,43,20,40,7.3,68,NA,1.062,NA,NA,83,1.71887338539247,NA,44,1.8,20,119.07,1.05,1.40679905616411,1.71887338539247,1.71887338539247,"20201543",102,2020,15,43,0.101080303,0.771686946,2.425301829,NA,NA,1.099356359,"Residential","Garden_non_food_producing","Garden_non_food_producing"
"1737",1737,1737,"15.043.60",2020,15,43,40,60,7.6,46,21,1.062,NA,NA,26.5,1.39103585635692,NA,43,1.8,20,96.36,1.05,1.40679905616411,1.39103585635692,1.39103585635692,"20201543",102,2020,15,43,0.101080303,0.771686946,2.425301829,NA,NA,1.099356359,"Residential","Garden_non_food_producing","Garden_non_food_producing"
"1738",1738,1738,"15.043.80",2020,15,43,60,80,7.5,40,18,1.888,NA,NA,16,0.862396036309281,NA,55,3.2,20,59.74,1.05,1.3746408439354,0.862396036309281,0.862396036309281,"20201543",102,2020,15,43,0.101080303,0.771686946,2.425301829,NA,NA,1.099356359,"Residential","Garden_non_food_producing","Garden_non_food_producing"
"1739",1739,1739,"15.043.100",2020,15,43,80,100,7.7,38,19,1.062,NA,NA,11,1.47303132817206,NA,52,1.8,20,102.04,1.05,1.40679905616411,1.47303132817206,1.47303132817206,"20201543",102,2020,15,43,0.101080303,0.771686946,2.425301829,NA,NA,1.099356359,"Residential","Garden_non_food_producing","Garden_non_food_producing"
"1740",1740,1740,"15.044.10",2020,15,44,0,10,7.5,52,18,5.192,NA,NA,16,NA,NA,137,8.8,10,NA,1.05,1.25372925422768,NA,1.25372925422768,"20201544",103,2020,15,44,23.26707708,34.18278938,22.14299578,NA,NA,26.53095408,"Residential","Garden_non_food_producing","Garden"
"1741",1741,1741,"15.044.20",2020,15,44,10,20,7.4,67,NA,4.779,NA,NA,25.5,1.59920041684537,NA,172,8.1,10,55.39,1.05,1.26819245132668,1.59920041684537,1.59920041684537,"20201544",103,2020,15,44,23.26707708,34.18278938,22.14299578,NA,NA,26.53095408,"Residential","Garden_non_food_producing","Garden"
"1742",1742,1742,"15.044.40",2020,15,44,20,40,6.7,66,NA,2.773,NA,NA,29,1.69317762133772,NA,215,4.7,20,117.29,1.05,1.34106326818937,1.69317762133772,1.69317762133772,"20201544",103,2020,15,44,23.26707708,34.18278938,22.14299578,NA,NA,26.53095408,"Residential","Garden_non_food_producing","Garden"
"1743",1743,1743,"15.044.60",2020,15,44,40,60,7.1,49,NA,1.18,NA,NA,26,1.28709793433772,NA,96,2,20,89.16,1.05,1.40215582382298,1.28709793433772,1.28709793433772,"20201544",103,2020,15,44,23.26707708,34.18278938,22.14299578,NA,NA,26.53095408,"Residential","Garden_non_food_producing","Garden"
"1744",1744,1744,"15.044.80",2020,15,44,60,80,7.1,94,NA,1.829,NA,NA,81.5,1.32506414751973,NA,87,3.1,20,91.79,1.05,1.37691138132277,1.32506414751973,1.32506414751973,"20201544",103,2020,15,44,23.26707708,34.18278938,22.14299578,NA,NA,26.53095408,"Residential","Garden_non_food_producing","Garden"
"1745",1745,1745,"15.044.100",2020,15,44,80,100,7,83,NA,2.596,NA,NA,14.5,1.21073243329862,NA,94,4.4,20,83.87,1.05,1.34770726460248,1.21073243329862,1.21073243329862,"20201544",103,2020,15,44,23.26707708,34.18278938,22.14299578,NA,NA,26.53095408,"Residential","Garden_non_food_producing","Garden"
"1746",1746,1746,"15.045.10",2020,15,45,0,10,6.8,82,NA,1.947,NA,NA,44.5,3.39184085522646,NA,162,3.3,10,117.48,1.05,1.3723743438995,NA,1.3723743438995,"20201545",104,2020,15,45,0.073731369,0.088192794,0.086496077,NA,NA,0.082806747,"Residential","Maintained_lawn","Maintained_lawn"
"1747",1747,1747,"15.045.20",2020,15,45,10,20,6.8,79,NA,1.475,NA,NA,29.5,2.32763202032991,NA,112,2.5,10,80.62,1.05,1.39061979366621,2.32763202032991,2.32763202032991,"20201545",104,2020,15,45,0.073731369,0.088192794,0.086496077,NA,NA,0.082806747,"Residential","Maintained_lawn","Maintained_lawn"
"1748",1748,1748,"15.045.40",2020,15,45,20,40,6.7,63,NA,1.652,NA,NA,27.5,1.15457708376325,NA,75,2.8,20,79.98,1.05,1.38374728957565,1.15457708376325,1.15457708376325,"20201545",104,2020,15,45,0.073731369,0.088192794,0.086496077,NA,NA,0.082806747,"Residential","Maintained_lawn","Maintained_lawn"
"1749",1749,1749,"15.045.60",2020,15,45,40,60,6.9,132,NA,1.711,NA,NA,108.5,1.37515645160399,NA,58,2.9,20,95.26,1.05,1.38146459693187,1.37515645160399,1.37515645160399,"20201545",104,2020,15,45,0.073731369,0.088192794,0.086496077,NA,NA,0.082806747,"Residential","Maintained_lawn","Maintained_lawn"
"1750",1750,1750,"15.045.80",2020,15,45,60,80,6.8,91,NA,1.888,NA,NA,37.5,1.25562784128191,NA,57,3.2,20,86.98,1.05,1.3746408439354,1.25562784128191,1.25562784128191,"20201545",104,2020,15,45,0.073731369,0.088192794,0.086496077,NA,NA,0.082806747,"Residential","Maintained_lawn","Maintained_lawn"
"1751",1751,1751,"15.045.100",2020,15,45,80,100,6.9,82,NA,1.121,NA,NA,11.5,1.18171643006826,NA,72,1.9,20,81.86,1.05,1.40447537406824,1.18171643006826,1.18171643006826,"20201545",104,2020,15,45,0.073731369,0.088192794,0.086496077,NA,NA,0.082806747,"Residential","Maintained_lawn","Maintained_lawn"
"1752",1752,1752,"16.046.10",2020,16,46,0,10,6.4,21,NA,3.245,NA,NA,385.5,2.2404396524138,NA,78,5.5,10,77.6,1.05,1.32351839740079,2.2404396524138,2.2404396524138,"20201646",105,2020,16,46,10.58313525,10.76124851,8.725153903,NA,NA,10.02317922,"Residential","Garden_non_food_producing","Garden_non_food_producing"
"1753",1753,1753,"16.046.20",2020,16,46,10,20,6.5,24,NA,2.891,NA,NA,327.5,2.38306557874014,NA,72,4.9,10,82.54,1.05,1.33665360392074,2.38306557874014,2.38306557874014,"20201646",105,2020,16,46,10.58313525,10.76124851,8.725153903,NA,NA,10.02317922,"Residential","Garden_non_food_producing","Garden_non_food_producing"
"1754",1754,1754,"16.046.40",2020,16,46,20,40,6.5,27,NA,2.537,NA,NA,113,1.31149447436723,NA,51,4.3,20,90.85,1.05,1.34992982478972,1.31149447436723,1.31149447436723,"20201646",105,2020,16,46,10.58313525,10.76124851,8.725153903,NA,NA,10.02317922,"Residential","Garden_non_food_producing","Garden_non_food_producing"
"1755",1755,1755,"16.046.60",2020,16,46,40,60,6.6,29,NA,2.36,NA,NA,73,0.630123652241382,NA,48,4,20,43.65,1.05,1.35662128805787,0.630123652241382,0.630123652241382,"20201646",105,2020,16,46,10.58313525,10.76124851,8.725153903,NA,NA,10.02317922,"Residential","Garden_non_food_producing","Garden_non_food_producing"
"1756",1756,1756,"16.046.80",2020,16,46,60,80,5.9,12,NA,1.711,NA,NA,22,1.4001304245336,NA,42,2.9,20,96.99,1.05,1.38146459693187,1.4001304245336,1.4001304245336,"20201646",105,2020,16,46,10.58313525,10.76124851,8.725153903,NA,NA,10.02317922,"Residential","Garden_non_food_producing","Garden_non_food_producing"
"1757",1757,1757,"16.046.100",2020,16,46,80,100,5.5,11,NA,1.416,NA,NA,34.5,0.90786887719268,NA,52,2.4,20,62.89,1.05,1.39291879460309,0.90786887719268,0.90786887719268,"20201646",105,2020,16,46,10.58313525,10.76124851,8.725153903,NA,NA,10.02317922,"Residential","Garden_non_food_producing","Garden_non_food_producing"
"1758",1758,1758,"16.047.10",2020,16,47,0,10,7,256,NA,7.375,NA,NA,62.5,0.987410259182371,NA,256,12.5,10,34.2,1.05,1.18020354124727,0.987410259182371,0.987410259182371,"20201647",106,2020,16,47,6.523210885,26.58661396,27.21962858,NA,NA,20.10981781,"Residential","Garden_food_producing_raised_beds","Garden_food_producing_raised_beds"
"1759",1759,1759,"16.047.20",2020,16,47,10,20,7.1,169,NA,5.546,NA,NA,104,1.25100837808106,NA,306,9.4,10,43.33,1.05,1.24147483474081,1.25100837808106,1.25100837808106,"20201647",106,2020,16,47,6.523210885,26.58661396,27.21962858,NA,NA,20.10981781,"Residential","Garden_food_producing_raised_beds","Garden_food_producing_raised_beds"
"1760",1760,1760,"16.047.40",2020,16,47,20,40,6.9,273,NA,6.313,NA,NA,105,0.436683630705654,NA,436,10.7,20,30.25,1.05,1.21536827418019,0.436683630705654,0.436683630705654,"20201647",106,2020,16,47,6.523210885,26.58661396,27.21962858,NA,NA,20.10981781,"Residential","Garden_food_producing_raised_beds","Garden_food_producing_raised_beds"
"1761",1761,1761,"16.047.60",2020,16,47,40,60,6.9,168,NA,4.071,NA,NA,150.5,0.773904444367937,NA,215,6.9,20,53.61,1.05,1.29340958755451,0.773904444367937,0.773904444367937,"20201647",106,2020,16,47,6.523210885,26.58661396,27.21962858,NA,NA,20.10981781,"Residential","Garden_food_producing_raised_beds","Garden_food_producing_raised_beds"
"1762",1762,1762,"16.047.80",2020,16,47,60,80,6.9,160,NA,3.245,NA,NA,80.5,0.961281420452545,NA,155,5.5,20,66.59,1.05,1.32351839740079,0.961281420452545,0.961281420452545,"20201647",106,2020,16,47,6.523210885,26.58661396,27.21962858,NA,NA,20.10981781,"Residential","Garden_food_producing_raised_beds","Garden_food_producing_raised_beds"
"1763",1763,1763,"16.047.100",2020,16,47,80,100,6.8,189,NA,4.779,NA,NA,72.5,1.55459372531213,NA,153,8.1,20,107.69,1.05,1.26819245132668,1.55459372531213,1.55459372531213,"20201647",106,2020,16,47,6.523210885,26.58661396,27.21962858,NA,NA,20.10981781,"Residential","Garden_food_producing_raised_beds","Garden_food_producing_raised_beds"
"1764",1764,1764,"16.048.10",2020,16,48,0,10,6.7,259,NA,4.366,NA,NA,106.5,1.69389941246286,NA,230,7.4,10,58.67,1.05,1.2828369596558,1.69389941246286,1.69389941246286,"20201648",107,2020,16,48,5.76640515,18.61366166,3.335649989,NA,NA,9.238572266,"Residential","Garden_food_producing_raised_beds","Garden_food_producing_raised_beds"
"1765",1765,1765,"16.048.20",2020,16,48,10,20,6.1,215,NA,2.714,NA,NA,532,2.87965787283186,NA,134,4.6,10,99.74,1.05,1.34327399332337,NA,1.34327399332337,"20201648",107,2020,16,48,5.76640515,18.61366166,3.335649989,NA,NA,9.238572266,"Residential","Garden_food_producing_raised_beds","Garden_food_producing_raised_beds"
"1766",1766,1766,"16.048.40",2020,16,48,20,40,6.7,138,NA,2.124,NA,NA,106.5,1.28334462048703,NA,105,3.6,20,88.9,1.05,1.36559899617425,1.28334462048703,1.28334462048703,"20201648",107,2020,16,48,5.76640515,18.61366166,3.335649989,NA,NA,9.238572266,"Residential","Garden_food_producing_raised_beds","Garden_food_producing_raised_beds"
"1767",1767,1767,"16.048.60",2020,16,48,40,60,7,70,NA,1.534,NA,NA,81,0.606881978012089,NA,72,2.6,20,42.04,1.05,1.38832488069319,0.606881978012089,0.606881978012089,"20201648",107,2020,16,48,5.76640515,18.61366166,3.335649989,NA,NA,9.238572266,"Residential","Garden_food_producing_raised_beds","Garden_food_producing_raised_beds"
"1768",1768,1768,"16.048.80",2020,16,48,60,80,7.1,31,NA,0.826,NA,NA,27,0.915375504894066,NA,46,1.4,20,63.41,1.05,1.41613525045312,0.915375504894066,0.915375504894066,"20201648",107,2020,16,48,5.76640515,18.61366166,3.335649989,NA,NA,9.238572266,"Residential","Garden_food_producing_raised_beds","Garden_food_producing_raised_beds"
"1769",1769,1769,"16.048.100",2020,16,48,80,100,7.2,68,NA,1.534,NA,NA,NA,0.286695434902952,NA,67,2.6,20,19.86,1.05,1.38832488069319,0.286695434902952,0.286695434902952,"20201648",107,2020,16,48,5.76640515,18.61366166,3.335649989,NA,NA,9.238572266,"Residential","Garden_food_producing_raised_beds","Garden_food_producing_raised_beds"
"1770",1770,1770,"17.049.10",2020,17,49,0,10,7.2,65,NA,2.655,NA,NA,165,3.00986899180591,NA,84,4.5,10,104.25,1.05,1.34548865645613,NA,1.34548865645613,"20201749",108,2020,17,49,53.92130019,127.4503459,55.87414707,NA,NA,79.08193105,"Residential","Maintained_lawn","Maintained_lawn"
"1771",1771,1771,"17.049.20",2020,17,49,10,20,7.1,65,NA,2.36,NA,NA,166.5,3.64129186807253,NA,80,4,10,126.12,1.05,1.35662128805787,NA,1.35662128805787,"20201749",108,2020,17,49,53.92130019,127.4503459,55.87414707,NA,NA,79.08193105,"Residential","Maintained_lawn","Maintained_lawn"
"1772",1772,1772,"17.049.40",2020,17,49,20,40,7.4,39,NA,1.121,NA,NA,102,1.12267391603235,NA,59,1.9,20,77.77,1.05,1.40447537406824,1.12267391603235,1.12267391603235,"20201749",108,2020,17,49,53.92130019,127.4503459,55.87414707,NA,NA,79.08193105,"Residential","Maintained_lawn","Maintained_lawn"
"1773",1773,1773,"17.049.60",2020,17,49,40,60,7.6,32,17,0.649,NA,NA,29.5,1.51402906407964,NA,73,1.1,20,104.88,1.05,1.42318114255814,1.51402906407964,1.51402906407964,"20201749",108,2020,17,49,53.92130019,127.4503459,55.87414707,NA,NA,79.08193105,"Residential","Maintained_lawn","Maintained_lawn"
"1774",1774,1774,"17.049.80",2020,17,49,60,80,7.5,25,14,1.003,NA,NA,53.5,1.08225361302489,NA,96,1.7,20,74.97,1.05,1.40912687747072,1.08225361302489,1.08225361302489,"20201749",108,2020,17,49,53.92130019,127.4503459,55.87414707,NA,NA,79.08193105,"Residential","Maintained_lawn","Maintained_lawn"
"1775",1775,1775,"17.049.100",2020,17,49,80,100,7.5,49,18,1.239,NA,NA,30,0.766686533116604,NA,83,2.1,20,53.11,1.05,1.3998403980813,0.766686533116604,0.766686533116604,"20201749",108,2020,17,49,53.92130019,127.4503459,55.87414707,NA,NA,79.08193105,"Residential","Maintained_lawn","Maintained_lawn"
"1776",1776,1776,"17.050.10",2020,17,50,0,10,7,130,NA,4.307,NA,NA,263,2.18904812430431,NA,169,7.3,10,75.82,1.05,1.28494396536869,2.18904812430431,2.18904812430431,"20201750",109,2020,17,50,29.06268196,12.45543512,17.19759479,NA,NA,19.57190396,"Residential","Garden_food_producing_raised_beds","Garden_food_producing_raised_beds"
"1777",1777,1777,"17.050.20",2020,17,50,10,20,7.2,99,NA,2.832,NA,NA,225,2.26238210261785,NA,168,4.8,10,78.36,1.05,1.33885647405179,2.26238210261785,2.26238210261785,"20201750",109,2020,17,50,29.06268196,12.45543512,17.19759479,NA,NA,19.57190396,"Residential","Garden_food_producing_raised_beds","Garden_food_producing_raised_beds"
"1778",1778,1778,"17.050.40",2020,17,50,20,40,7.3,81,NA,2.537,NA,NA,184.5,1.55372757596197,NA,143,4.3,20,107.63,1.05,1.34992982478972,1.55372757596197,1.55372757596197,"20201750",109,2020,17,50,29.06268196,12.45543512,17.19759479,NA,NA,19.57190396,"Residential","Garden_food_producing_raised_beds","Garden_food_producing_raised_beds"
"1779",1779,1779,"17.050.60",2020,17,50,40,60,7.6,42,23,1.534,NA,NA,144,1.37761054142944,NA,144,2.6,20,95.43,1.05,1.38832488069319,1.37761054142944,1.37761054142944,"20201750",109,2020,17,50,29.06268196,12.45543512,17.19759479,NA,NA,19.57190396,"Residential","Garden_food_producing_raised_beds","Garden_food_producing_raised_beds"
"1780",1780,1780,"17.050.80",2020,17,50,60,80,7.8,31,17,1.062,NA,NA,47.5,1.34686223949876,NA,142,1.8,20,93.3,1.05,1.40679905616411,1.34686223949876,1.34686223949876,"20201750",109,2020,17,50,29.06268196,12.45543512,17.19759479,NA,NA,19.57190396,"Residential","Garden_food_producing_raised_beds","Garden_food_producing_raised_beds"
"1781",1781,1781,"17.050.100",2020,17,50,80,100,7.7,30,19,1.003,NA,NA,29,1.41240087366087,NA,121,1.7,20,97.84,1.05,1.40912687747072,1.41240087366087,1.41240087366087,"20201750",109,2020,17,50,29.06268196,12.45543512,17.19759479,NA,NA,19.57190396,"Residential","Garden_food_producing_raised_beds","Garden_food_producing_raised_beds"
"1782",1782,1782,"17.051.10",2020,17,51,0,10,6.9,36,NA,1.888,NA,NA,65.5,3.64129186807253,NA,90,3.2,10,126.12,1.05,1.3746408439354,NA,1.3746408439354,"20201751",110,2020,17,51,24.30813879,54.89385083,21.79701147,NA,NA,33.6663337,"Residential","Maintained_lawn","Maintained_lawn"
"1783",1783,1783,"17.051.20",2020,17,51,10,20,7.1,40,NA,0.944,NA,NA,25.5,3.69326082908213,NA,83,1.6,10,127.92,1.05,1.41145884536132,NA,1.41145884536132,"20201751",110,2020,17,51,24.30813879,54.89385083,21.79701147,NA,NA,33.6663337,"Residential","Maintained_lawn","Maintained_lawn"
"1784",1784,1784,"17.051.40",2020,17,51,20,40,7.2,40,NA,1.239,NA,NA,32,1.57032877184003,NA,68,2.1,20,108.78,1.05,1.3998403980813,1.57032877184003,1.57032877184003,"20201751",110,2020,17,51,24.30813879,54.89385083,21.79701147,NA,NA,33.6663337,"Residential","Maintained_lawn","Maintained_lawn"
"1785",1785,1785,"17.051.60",2020,17,51,40,60,7.8,19,11,0.708,NA,NA,215,1.69837451743868,NA,71,1.2,20,117.65,1.05,1.42082833068852,1.69837451743868,1.69837451743868,"20201751",110,2020,17,51,24.30813879,54.89385083,21.79701147,NA,NA,33.6663337,"Residential","Maintained_lawn","Maintained_lawn"
"1786",1786,1786,"17.051.80",2020,17,51,60,80,7.8,1,11.5,0.9145,NA,NA,470,1.53019718528262,NA,60,1.55,20,106,1.05,1.41262638658334,1.53019718528262,1.53019718528262,"20201751",110,2020,17,51,24.30813879,54.89385083,21.79701147,NA,NA,33.6663337,"Residential","Maintained_lawn","Maintained_lawn"
"1787",1787,1787,"17.051.100",2020,17,51,80,100,7.8,35,10,0.944,NA,NA,101.5,1.27915823196126,NA,68,1.6,20,88.61,1.05,1.41145884536132,1.27915823196126,1.27915823196126,"20201751",110,2020,17,51,24.30813879,54.89385083,21.79701147,NA,NA,33.6663337,"Residential","Maintained_lawn","Maintained_lawn"
"1788",1788,1788,"18.052.10",2020,18,52,0,10,6.5,113,NA,5.192,NA,NA,102.5,2.72837045300392,NA,194,8.8,10,94.5,1.05,1.25372925422768,NA,1.25372925422768,"20201852",111,2020,18,52,7.221828533,12.38686994,5.598862686,NA,NA,8.402520386,"Residential","Maintained_lawn","Maintained_lawn"
"1789",1789,1789,"18.052.20",2020,18,52,10,20,6.7,104,NA,3.304,NA,NA,89,1.6632954687572,NA,116,5.6,10,57.61,1.05,1.32134280063968,1.6632954687572,1.6632954687572,"20201852",111,2020,18,52,7.221828533,12.38686994,5.598862686,NA,NA,8.402520386,"Residential","Maintained_lawn","Maintained_lawn"
"1790",1790,1790,"18.052.40",2020,18,52,20,40,7.4,41,NA,0.885,NA,NA,37.5,1.09741122665269,NA,120,1.5,20,76.02,1.05,1.41379496722227,1.09741122665269,1.09741122665269,"20201852",111,2020,18,52,7.221828533,12.38686994,5.598862686,NA,NA,8.402520386,"Residential","Maintained_lawn","Maintained_lawn"
"1791",1791,1791,"18.052.60",2020,18,52,40,60,7.5,55,25,1.062,NA,NA,103.5,1.36317471892677,NA,71,1.8,20,94.43,1.05,1.40679905616411,1.36317471892677,1.36317471892677,"20201852",111,2020,18,52,7.221828533,12.38686994,5.598862686,NA,NA,8.402520386,"Residential","Maintained_lawn","Maintained_lawn"
"1792",1792,1792,"18.052.80",2020,18,52,60,80,7.6,51,19,0.472,NA,NA,85.5,1.6503032285048,NA,45,0.8,20,114.32,1.05,1.43026475464334,1.6503032285048,1.6503032285048,"20201852",111,2020,18,52,7.221828533,12.38686994,5.598862686,NA,NA,8.402520386,"Residential","Maintained_lawn","Maintained_lawn"
"1793",1793,1793,"18.052.100",2020,18,52,80,100,7.6,37,16,0.413,NA,NA,14.5,1.4331884580647,NA,54,0.7,20,99.28,1.05,1.43263437576045,1.4331884580647,1.4331884580647,"20201852",111,2020,18,52,7.221828533,12.38686994,5.598862686,NA,NA,8.402520386,"Residential","Maintained_lawn","Maintained_lawn"
"1794",1794,1794,"18.053.10",2020,18,53,0,10,7.2,145,NA,6.785,NA,NA,141,2.34726473893353,NA,219,11.5,10,81.3,1.05,1.19960034940652,2.34726473893353,2.34726473893353,"20201853",112,2020,18,53,5.291567627,2.30656206,1.551138472,NA,NA,3.049756053,"Residential","Garden_food_producing_raised_beds","Garden_food_producing_raised_beds"
"1795",1795,1795,"18.053.20",2020,18,53,10,20,7.3,135,NA,6.785,NA,NA,127,1.36909340615287,NA,205,11.5,10,47.42,1.05,1.19960034940652,1.36909340615287,1.36909340615287,"20201853",112,2020,18,53,5.291567627,2.30656206,1.551138472,NA,NA,3.049756053,"Residential","Garden_food_producing_raised_beds","Garden_food_producing_raised_beds"
"1796",1796,1796,"18.053.40",2020,18,53,20,40,7.4,111,NA,2.714,NA,NA,365,1.05583605784501,NA,145,4.6,20,73.14,1.05,1.34327399332337,1.05583605784501,1.05583605784501,"20201853",112,2020,18,53,5.291567627,2.30656206,1.551138472,NA,NA,3.049756053,"Residential","Garden_food_producing_raised_beds","Garden_food_producing_raised_beds"
"1797",1797,1797,"18.053.60",2020,18,53,40,60,7.3,56,NA,0.708,NA,NA,60,1.34108791049769,NA,105,1.2,20,92.9,1.05,1.42082833068852,1.34108791049769,1.34108791049769,"20201853",112,2020,18,53,5.291567627,2.30656206,1.551138472,NA,NA,3.049756053,"Residential","Garden_food_producing_raised_beds","Garden_food_producing_raised_beds"
"1798",1798,1798,"18.053.80",2020,18,53,60,80,7.9,18,7,0.177,NA,NA,1.5,1.47938309007324,NA,46,0.3,20,102.48,1.05,1.44215514591223,1.47938309007324,1.47938309007324,"20201853",112,2020,18,53,5.291567627,2.30656206,1.551138472,NA,NA,3.049756053,"Residential","Garden_food_producing_raised_beds","Garden_food_producing_raised_beds"
"1799",1799,1799,"18.053.100",2020,18,53,80,100,7.7,26,12,0.472,NA,NA,15,1.6345681819769,NA,48,0.8,20,113.23,1.05,1.43026475464334,1.6345681819769,1.6345681819769,"20201853",112,2020,18,53,5.291567627,2.30656206,1.551138472,NA,NA,3.049756053,"Residential","Garden_food_producing_raised_beds","Garden_food_producing_raised_beds"
"1800",1800,1800,"18.054.10",2020,18,54,0,10,7.1,160,NA,3.717,NA,NA,190.5,3.00842540955565,NA,520,6.3,10,104.2,1.05,1.3062215578761,NA,1.3062215578761,"20201854",113,2020,18,54,1.393686208,0.966401613,3.229186884,NA,NA,1.863091568,"Residential","Garden_food_producing_raised_beds","Garden_food_producing_raised_beds"
"1801",1801,1801,"18.054.20",2020,18,54,10,20,7.1,101,NA,2.006,NA,NA,95.5,1.87636820889656,NA,340,3.4,10,64.99,1.05,1.37011187403604,1.87636820889656,1.87636820889656,"20201854",113,2020,18,54,1.393686208,0.966401613,3.229186884,NA,NA,1.863091568,"Residential","Garden_food_producing_raised_beds","Garden_food_producing_raised_beds"
"1802",1802,1802,"18.054.40",2020,18,54,20,40,7.2,72,NA,0.826,NA,NA,27,1.41557675461145,NA,448,1.4,20,98.06,1.05,1.41613525045312,1.41557675461145,1.41557675461145,"20201854",113,2020,18,54,1.393686208,0.966401613,3.229186884,NA,NA,1.863091568,"Residential","Garden_food_producing_raised_beds","Garden_food_producing_raised_beds"
"1803",1803,1803,"18.054.60",2020,18,54,40,60,7,81,NA,0.767,NA,NA,23.5,1.58620817659297,NA,396,1.3,20,109.88,1.05,1.41847970246656,1.58620817659297,1.58620817659297,"20201854",113,2020,18,54,1.393686208,0.966401613,3.229186884,NA,NA,1.863091568,"Residential","Garden_food_producing_raised_beds","Garden_food_producing_raised_beds"
"1804",1804,1804,"18.054.80",2020,18,54,60,80,7,90,NA,0.826,NA,NA,19.5,1.25403990080662,NA,372,1.4,20,86.87,1.05,1.41613525045312,1.25403990080662,1.25403990080662,"20201854",113,2020,18,54,1.393686208,0.966401613,3.229186884,NA,NA,1.863091568,"Residential","Garden_food_producing_raised_beds","Garden_food_producing_raised_beds"
"1805",1805,1805,"18.054.100",2020,18,54,80,100,7.4,66,NA,0.826,NA,NA,50,0.649756370845008,NA,202,1.4,20,45.01,1.05,1.41613525045312,0.649756370845008,0.649756370845008,"20201854",113,2020,18,54,1.393686208,0.966401613,3.229186884,NA,NA,1.863091568,"Residential","Garden_food_producing_raised_beds","Garden_food_producing_raised_beds"
"1806",1806,1806,"19.055.10",2020,19,55,0,10,7,28,NA,2.714,NA,NA,15,2.1359242974945,NA,88,4.6,10,73.98,1.05,1.34327399332337,2.1359242974945,2.1359242974945,"20201955",114,2020,19,55,31.36791476,8.586584526,15.68395738,NA,NA,18.54615222,"Residential","Maintained_lawn","Maintained_lawn"
"1807",1807,1807,"19.055.20",2020,19,55,10,20,7.2,39,NA,1.357,NA,NA,29,1.76001547952507,NA,89,2.3,10,60.96,1.05,1.39522189078578,1.76001547952507,1.76001547952507,"20201955",114,2020,19,55,31.36791476,8.586584526,15.68395738,NA,NA,18.54615222,"Residential","Maintained_lawn","Maintained_lawn"
"1808",1808,1808,"19.055.40",2020,19,55,20,40,7.6,26.5,8.5,0.59,NA,NA,NA,1.27583799278564,NA,61.5,1,20,88.38,1.05,1.42553814552782,1.27583799278564,1.27583799278564,"20201955",114,2020,19,55,31.36791476,8.586584526,15.68395738,NA,NA,18.54615222,"Residential","Maintained_lawn","Maintained_lawn"
"1809",1809,1809,"19.055.60",2020,19,55,40,60,7.5,18,9,0.7375,NA,NA,23,1.81761441131071,NA,42,1.25,20,125.91,1.05,1.41965349408684,1.81761441131071,1.81761441131071,"20201955",114,2020,19,55,31.36791476,8.586584526,15.68395738,NA,NA,18.54615222,"Residential","Maintained_lawn","Maintained_lawn"
"1810",1810,1810,"19.055.80",2020,19,55,60,80,7.5,18,6,0.59,NA,NA,0,0.663326043997514,NA,35,1,20,45.95,1.05,1.42553814552782,0.663326043997514,0.663326043997514,"20201955",114,2020,19,55,31.36791476,8.586584526,15.68395738,NA,NA,18.54615222,"Residential","Maintained_lawn","Maintained_lawn"
"1811",1811,1811,"19.055.100",2020,19,55,80,100,7.7,21,11,0.826,NA,NA,17.5,1.41904135201209,NA,43,1.4,20,98.3,1.05,1.41613525045312,1.41904135201209,1.41904135201209,"20201955",114,2020,19,55,31.36791476,8.586584526,15.68395738,NA,NA,18.54615222,"Residential","Maintained_lawn","Maintained_lawn"
"1812",1812,1812,"19.056.10",2020,19,56,0,10,7.2,34,NA,2.478,NA,NA,249.5,1.80880855958408,NA,64,4.2,10,62.65,1.05,1.35215634405769,1.80880855958408,1.80880855958408,"20201956",115,2020,19,56,17.29921545,8.398294029,13.07183035,NA,NA,12.92311328,"Residential","Garden_food_producing_raised_beds","Garden_food_producing_raised_beds"
"1813",1813,1813,"19.056.20",2020,19,56,10,20,7.2,44,NA,2.655,NA,NA,338.5,1.52933103593246,NA,60,4.5,10,52.97,1.05,1.34548865645613,1.52933103593246,1.52933103593246,"20201956",115,2020,19,56,17.29921545,8.398294029,13.07183035,NA,NA,12.92311328,"Residential","Garden_food_producing_raised_beds","Garden_food_producing_raised_beds"
"1814",1814,1814,"19.056.40",2020,19,56,20,40,7.4,22,NA,1.534,NA,NA,292,1.02176751673872,NA,36,2.6,20,70.78,1.05,1.38832488069319,1.02176751673872,1.02176751673872,"20201956",115,2020,19,56,17.29921545,8.398294029,13.07183035,NA,NA,12.92311328,"Residential","Garden_food_producing_raised_beds","Garden_food_producing_raised_beds"
"1815",1815,1815,"19.056.60",2020,19,56,40,60,7.6,17,7,0.826,NA,NA,125.5,1.11949803508177,NA,32,1.4,20,77.55,1.05,1.41613525045312,1.11949803508177,1.11949803508177,"20201956",115,2020,19,56,17.29921545,8.398294029,13.07183035,NA,NA,12.92311328,"Residential","Garden_food_producing_raised_beds","Garden_food_producing_raised_beds"
"1816",1816,1816,"19.056.80",2020,19,56,60,80,7.4,11,NA,1.003,NA,NA,19.5,1.44877914636758,NA,31,1.7,20,100.36,1.05,1.40912687747072,1.44877914636758,1.44877914636758,"20201956",115,2020,19,56,17.29921545,8.398294029,13.07183035,NA,NA,12.92311328,"Residential","Garden_food_producing_raised_beds","Garden_food_producing_raised_beds"
"1817",1817,1817,"19.056.100",2020,19,56,80,100,7.3,14,NA,0.826,NA,NA,45,1.11978675153182,NA,39,1.4,20,77.57,1.05,1.41613525045312,1.11978675153182,1.11978675153182,"20201956",115,2020,19,56,17.29921545,8.398294029,13.07183035,NA,NA,12.92311328,"Residential","Garden_food_producing_raised_beds","Garden_food_producing_raised_beds"
"1818",1818,1818,"19.057.10",2020,19,57,0,10,NA,NA,NA,NA,NA,NA,67.5,0.857776573108428,NA,NA,NA,10,29.71,1.05,NA,0.857776573108428,0.857776573108428,"20201957",116,2020,19,57,57.31835675,61.72746111,55.87414707,NA,NA,58.30665498,"Residential","Garden_food_producing_raised_beds","Garden_food_producing_raised_beds"
"1819",1819,1819,"19.057.20",2020,19,57,10,20,7.3,77,NA,5.605,NA,NA,94.5,1.63355767440171,NA,292,9.5,10,56.58,1.05,1.23944512357454,1.63355767440171,1.63355767440171,"20201957",116,2020,19,57,57.31835675,61.72746111,55.87414707,NA,NA,58.30665498,"Residential","Garden_food_producing_raised_beds","Garden_food_producing_raised_beds"
"1820",1820,1820,"19.057.40",2020,19,57,20,40,6.8,25,NA,2.301,NA,NA,159.5,1.01916906868824,NA,73,3.9,20,70.6,1.05,1.35885972693253,1.01916906868824,1.01916906868824,"20201957",116,2020,19,57,57.31835675,61.72746111,55.87414707,NA,NA,58.30665498,"Residential","Garden_food_producing_raised_beds","Garden_food_producing_raised_beds"
"1821",1821,1821,"19.057.60",2020,19,57,40,60,6.9,23,NA,1.711,NA,NA,206.5,0.641239235568435,NA,47,2.9,20,44.42,1.05,1.38146459693187,0.641239235568435,0.641239235568435,"20201957",116,2020,19,57,57.31835675,61.72746111,55.87414707,NA,NA,58.30665498,"Residential","Garden_food_producing_raised_beds","Garden_food_producing_raised_beds"
"1822",1822,1822,"19.057.80",2020,19,57,60,80,7,19,NA,1.475,NA,NA,78.5,0.992895871733384,NA,35,2.5,20,68.78,1.05,1.39061979366621,0.992895871733384,0.992895871733384,"20201957",116,2020,19,57,57.31835675,61.72746111,55.87414707,NA,NA,58.30665498,"Residential","Garden_food_producing_raised_beds","Garden_food_producing_raised_beds"
"1823",1823,1823,"19.057.100",2020,19,57,80,100,7,15,NA,1.534,NA,NA,24.5,1.31726880336829,NA,42,2.6,20,91.25,1.05,1.38832488069319,1.31726880336829,1.31726880336829,"20201957",116,2020,19,57,57.31835675,61.72746111,55.87414707,NA,NA,58.30665498,"Residential","Garden_food_producing_raised_beds","Garden_food_producing_raised_beds"
"1824",1824,1824,"20.058.10",2020,20,58,0,10,5.9,63,NA,2.006,NA,NA,116,3.19580238564025,NA,80,3.4,10,110.69,1.05,1.37011187403604,NA,1.37011187403604,"20202058",117,2020,20,58,3.86560645,2.027179939,2.204819845,NA,NA,2.699202078,"Residential","Maintained_lawn","Maintained_lawn"
"1825",1825,1825,"20.058.20",2020,20,58,10,20,6.6,71,NA,1.18,NA,NA,14.5,2.15873289704871,NA,67,2,10,74.77,1.05,1.40215582382298,2.15873289704871,2.15873289704871,"20202058",117,2020,20,58,3.86560645,2.027179939,2.204819845,NA,NA,2.699202078,"Residential","Maintained_lawn","Maintained_lawn"
"1826",1826,1826,"20.058.40",2020,20,58,20,40,6.8,79,NA,0.59,NA,NA,0,0.967777540578745,NA,49,1,20,67.04,1.05,1.42553814552782,0.967777540578745,0.967777540578745,"20202058",117,2020,20,58,3.86560645,2.027179939,2.204819845,NA,NA,2.699202078,"Residential","Maintained_lawn","Maintained_lawn"
"1827",1827,1827,"20.058.60",2020,20,58,40,60,6.9,59,NA,0.413,NA,NA,0,0.971097779754358,NA,57,0.7,20,67.27,1.05,1.43263437576045,0.971097779754358,0.971097779754358,"20202058",117,2020,20,58,3.86560645,2.027179939,2.204819845,NA,NA,2.699202078,"Residential","Maintained_lawn","Maintained_lawn"
"1828",1828,1828,"20.058.80",2020,20,58,60,80,6.8,48,NA,0.295,NA,NA,0,0.985966676932104,NA,49,0.5,20,68.3,1.05,1.43738628864155,0.985966676932104,0.985966676932104,"20202058",117,2020,20,58,3.86560645,2.027179939,2.204819845,NA,NA,2.699202078,"Residential","Maintained_lawn","Maintained_lawn"
"1829",1829,1829,"20.058.100",2020,20,58,80,100,6.8,37,NA,0.177,NA,NA,0,1.21347523957412,NA,39,0.3,20,84.06,1.05,1.44215514591223,1.21347523957412,1.21347523957412,"20202058",117,2020,20,58,3.86560645,2.027179939,2.204819845,NA,NA,2.699202078,"Residential","Maintained_lawn","Maintained_lawn"
"1830",1830,1830,"20.059.10",2020,20,59,0,10,NA,NA,NA,NA,NA,NA,21.5,0.696095361078566,NA,NA,NA,10,24.11,1.05,NA,0.696095361078566,0.696095361078566,"20202059",118,2020,20,59,7.275905487,6.573701871,3.040769909,NA,NA,5.630125756,"Residential","Garden_non_food_producing","Garden"
"1831",1831,1831,"20.059.20",2020,20,59,10,20,6.8,463,NA,4.602,NA,NA,18.5,2.09463784513687,NA,528,7.8,10,72.55,1.05,1.27444633592336,2.09463784513687,2.09463784513687,"20202059",118,2020,20,59,7.275905487,6.573701871,3.040769909,NA,NA,5.630125756,"Residential","Garden_non_food_producing","Garden"
"1832",1832,1832,"20.059.40",2020,20,59,20,40,6.2,391,NA,2.124,NA,NA,20,0.732906708460365,NA,95,3.6,20,50.77,1.05,1.36559899617425,0.732906708460365,0.732906708460365,"20202059",118,2020,20,59,7.275905487,6.573701871,3.040769909,NA,NA,5.630125756,"Residential","Garden_non_food_producing","Garden"
"1833",1833,1833,"20.059.60",2020,20,59,40,60,5.8,232,NA,0.767,NA,NA,5,1.37385722757875,NA,79,1.3,20,95.17,1.05,1.41847970246656,1.37385722757875,1.37385722757875,"20202059",118,2020,20,59,7.275905487,6.573701871,3.040769909,NA,NA,5.630125756,"Residential","Garden_non_food_producing","Garden"
"1834",1834,1834,"20.059.80",2020,20,59,60,80,4.9,106,NA,0.531,NA,NA,0,1.36923776437789,NA,69,0.9,20,94.85,1.05,1.42789934706323,1.36923776437789,1.36923776437789,"20202059",118,2020,20,59,7.275905487,6.573701871,3.040769909,NA,NA,5.630125756,"Residential","Garden_non_food_producing","Garden"
"1835",1835,1835,"20.059.100",2020,20,59,80,100,4.9,51,NA,0.531,NA,NA,0,1.41456624703627,NA,75,0.9,20,97.99,1.05,1.42789934706323,1.41456624703627,1.41456624703627,"20202059",118,2020,20,59,7.275905487,6.573701871,3.040769909,NA,NA,5.630125756,"Residential","Garden_non_food_producing","Garden"
"1836",1836,1836,"20.060.10",2020,20,60,0,10,6.4,92,NA,1.5045,NA,NA,15,3.3470898054682,NA,94,2.55,10,115.93,1.05,1.38947182663883,NA,1.38947182663883,"20202060",119,2020,20,60,3.86560645,0.581676927,19.8433786,NA,NA,8.096887326,"Residential","Garden_non_food_producing","Garden"
"1837",1837,1837,"20.060.20",2020,20,60,10,20,6.2,57,NA,0.767,NA,NA,11,3.65168566027445,NA,63,1.3,10,126.48,1.05,1.41847970246656,NA,1.41847970246656,"20202060",119,2020,20,60,3.86560645,0.581676927,19.8433786,NA,NA,8.096887326,"Residential","Garden_non_food_producing","Garden"
"1838",1838,1838,"20.060.40",2020,20,60,20,40,6.4,51,NA,0.531,NA,NA,5,1.0249433976893,NA,45,0.9,20,71,1.05,1.42789934706323,1.0249433976893,1.0249433976893,"20202060",119,2020,20,60,3.86560645,0.581676927,19.8433786,NA,NA,8.096887326,"Residential","Garden_non_food_producing","Garden"
"1839",1839,1839,"20.060.60",2020,20,60,40,60,6.4,70,NA,0.472,NA,NA,6,1.09842173422787,NA,40,0.8,20,76.09,1.05,1.43026475464334,1.09842173422787,1.09842173422787,"20202060",119,2020,20,60,3.86560645,0.581676927,19.8433786,NA,NA,8.096887326,"Residential","Garden_non_food_producing","Garden"
"1840",1840,1840,"20.060.80",2020,20,60,60,80,6.3,85,NA,0.649,NA,NA,13.5,0.910322967018133,NA,37,1.1,20,63.06,1.05,1.42318114255814,0.910322967018133,0.910322967018133,"20202060",119,2020,20,60,3.86560645,0.581676927,19.8433786,NA,NA,8.096887326,"Residential","Garden_non_food_producing","Garden"
"1841",1841,1841,"20.060.100",2020,20,60,80,100,5.6,71,NA,0.708,NA,NA,0,1.9123134069282,NA,41,1.2,20,132.47,1.05,1.42082833068852,1.9123134069282,1.9123134069282,"20202060",119,2020,20,60,3.86560645,0.581676927,19.8433786,NA,NA,8.096887326,"Residential","Garden_non_food_producing","Garden"
"1842",1842,1842,"21.061.10",2020,21,61,0,10,7,55,NA,3.776,NA,NA,243,2.6091305591319,NA,110,6.4,10,90.37,1.05,1.30407671745518,NA,1.30407671745518,"20202161",120,2020,21,61,3.376077963,NA,NA,NA,NA,3.376077963,"Residential","Garden_non_food_producing","Garden"
"1843",1843,1843,"21.061.20",2020,21,61,10,20,7,50,NA,2.832,NA,NA,190,2.90593106978671,NA,85,4.8,10,100.65,1.05,1.33885647405179,NA,1.33885647405179,"20202161",120,2020,21,61,3.376077963,NA,NA,NA,NA,3.376077963,"Residential","Garden_non_food_producing","Garden"
"1844",1844,1844,"21.061.40",2020,21,61,20,40,7.3,53,NA,1.357,NA,NA,24,0.759612980090298,NA,51,2.3,20,52.62,1.05,1.39522189078578,0.759612980090298,0.759612980090298,"20202161",120,2020,21,61,3.376077963,NA,NA,NA,NA,3.376077963,"Residential","Garden_non_food_producing","Garden"
"1845",1845,1845,"21.061.60",2020,21,61,40,60,7.5,68,20,1.18,NA,NA,31.5,0.927934670471386,NA,45,2,20,64.28,1.05,1.40215582382298,0.927934670471386,0.927934670471386,"20202161",120,2020,21,61,3.376077963,NA,NA,NA,NA,3.376077963,"Residential","Garden_non_food_producing","Garden"
"1846",1846,1846,"21.061.80",2020,21,61,60,80,7.6,132,42,1.829,NA,NA,108.5,1.15472144198827,NA,44,3.1,20,79.99,1.05,1.37691138132277,1.15472144198827,1.15472144198827,"20202161",120,2020,21,61,3.376077963,NA,NA,NA,NA,3.376077963,"Residential","Garden_non_food_producing","Garden"
"1847",1847,1847,"21.061.100",2020,21,61,80,100,7.5,109,68,3.127,NA,NA,129,1.12267391603235,NA,47,5.3,20,77.77,1.05,1.32788122409851,1.12267391603235,1.12267391603235,"20202161",120,2020,21,61,3.376077963,NA,NA,NA,NA,3.376077963,"Residential","Garden_non_food_producing","Garden"
"1848",1848,1848,"21.062.10",2020,21,62,0,10,6.9,68,NA,3.009,NA,NA,453.5,2.57852661542624,NA,84,5.1,10,89.31,1.05,1.33225960778078,2.57852661542624,2.57852661542624,"20202162",121,2020,21,62,9.784816327,7.279668108,14.55181097,9.097227242,5.074436532,9.157591836,"Residential","Garden_non_food_producing","Garden"
"1849",1849,1849,"21.062.20",2020,21,62,10,20,7.1,79,NA,2.36,NA,NA,180.5,2.8002608490672,NA,82,4,10,96.99,1.05,1.35662128805787,NA,1.35662128805787,"20202162",121,2020,21,62,9.784816327,7.279668108,14.55181097,9.097227242,5.074436532,9.157591836,"Residential","Garden_non_food_producing","Garden"
"1850",1850,1850,"21.062.40",2020,21,62,20,40,NA,NA,NA,NA,NA,NA,68.5,0.45674942398436,NA,NA,NA,20,31.64,1.05,NA,0.45674942398436,0.45674942398436,"20202162",121,2020,21,62,9.784816327,7.279668108,14.55181097,9.097227242,5.074436532,9.157591836,"Residential","Garden_non_food_producing","Garden"
"1851",1851,1851,"21.062.60",2020,21,62,40,60,7,48,NA,1.239,NA,NA,19.5,1.03100644314042,NA,48,2.1,20,71.42,1.05,1.3998403980813,1.03100644314042,1.03100644314042,"20202162",121,2020,21,62,9.784816327,7.279668108,14.55181097,9.097227242,5.074436532,9.157591836,"Residential","Garden_non_food_producing","Garden"
"1852",1852,1852,"21.062.80",2020,21,62,60,80,7,36,NA,0.649,NA,NA,10,1.6632954687572,NA,45,1.1,20,115.22,1.05,1.42318114255814,1.6632954687572,1.6632954687572,"20202162",121,2020,21,62,9.784816327,7.279668108,14.55181097,9.097227242,5.074436532,9.157591836,"Residential","Garden_non_food_producing","Garden"
"1853",1853,1853,"21.062.100",2020,21,62,80,100,7.1,44,NA,0.885,NA,NA,35.5,0.558521972628157,NA,48,1.5,20,38.69,1.05,1.41379496722227,0.558521972628157,0.558521972628157,"20202162",121,2020,21,62,9.784816327,7.279668108,14.55181097,9.097227242,5.074436532,9.157591836,"Residential","Garden_non_food_producing","Garden"
"1854",1854,1854,"21.063.10",2020,21,63,0,10,7.1,148,NA,7.788,NA,NA,177,1.6979414427636,NA,181,13.2,10,58.81,1.05,1.16682972025883,1.6979414427636,1.6979414427636,"20202163",122,2020,21,63,26.87454089,21.52249702,29.10362195,NA,NA,25.83355329,"Residential","Maintained_lawn","Maintained_lawn"
"1855",1855,1855,"21.063.20",2020,21,63,10,20,7.3,97.5,NA,2.8615,NA,NA,127,3.36008204572059,NA,118.5,4.85,10,116.38,1.05,1.33775454892183,NA,1.33775454892183,"20202163",122,2020,21,63,26.87454089,21.52249702,29.10362195,NA,NA,25.83355329,"Residential","Maintained_lawn","Maintained_lawn"
"1856",1856,1856,"21.063.40",2020,21,63,20,40,7.3,145,NA,2.537,NA,NA,760,1.28305590403698,NA,145,4.3,20,88.88,1.05,1.34992982478972,1.28305590403698,1.28305590403698,"20202163",122,2020,21,63,26.87454089,21.52249702,29.10362195,NA,NA,25.83355329,"Residential","Maintained_lawn","Maintained_lawn"
"1857",1857,1857,"21.063.60",2020,21,63,40,60,7.3,147,NA,2.183,NA,NA,220,1.11054782513011,NA,234,3.7,20,76.93,1.05,1.36334857388164,1.11054782513011,1.11054782513011,"20202163",122,2020,21,63,26.87454089,21.52249702,29.10362195,NA,NA,25.83355329,"Residential","Maintained_lawn","Maintained_lawn"
"1858",1858,1858,"21.063.80",2020,21,63,60,80,7.4,90,NA,1.062,NA,NA,29,1.82194515806151,NA,156,1.8,20,126.21,1.05,1.40679905616411,1.82194515806151,1.82194515806151,"20202163",122,2020,21,63,26.87454089,21.52249702,29.10362195,NA,NA,25.83355329,"Residential","Maintained_lawn","Maintained_lawn"
"1859",1859,1859,"21.063.100",2020,21,63,80,100,7.3,117,NA,2.773,NA,NA,100,1.25779321465731,NA,155,4.7,20,87.13,1.05,1.34106326818937,1.25779321465731,1.25779321465731,"20202163",122,2020,21,63,26.87454089,21.52249702,29.10362195,NA,NA,25.83355329,"Residential","Maintained_lawn","Maintained_lawn"
"1860",1860,1860,"22.064.10",2020,22,64,0,10,7.2,60,NA,3.068,NA,NA,35.5,2.9041987710864,NA,82,5.2,10,100.59,1.05,1.33006846785413,NA,1.33006846785413,"20202264",123,2020,22,64,21.95754033,18.36381112,17.48442698,NA,NA,19.26859281,"Residential","Maintained_lawn","Maintained_lawn"
"1861",1861,1861,"22.064.20",2020,22,64,10,20,7.2,40,NA,1.652,NA,NA,39,2.59036398987843,NA,73,2.8,10,89.72,1.05,1.38374728957565,2.59036398987843,2.59036398987843,"20202264",123,2020,22,64,21.95754033,18.36381112,17.48442698,NA,NA,19.26859281,"Residential","Maintained_lawn","Maintained_lawn"
"1862",1862,1862,"22.064.40",2020,22,64,20,40,7.5,31,16,0.885,NA,NA,20,1.29936838346499,NA,58,1.5,20,90.01,1.05,1.41379496722227,1.29936838346499,1.29936838346499,"20202264",123,2020,22,64,21.95754033,18.36381112,17.48442698,NA,NA,19.26859281,"Residential","Maintained_lawn","Maintained_lawn"
"1863",1863,1863,"22.064.60",2020,22,64,40,60,7.6,40,24,0.59,NA,NA,4.5,1.75005476199823,NA,39,1,20,121.23,1.05,1.42553814552782,1.75005476199823,1.75005476199823,"20202264",123,2020,22,64,21.95754033,18.36381112,17.48442698,NA,NA,19.26859281,"Residential","Maintained_lawn","Maintained_lawn"
"1864",1864,1864,"22.064.80",2020,22,64,60,80,7.7,45,20,0.531,NA,NA,9.5,1.70804651851547,NA,47,0.9,20,118.32,1.05,1.42789934706323,1.70804651851547,1.70804651851547,"20202264",123,2020,22,64,21.95754033,18.36381112,17.48442698,NA,NA,19.26859281,"Residential","Maintained_lawn","Maintained_lawn"
"1865",1865,1865,"22.064.100",2020,22,64,80,100,7.8,24,12,0.295,NA,NA,3.5,1.77228592865233,NA,38,0.5,20,122.77,1.05,1.43738628864155,1.77228592865233,1.77228592865233,"20202264",123,2020,22,64,21.95754033,18.36381112,17.48442698,NA,NA,19.26859281,"Residential","Maintained_lawn","Maintained_lawn"
"1866",1866,1866,"22.065.10",2020,22,65,0,10,6.6,76,NA,2.242,NA,NA,59.5,3.14903032073161,NA,136,3.8,10,109.07,1.05,1.36110215317286,NA,1.36110215317286,"20202265",124,2020,22,65,17.85904074,22.14299578,9.921689301,NA,NA,16.64124194,"Residential","Maintained_lawn","Maintained_lawn"
"1867",1867,1867,"22.065.20",2020,22,65,10,20,6.7,68,NA,1.652,NA,NA,42.5,2.06720978238181,NA,128,2.8,10,71.6,1.05,1.38374728957565,2.06720978238181,2.06720978238181,"20202265",124,2020,22,65,17.85904074,22.14299578,9.921689301,NA,NA,16.64124194,"Residential","Maintained_lawn","Maintained_lawn"
"1868",1868,1868,"22.065.40",2020,22,65,20,40,6.8,66,NA,1.357,NA,NA,38,1.12960311083363,NA,59,2.3,20,78.25,1.05,1.39522189078578,1.12960311083363,1.12960311083363,"20202265",124,2020,22,65,17.85904074,22.14299578,9.921689301,NA,NA,16.64124194,"Residential","Maintained_lawn","Maintained_lawn"
"1869",1869,1869,"22.065.60",2020,22,65,40,60,7.2,67,NA,0.885,NA,NA,18,1.32925053604551,NA,66,1.5,20,92.08,1.05,1.41379496722227,1.32925053604551,1.32925053604551,"20202265",124,2020,22,65,17.85904074,22.14299578,9.921689301,NA,NA,16.64124194,"Residential","Maintained_lawn","Maintained_lawn"
"1870",1870,1870,"22.065.80",2020,22,65,60,80,7.1,69,NA,1.18,NA,NA,15.5,1.21997135970032,NA,53,2,20,84.51,1.05,1.40215582382298,1.21997135970032,1.21997135970032,"20202265",124,2020,22,65,17.85904074,22.14299578,9.921689301,NA,NA,16.64124194,"Residential","Maintained_lawn","Maintained_lawn"
"1871",1871,1871,"22.065.100",2020,22,65,80,100,7.2,46,NA,0.59,NA,NA,7.5,1.35364707607501,NA,51,1,20,93.77,1.05,1.42553814552782,1.35364707607501,1.35364707607501,"20202265",124,2020,22,65,17.85904074,22.14299578,9.921689301,NA,NA,16.64124194,"Residential","Maintained_lawn","Maintained_lawn"
"1872",1872,1872,"22.066.10",2020,22,66,0,10,6.4,97,NA,3.304,NA,NA,107,1.79061942323072,NA,111,5.6,10,62.02,1.05,1.32134280063968,1.79061942323072,1.79061942323072,"20202266",125,2020,22,66,9.590966324,4.630121674,7.596175417,NA,NA,7.272421138,"Residential","Maintained_lawn","Maintained_lawn"
"1873",1873,1873,"22.066.20",2020,22,66,10,20,6.5,94,NA,2.183,NA,NA,94,2.58978655697832,NA,57,3.7,10,89.7,1.05,1.36334857388164,2.58978655697832,2.58978655697832,"20202266",125,2020,22,66,9.590966324,4.630121674,7.596175417,NA,NA,7.272421138,"Residential","Maintained_lawn","Maintained_lawn"
"1874",1874,1874,"22.066.40",2020,22,66,20,40,6.5,72,NA,1.298,NA,NA,38,0.952042494050839,NA,52,2.2,20,65.95,1.05,1.39752908950921,0.952042494050839,0.952042494050839,"20202266",125,2020,22,66,9.590966324,4.630121674,7.596175417,NA,NA,7.272421138,"Residential","Maintained_lawn","Maintained_lawn"
"1875",1875,1875,"22.066.60",2020,22,66,40,60,7.2,45,NA,1.003,NA,NA,22.5,1.13999690303555,NA,43,1.7,20,78.97,1.05,1.40912687747072,1.13999690303555,1.13999690303555,"20202266",125,2020,22,66,9.590966324,4.630121674,7.596175417,NA,NA,7.272421138,"Residential","Maintained_lawn","Maintained_lawn"
"1876",1876,1876,"22.066.80",2020,22,66,60,80,7.4,61,NA,1.298,NA,NA,26,1.26212396140811,NA,47,2.2,20,87.43,1.05,1.39752908950921,1.26212396140811,1.26212396140811,"20202266",125,2020,22,66,9.590966324,4.630121674,7.596175417,NA,NA,7.272421138,"Residential","Maintained_lawn","Maintained_lawn"
"1877",1877,1877,"22.066.100",2020,22,66,80,100,7.4,43.5,NA,0.531,NA,NA,8,1.41167908253573,NA,42,0.9,20,97.79,1.05,1.42789934706323,1.41167908253573,1.41167908253573,"20202266",125,2020,22,66,9.590966324,4.630121674,7.596175417,NA,NA,7.272421138,"Residential","Maintained_lawn","Maintained_lawn"
"1878",1878,1878,"23.067.10",2020,23,67,0,10,6,87,NA,2.95,NA,NA,92,2.39114963934164,NA,79,5,10,82.82,1.05,1.33445465081876,2.39114963934164,2.39114963934164,"20202367",126,2020,23,67,5.291567627,10.12823389,5.275121817,NA,NA,6.898307778,"Residential","Maintained_lawn","Maintained_lawn"
"1879",1879,1879,"23.067.20",2020,23,67,10,20,6.5,43,NA,2.419,NA,NA,70.5,2.22917971086172,NA,65,4.1,10,77.21,1.05,1.35438682945876,2.22917971086172,2.22917971086172,"20202367",126,2020,23,67,5.291567627,10.12823389,5.275121817,NA,NA,6.898307778,"Residential","Maintained_lawn","Maintained_lawn"
"1880",1880,1880,"23.067.40",2020,23,67,20,40,6.8,15,NA,1.947,NA,NA,37,1.27728157503591,NA,60,3.3,20,88.48,1.05,1.3723743438995,1.27728157503591,1.27728157503591,"20202367",126,2020,23,67,5.291567627,10.12823389,5.275121817,NA,NA,6.898307778,"Residential","Maintained_lawn","Maintained_lawn"
"1881",1881,1881,"23.067.60",2020,23,67,40,60,7.1,9,NA,2.95,NA,NA,12,0.870624455135801,NA,91,5,20,60.31,1.05,1.33445465081876,0.870624455135801,0.870624455135801,"20202367",126,2020,23,67,5.291567627,10.12823389,5.275121817,NA,NA,6.898307778,"Residential","Maintained_lawn","Maintained_lawn"
"1882",1882,1882,"23.067.80",2020,23,67,60,80,7.6,4,4,1.18,NA,NA,9,1.23469589865304,NA,64,2,20,85.53,1.05,1.40215582382298,1.23469589865304,1.23469589865304,"20202367",126,2020,23,67,5.291567627,10.12823389,5.275121817,NA,NA,6.898307778,"Residential","Maintained_lawn","Maintained_lawn"
"1883",1883,1883,"23.067.100",2020,23,67,80,100,7.9,7,2,0.177,NA,NA,7.5,1.75958240484999,NA,24,0.3,20,121.89,1.05,1.44215514591223,1.75958240484999,1.75958240484999,"20202367",126,2020,23,67,5.291567627,10.12823389,5.275121817,NA,NA,6.898307778,"Residential","Maintained_lawn","Maintained_lawn"
"1884",1884,1884,"23.068.10",2020,23,68,0,10,7.2,78,NA,3.363,NA,NA,129,2.42781662849841,NA,115,5.7,10,84.09,1.05,1.31917107241155,2.42781662849841,2.42781662849841,"20202368",127,2020,23,68,13.9263216,22.83496439,12.45543512,NA,NA,16.4055737,"Residential","Maintained_lawn","Maintained_lawn"
"1885",1885,1885,"23.068.20",2020,23,68,10,20,7.5,51,25,2.478,NA,NA,98.5,2.3319627670807,NA,61,4.2,10,80.77,1.05,1.35215634405769,2.3319627670807,2.3319627670807,"20202368",127,2020,23,68,13.9263216,22.83496439,12.45543512,NA,NA,16.4055737,"Residential","Maintained_lawn","Maintained_lawn"
"1886",1886,1886,"23.068.40",2020,23,68,20,40,7.8,8,27,1.652,NA,NA,82,1.07979952319944,NA,55,2.8,20,74.8,1.05,1.38374728957565,1.07979952319944,1.07979952319944,"20202368",127,2020,23,68,13.9263216,22.83496439,12.45543512,NA,NA,16.4055737,"Residential","Maintained_lawn","Maintained_lawn"
"1887",1887,1887,"23.068.60",2020,23,68,40,60,7.6,23,29,2.065,NA,NA,29.5,1.20827834347316,NA,55,3.5,20,83.7,1.05,1.36785342717879,1.20827834347316,1.20827834347316,"20202368",127,2020,23,68,13.9263216,22.83496439,12.45543512,NA,NA,16.4055737,"Residential","Maintained_lawn","Maintained_lawn"
"1888",1888,1888,"23.068.80",2020,23,68,60,80,7.5,36,24,1.239,NA,NA,13.5,1.19976120819659,NA,68,2.1,20,83.11,1.05,1.3998403980813,1.19976120819659,1.19976120819659,"20202368",127,2020,23,68,13.9263216,22.83496439,12.45543512,NA,NA,16.4055737,"Residential","Maintained_lawn","Maintained_lawn"
"1889",1889,1889,"23.068.100",2020,23,68,80,100,7.7,9,4,0.472,NA,NA,9.5,1.3459960901486,NA,44,0.8,20,93.24,1.05,1.43026475464334,1.3459960901486,1.3459960901486,"20202368",127,2020,23,68,13.9263216,22.83496439,12.45543512,NA,NA,16.4055737,"Residential","Maintained_lawn","Maintained_lawn"
"1890",1890,1890,"23.069.10",2020,23,69,0,10,NA,NA,NA,NA,NA,NA,20.5,0.880007739762534,NA,NA,NA,10,30.48,1.05,NA,0.880007739762534,0.880007739762534,"20202369",128,2020,23,69,22.14299578,28.99204838,30.44661919,NA,NA,27.19388778,"Residential","Garden_food_producing_raised_beds","Garden_food_producing_raised_beds"
"1891",1891,1891,"23.069.20",2020,23,69,10,20,7.2,82,NA,5.723,NA,NA,44.5,1.09712251020263,NA,504,9.7,10,38,1.05,1.23539652220483,1.09712251020263,1.09712251020263,"20202369",128,2020,23,69,22.14299578,28.99204838,30.44661919,NA,NA,27.19388778,"Residential","Garden_food_producing_raised_beds","Garden_food_producing_raised_beds"
"1892",1892,1892,"23.069.40",2020,23,69,20,40,7.4,80,NA,1.18,NA,NA,25.5,1.27482748521046,NA,107,2,20,88.31,1.05,1.40215582382298,1.27482748521046,1.27482748521046,"20202369",128,2020,23,69,22.14299578,28.99204838,30.44661919,NA,NA,27.19388778,"Residential","Garden_food_producing_raised_beds","Garden_food_producing_raised_beds"
"1893",1893,1893,"23.069.60",2020,23,69,40,60,7.3,59,NA,0.649,NA,NA,10,1.33675716374689,NA,54,1.1,20,92.6,1.05,1.42318114255814,1.33675716374689,1.33675716374689,"20202369",128,2020,23,69,22.14299578,28.99204838,30.44661919,NA,NA,27.19388778,"Residential","Garden_food_producing_raised_beds","Garden_food_producing_raised_beds"
"1894",1894,1894,"23.069.80",2020,23,69,60,80,7.2,50,NA,0.295,NA,NA,7.5,1.35927704685105,NA,34,0.5,20,94.16,1.05,1.43738628864155,1.35927704685105,1.35927704685105,"20202369",128,2020,23,69,22.14299578,28.99204838,30.44661919,NA,NA,27.19388778,"Residential","Garden_food_producing_raised_beds","Garden_food_producing_raised_beds"
"1895",1895,1895,"23.069.100",2020,23,69,80,100,7.4,66,NA,0.531,NA,NA,4,1.11978675153182,NA,60,0.9,20,77.57,1.05,1.42789934706323,1.11978675153182,1.11978675153182,"20202369",128,2020,23,69,22.14299578,28.99204838,30.44661919,NA,NA,27.19388778,"Residential","Garden_food_producing_raised_beds","Garden_food_producing_raised_beds"
"1896",1896,1896,"24.070.10",2020,24,70,0,10,6.7,31,NA,3.481,NA,NA,36,2.49826344231142,NA,105,5.9,10,86.53,1.05,1.31483919405115,2.49826344231142,2.49826344231142,"20202470",129,2020,24,70,15.96853141,10.49786754,7.611654798,NA,NA,11.35935125,"Residential","Maintained_lawn","Maintained_lawn"
"1897",1897,1897,"24.070.20",2020,24,70,10,20,6.8,24,NA,2.773,NA,NA,34,2.6047998123811,NA,64,4.7,10,90.22,1.05,1.34106326818937,NA,1.34106326818937,"20202470",129,2020,24,70,15.96853141,10.49786754,7.611654798,NA,NA,11.35935125,"Residential","Maintained_lawn","Maintained_lawn"
"1898",1898,1898,"24.070.40",2020,24,70,20,40,7.2,29,NA,1.18,NA,NA,22.5,1.38049770592997,NA,34,2,20,95.63,1.05,1.40215582382298,1.38049770592997,1.38049770592997,"20202470",129,2020,24,70,15.96853141,10.49786754,7.611654798,NA,NA,11.35935125,"Residential","Maintained_lawn","Maintained_lawn"
"1899",1899,1899,"24.070.60",2020,24,70,40,60,7.3,70,NA,1.003,NA,NA,11.5,1.09250304700178,NA,32,1.7,20,75.68,1.05,1.40912687747072,1.09250304700178,1.09250304700178,"20202470",129,2020,24,70,15.96853141,10.49786754,7.611654798,NA,NA,11.35935125,"Residential","Maintained_lawn","Maintained_lawn"
"1900",1900,1900,"24.070.80",2020,24,70,60,80,7.5,97,57.5,0.531,NA,NA,7.5,1.29171739753858,NA,38,0.9,20,89.48,1.05,1.42789934706323,1.29171739753858,1.29171739753858,"20202470",129,2020,24,70,15.96853141,10.49786754,7.611654798,NA,NA,11.35935125,"Residential","Maintained_lawn","Maintained_lawn"
"1901",1901,1901,"24.070.100",2020,24,70,80,100,7.5,83,61,0.59,NA,NA,11,1.17420980236687,NA,48,1,20,81.34,1.05,1.42553814552782,1.17420980236687,1.17420980236687,"20202470",129,2020,24,70,15.96853141,10.49786754,7.611654798,NA,NA,11.35935125,"Residential","Maintained_lawn","Maintained_lawn"
"1902",1902,1902,"24.071.10",2020,24,71,0,10,6.6,28,NA,2.36,NA,NA,96,2.6481072798891,NA,117,4,10,91.72,1.05,1.35662128805787,NA,1.35662128805787,"20202471",130,2020,24,71,28.97972278,30.40769909,42.57077872,NA,NA,33.98606686,"Residential","Garden_non_food_producing","Garden_non_food_producing"
"1903",1903,1903,"24.071.20",2020,24,71,10,20,6.8,25,NA,1.475,NA,NA,82.5,2.63338274093638,NA,76,2.5,10,91.21,1.05,1.39061979366621,NA,1.39061979366621,"20202471",130,2020,24,71,28.97972278,30.40769909,42.57077872,NA,NA,33.98606686,"Residential","Garden_non_food_producing","Garden_non_food_producing"
"1904",1904,1904,"24.071.40",2020,24,71,20,40,7,32,NA,0.531,NA,NA,21,1.28810844191291,NA,53,0.9,20,89.23,1.05,1.42789934706323,1.28810844191291,1.28810844191291,"20202471",130,2020,24,71,28.97972278,30.40769909,42.57077872,NA,NA,33.98606686,"Residential","Garden_non_food_producing","Garden_non_food_producing"
"1905",1905,1905,"24.071.60",2020,24,71,40,60,6.9,16,NA,0.708,NA,NA,33,1.19398687919553,NA,60,1.2,20,82.71,1.05,1.42082833068852,1.19398687919553,1.19398687919553,"20202471",130,2020,24,71,28.97972278,30.40769909,42.57077872,NA,NA,33.98606686,"Residential","Garden_non_food_producing","Garden_non_food_producing"
"1906",1906,1906,"24.071.80",2020,24,71,60,80,7,11,NA,0.944,NA,NA,40,1.10708322772947,NA,56,1.6,20,76.69,1.05,1.41145884536132,1.10708322772947,1.10708322772947,"20202471",130,2020,24,71,28.97972278,30.40769909,42.57077872,NA,NA,33.98606686,"Residential","Garden_non_food_producing","Garden_non_food_producing"
"1907",1907,1907,"24.071.100",2020,24,71,80,100,7,20,NA,0.649,NA,NA,12,1.38843740830644,NA,51,1.1,20,96.18,1.05,1.42318114255814,1.38843740830644,1.38843740830644,"20202471",130,2020,24,71,28.97972278,30.40769909,42.57077872,NA,NA,33.98606686,"Residential","Garden_non_food_producing","Garden_non_food_producing"
"1908",1908,1908,"24.072.10",2020,24,72,0,10,6.9,113,NA,8.555,NA,NA,89,1.54925247098614,NA,143,14.5,10,53.66,1.05,1.14243036089307,1.54925247098614,1.54925247098614,"20202472",131,2020,24,72,90.69092062,68.34111766,66.13656548,NA,NA,75.05620125,"Residential","Garden_food_producing_raised_beds","Garden_food_producing_raised_beds"
"1909",1909,1909,"24.072.20",2020,24,72,10,20,7,128,NA,7.257,NA,NA,66,2.5355078643683,NA,136,12.3,10,87.82,1.05,1.18405533526912,2.5355078643683,2.5355078643683,"20202472",131,2020,24,72,90.69092062,68.34111766,66.13656548,NA,NA,75.05620125,"Residential","Garden_food_producing_raised_beds","Garden_food_producing_raised_beds"
"1910",1910,1910,"24.072.40",2020,24,72,20,40,NA,NA,NA,NA,NA,NA,62.5,0.223755248791327,NA,NA,NA,20,15.5,1.05,NA,0.223755248791327,0.223755248791327,"20202472",131,2020,24,72,90.69092062,68.34111766,66.13656548,NA,NA,75.05620125,"Residential","Garden_food_producing_raised_beds","Garden_food_producing_raised_beds"
"1911",1911,1911,"24.027.60",2020,24,72,40,60,7.2,72,NA,2.655,NA,NA,124,1.28334462048703,NA,117,4.5,20,88.9,1.05,1.34548865645613,1.28334462048703,1.28334462048703,"20202472",131,2020,24,72,90.69092062,68.34111766,66.13656548,NA,NA,75.05620125,"Residential","Garden_food_producing_raised_beds","Garden_food_producing_raised_beds"
"1912",1912,1912,"24.027.80",2020,24,72,60,80,7.3,80,NA,1.0325,NA,NA,20.5,1.84995065371668,NA,108,1.75,20,128.15,1.05,1.40796244895555,1.84995065371668,1.84995065371668,"20202472",131,2020,24,72,90.69092062,68.34111766,66.13656548,NA,NA,75.05620125,"Residential","Garden_food_producing_raised_beds","Garden_food_producing_raised_beds"
"1913",1913,1913,"24.027.100",2020,24,72,80,100,6.9,66,NA,1.062,NA,NA,32,1.67888615706008,NA,63,1.8,20,116.3,1.05,1.40679905616411,1.67888615706008,1.67888615706008,"20202472",131,2020,24,72,90.69092062,68.34111766,66.13656548,NA,NA,75.05620125,"Residential","Garden_food_producing_raised_beds","Garden_food_producing_raised_beds"
"1914",1914,1914,"25.073.10",2020,25,73,0,10,7.1,68,NA,4.071,NA,NA,148,2.76503744216069,NA,112,6.9,10,95.77,1.05,1.29340958755451,NA,1.29340958755451,"20202573",132,2020,25,73,12.32162056,21.52249702,14.55181097,NA,NA,16.13197618,"Residential","Maintained_lawn","Maintained_lawn"
"1915",1915,1915,"25.073.20",2020,25,73,10,20,7.3,75,NA,3.068,NA,NA,143,1.95027962011021,NA,78,5.2,10,67.55,1.05,1.33006846785413,1.95027962011021,1.95027962011021,"20202573",132,2020,25,73,12.32162056,21.52249702,14.55181097,NA,NA,16.13197618,"Residential","Maintained_lawn","Maintained_lawn"
"1916",1916,1916,"25.073.40",2020,25,73,20,40,7.3,43,NA,2.36,NA,NA,59.5,1.08210925479986,NA,55,4,20,74.96,1.05,1.35662128805787,1.08210925479986,1.08210925479986,"20202573",132,2020,25,73,12.32162056,21.52249702,14.55181097,NA,NA,16.13197618,"Residential","Maintained_lawn","Maintained_lawn"
"1917",1917,1917,"25.073.60",2020,25,73,40,60,7.2,32,NA,2.301,NA,NA,12.5,1.12714902100818,NA,38,3.9,20,78.08,1.05,1.35885972693253,1.12714902100818,1.12714902100818,"20202573",132,2020,25,73,12.32162056,21.52249702,14.55181097,NA,NA,16.13197618,"Residential","Maintained_lawn","Maintained_lawn"
"1918",1918,1918,"25.073.80",2020,25,73,60,80,6.9,20,NA,1.357,NA,NA,11.5,1.04111151889229,NA,38.5,2.3,20,72.12,1.05,1.39522189078578,1.04111151889229,1.04111151889229,"20202573",132,2020,25,73,12.32162056,21.52249702,14.55181097,NA,NA,16.13197618,"Residential","Maintained_lawn","Maintained_lawn"
"1919",1919,1919,"25.073.100",2020,25,73,80,100,6.7,29,NA,1.357,NA,NA,0,0.298965884030218,NA,49,2.3,20,20.71,1.05,1.39522189078578,0.298965884030218,0.298965884030218,"20202573",132,2020,25,73,12.32162056,21.52249702,14.55181097,NA,NA,16.13197618,"Residential","Maintained_lawn","Maintained_lawn"
"1920",1920,1920,"25.074.10",2020,25,74,0,10,6.1,91,NA,3.953,NA,NA,370.5,2.77687481661288,NA,279,6.7,10,96.18,1.05,1.29766505214006,NA,1.29766505214006,"20202574",133,2020,25,74,3.071466569,1.290489094,6.701381605,NA,NA,3.687779089,"Residential","Maintained_lawn","Maintained_lawn"
"1921",1921,1921,"25.074.20",2020,25,74,10,20,6.4,127,NA,3.304,NA,NA,210,1.74355864187203,NA,190,5.6,10,60.39,1.05,1.32134280063968,1.74355864187203,1.74355864187203,"20202574",133,2020,25,74,3.071466569,1.290489094,6.701381605,NA,NA,3.687779089,"Residential","Maintained_lawn","Maintained_lawn"
"1922",1922,1922,"25.074.40",2020,25,74,20,40,6.6,49,NA,2.596,NA,NA,73,1.03692513036652,NA,79,4.4,20,71.83,1.05,1.34770726460248,1.03692513036652,1.03692513036652,"20202574",133,2020,25,74,3.071466569,1.290489094,6.701381605,NA,NA,3.687779089,"Residential","Maintained_lawn","Maintained_lawn"
"1923",1923,1923,"25.074.60",2020,25,74,40,60,6.3,54,NA,2.301,NA,NA,16,0.808983493049416,NA,62,3.9,20,56.04,1.05,1.35885972693253,0.808983493049416,0.808983493049416,"20202574",133,2020,25,74,3.071466569,1.290489094,6.701381605,NA,NA,3.687779089,"Residential","Maintained_lawn","Maintained_lawn"
"1924",1924,1924,"25.074.80",2020,25,74,60,80,5.8,17,NA,0.944,NA,NA,11.5,0.850558661857095,NA,45,1.6,20,58.92,1.05,1.41145884536132,0.850558661857095,0.850558661857095,"20202574",133,2020,25,74,3.071466569,1.290489094,6.701381605,NA,NA,3.687779089,"Residential","Maintained_lawn","Maintained_lawn"
"1925",1925,1925,"25.074.100",2020,25,74,80,100,5.6,19,NA,0.708,NA,NA,0,0.548561255101317,NA,36,1.2,20,38,1.05,1.42082833068852,0.548561255101317,0.548561255101317,"20202574",133,2020,25,74,3.071466569,1.290489094,6.701381605,NA,NA,3.687779089,"Residential","Maintained_lawn","Maintained_lawn"
"1926",1926,1926,"25.075.10",2020,25,75,0,10,7.2,117,NA,7.788,NA,NA,20,1.39883120050836,NA,324,13.2,10,48.45,1.05,1.16682972025883,1.39883120050836,1.39883120050836,"20202575",134,2020,25,75,175.6603226,39.48314795,48.77330041,NA,NA,87.97225699,"Residential","Garden_food_producing_raised_beds","Garden_food_producing_raised_beds"
"1927",1927,1927,"25.075.20",2020,25,75,10,20,7.3,98,NA,6.313,NA,NA,135,1.8804102391973,NA,150,10.7,10,65.13,1.05,1.21536827418019,1.8804102391973,1.8804102391973,"20202575",134,2020,25,75,175.6603226,39.48314795,48.77330041,NA,NA,87.97225699,"Residential","Garden_food_producing_raised_beds","Garden_food_producing_raised_beds"
"1928",1928,1928,"25.075.40",2020,25,75,20,40,7.2,136,NA,4.366,NA,NA,199,0.901950189966587,NA,140,7.4,20,62.48,1.05,1.2828369596558,0.901950189966587,0.901950189966587,"20202575",134,2020,25,75,175.6603226,39.48314795,48.77330041,NA,NA,87.97225699,"Residential","Garden_food_producing_raised_beds","Garden_food_producing_raised_beds"
"1929",1929,1929,"25.075.60",2020,25,75,40,60,7.1,135,NA,2.419,NA,NA,196,1.15140120281266,NA,129,4.1,20,79.76,1.05,1.35438682945876,1.15140120281266,1.15140120281266,"20202575",134,2020,25,75,175.6603226,39.48314795,48.77330041,NA,NA,87.97225699,"Residential","Garden_food_producing_raised_beds","Garden_food_producing_raised_beds"
"1930",1930,1930,"25.075.80",2020,25,75,60,80,7,96,NA,2.537,NA,NA,54.5,0.925336222420906,NA,60,4.3,20,64.1,1.05,1.34992982478972,0.925336222420906,0.925336222420906,"20202575",134,2020,25,75,175.6603226,39.48314795,48.77330041,NA,NA,87.97225699,"Residential","Garden_food_producing_raised_beds","Garden_food_producing_raised_beds"
"1931",1931,1931,"25.075.100",2020,25,75,80,100,7.2,87,NA,3.127,NA,NA,46,0.582918512657663,NA,88,5.3,20,40.38,1.05,1.32788122409851,0.582918512657663,0.582918512657663,"20202575",134,2020,25,75,175.6603226,39.48314795,48.77330041,NA,NA,87.97225699,"Residential","Garden_food_producing_raised_beds","Garden_food_producing_raised_beds"
"1932",1932,1932,"26.076.10",2020,26,76,0,10,7,164,NA,2.832,NA,NA,1419.5,2.58949784052827,NA,192,4.8,10,89.69,1.05,1.33885647405179,2.58949784052827,2.58949784052827,"20202676",135,2020,26,76,23.61402729,17.99118407,9.687560652,NA,NA,17.09759067,"Residential","Garden_non_food_producing","Garden"
"1933",1933,1933,"26.076.20",2020,26,76,10,20,6.9,217,NA,2.891,NA,NA,1346,2.84327960012514,NA,205,4.9,10,98.48,1.05,1.33665360392074,NA,1.33665360392074,"20202676",135,2020,26,76,23.61402729,17.99118407,9.687560652,NA,NA,17.09759067,"Residential","Garden_non_food_producing","Garden"
"1934",1934,1934,"26.076.40",2020,26,76,20,40,7.1,157,NA,2.183,NA,NA,213.5,1.369815197278,NA,154,3.7,20,94.89,1.05,1.36334857388164,1.369815197278,1.369815197278,"20202676",135,2020,26,76,23.61402729,17.99118407,9.687560652,NA,NA,17.09759067,"Residential","Garden_non_food_producing","Garden"
"1935",1935,1935,"26.076.60",2020,26,76,40,60,7.1,232,NA,1.888,NA,NA,67,1.09019331540135,NA,113,3.2,20,75.52,1.05,1.3746408439354,1.09019331540135,1.09019331540135,"20202676",135,2020,26,76,23.61402729,17.99118407,9.687560652,NA,NA,17.09759067,"Residential","Garden_non_food_producing","Garden"
"1936",1936,1936,"26.076.80",2020,26,76,60,80,7,136,NA,1.298,NA,NA,30.5,1.43867407061572,NA,92,2.2,20,99.66,1.05,1.39752908950921,1.43867407061572,1.43867407061572,"20202676",135,2020,26,76,23.61402729,17.99118407,9.687560652,NA,NA,17.09759067,"Residential","Garden_non_food_producing","Garden"
"1937",1937,1937,"26.076.100",2020,26,76,80,100,6.9,42,NA,0.472,NA,NA,11.5,1.41124600786065,NA,45,0.8,20,97.76,1.05,1.43026475464334,1.41124600786065,1.41124600786065,"20202676",135,2020,26,76,23.61402729,17.99118407,9.687560652,NA,NA,17.09759067,"Residential","Garden_non_food_producing","Garden"
"1938",1938,1938,"26.077.10",2020,26,77,0,10,6.8,251,NA,4.779,NA,NA,262,2.70209725604907,NA,306,8.1,10,93.59,1.05,1.26819245132668,NA,1.26819245132668,"20202677",136,2020,26,77,19.60774552,14.53134098,4.293292263,NA,NA,12.81079292,"Residential","Maintained_lawn","Maintained_lawn"
"1939",1939,1939,"26.077.20",2020,26,77,10,20,6.9,173,NA,3.304,NA,NA,161.5,2.72490585560328,NA,258,5.6,10,94.38,1.05,1.32134280063968,NA,1.32134280063968,"20202677",136,2020,26,77,19.60774552,14.53134098,4.293292263,NA,NA,12.81079292,"Residential","Maintained_lawn","Maintained_lawn"
"1940",1940,1940,"26.077.40",2020,26,77,20,40,7.1,154,NA,1.888,NA,NA,102.5,1.19413123742055,NA,233,3.2,20,82.72,1.05,1.3746408439354,1.19413123742055,1.19413123742055,"20202677",136,2020,26,77,19.60774552,14.53134098,4.293292263,NA,NA,12.81079292,"Residential","Maintained_lawn","Maintained_lawn"
"1941",1941,1941,"26.077.60",2020,26,77,40,60,7.2,105,NA,0.885,NA,NA,14,1.17709696686741,NA,127,1.5,20,81.54,1.05,1.41379496722227,1.17709696686741,1.17709696686741,"20202677",136,2020,26,77,19.60774552,14.53134098,4.293292263,NA,NA,12.81079292,"Residential","Maintained_lawn","Maintained_lawn"
"1942",1942,1942,"26.077.80",2020,26,77,60,80,7.3,80,NA,0.59,NA,NA,12,1.48328076214896,NA,92,1,20,102.75,1.05,1.42553814552782,1.48328076214896,1.48328076214896,"20202677",136,2020,26,77,19.60774552,14.53134098,4.293292263,NA,NA,12.81079292,"Residential","Maintained_lawn","Maintained_lawn"
"1943",1943,1943,"26.077.100",2020,26,77,80,100,7.3,47,NA,0.236,NA,NA,0,1.3091847427668,NA,51,0.4,20,90.69,1.05,1.43976859545696,1.3091847427668,1.3091847427668,"20202677",136,2020,26,77,19.60774552,14.53134098,4.293292263,NA,NA,12.81079292,"Residential","Maintained_lawn","Maintained_lawn"
"1944",1944,1944,"26.078.10",2020,26,78,0,10,6.9,215,NA,5.723,NA,NA,204,1.47303132817206,NA,544,9.7,10,51.02,1.05,1.23539652220483,1.47303132817206,1.47303132817206,"20202678",137,2020,26,78,20.38914459,20.54144769,19.60774552,NA,NA,20.17944593,"Residential","Garden_food_producing_raised_beds","Garden_food_producing_raised_beds"
"1945",1945,1945,"26.078.20",2020,26,78,10,20,6.9,231,NA,4.838,NA,NA,290,2.54503550722006,NA,416,8.2,10,88.15,1.05,1.26611523228456,2.54503550722006,2.54503550722006,"20202678",137,2020,26,78,20.38914459,20.54144769,19.60774552,NA,NA,20.17944593,"Residential","Garden_food_producing_raised_beds","Garden_food_producing_raised_beds"
"1946",1946,1946,"26.078.40",2020,26,78,20,40,6.9,99,NA,5.959,NA,NA,208.5,0.600385857885889,NA,392,10.1,20,41.59,1.05,1.22734242402403,0.600385857885889,0.600385857885889,"20202678",137,2020,26,78,20.38914459,20.54144769,19.60774552,NA,NA,20.17944593,"Residential","Garden_food_producing_raised_beds","Garden_food_producing_raised_beds"
"1947",1947,1947,"26.078.60",2020,26,78,40,60,6.4,133,NA,2.95,NA,NA,45,1.02682005461465,NA,336,5,20,71.13,1.05,1.33445465081876,1.02682005461465,1.02682005461465,"20202678",137,2020,26,78,20.38914459,20.54144769,19.60774552,NA,NA,20.17944593,"Residential","Garden_food_producing_raised_beds","Garden_food_producing_raised_beds"
"1948",1948,1948,"26.078.80",2020,26,78,60,80,6.3,138,NA,2.242,NA,NA,32.5,1.37443466047885,NA,460,3.8,20,95.21,1.05,1.36110215317286,1.37443466047885,1.37443466047885,"20202678",137,2020,26,78,20.38914459,20.54144769,19.60774552,NA,NA,20.17944593,"Residential","Garden_food_producing_raised_beds","Garden_food_producing_raised_beds"
"1949",1949,1949,"26.078.100",2020,26,78,80,100,6.3,46,NA,1.829,NA,NA,22.5,1.3221769830192,NA,464,3.1,20,91.59,1.05,1.37691138132277,1.3221769830192,1.3221769830192,"20202678",137,2020,26,78,20.38914459,20.54144769,19.60774552,NA,NA,20.17944593,"Residential","Garden_food_producing_raised_beds","Garden_food_producing_raised_beds"
"1950",1950,1950,"27.079.10",2020,27,79,0,10,6.9,39,NA,3.835,NA,NA,33,3.02343866495842,NA,105,6.5,10,104.72,1.05,1.3019356908779,NA,1.3019356908779,"20202779",138,2020,27,79,14.55556359,29.08384634,10.47018468,NA,NA,18.03653154,"Residential","Garden_non_food_producing","Garden_non_food_producing"
"1951",1951,1951,"27.079.20",2020,27,79,10,20,7.2,29,NA,2.183,NA,NA,26.5,2.44629448130182,NA,80,3.7,10,84.73,1.05,1.36334857388164,2.44629448130182,2.44629448130182,"20202779",138,2020,27,79,14.55556359,29.08384634,10.47018468,NA,NA,18.03653154,"Residential","Garden_non_food_producing","Garden_non_food_producing"
"1952",1952,1952,"27.079.40",2020,27,79,20,40,7.3,18,NA,1.357,NA,NA,22.5,1.21621804584963,NA,68,2.3,20,84.25,1.05,1.39522189078578,1.21621804584963,1.21621804584963,"20202779",138,2020,27,79,14.55556359,29.08384634,10.47018468,NA,NA,18.03653154,"Residential","Garden_non_food_producing","Garden_non_food_producing"
"1953",1953,1953,"27.079.60",2020,27,79,40,60,7.2,26,NA,1.475,NA,NA,7.5,1.18980049066975,NA,75,2.5,20,82.42,1.05,1.39061979366621,1.18980049066975,1.18980049066975,"20202779",138,2020,27,79,14.55556359,29.08384634,10.47018468,NA,NA,18.03653154,"Residential","Garden_non_food_producing","Garden_non_food_producing"
"1954",1954,1954,"27.079.80",2020,27,79,60,80,7.4,27,NA,0.944,NA,NA,10,1.24725506423036,NA,64,1.6,20,86.4,1.05,1.41145884536132,1.24725506423036,1.24725506423036,"20202779",138,2020,27,79,14.55556359,29.08384634,10.47018468,NA,NA,18.03653154,"Residential","Garden_non_food_producing","Garden_non_food_producing"
"1955",1955,1955,"27.079.100",2020,27,79,80,100,7.7,16,6,0.472,NA,NA,4.5,1.21058807507359,NA,39,0.8,20,83.86,1.05,1.43026475464334,1.21058807507359,1.21058807507359,"20202779",138,2020,27,79,14.55556359,29.08384634,10.47018468,NA,NA,18.03653154,"Residential","Garden_non_food_producing","Garden_non_food_producing"
"1956",1956,1956,"27.080.10",2020,27,80,0,10,6.5,21,NA,3.481,NA,NA,108,2.7352996478052,NA,60,5.9,10,94.74,1.05,1.31483919405115,NA,1.31483919405115,"20202780",139,2020,27,80,13.9263216,11.63353854,NA,NA,NA,12.77993007,"Residential","Maintained_lawn","Maintained_lawn"
"1957",1957,1957,"27.080.20",2020,27,80,10,20,6.5,21,NA,2.478,NA,NA,91.5,2.18067534725276,NA,61,4.2,10,75.53,1.05,1.35215634405769,2.18067534725276,2.18067534725276,"20202780",139,2020,27,80,13.9263216,11.63353854,NA,NA,NA,12.77993007,"Residential","Maintained_lawn","Maintained_lawn"
"1958",1958,1958,"27.080.40",2020,27,80,20,40,6.4,12,NA,1.298,NA,NA,15.5,1.22127058372556,NA,58,2.2,20,84.6,1.05,1.39752908950921,1.22127058372556,1.22127058372556,"20202780",139,2020,27,80,13.9263216,11.63353854,NA,NA,NA,12.77993007,"Residential","Maintained_lawn","Maintained_lawn"
"1959",1959,1959,"27.080.60",2020,27,80,40,60,6.5,16,NA,1.5635,NA,NA,28,1.18417051989371,NA,57.5,2.65,20,82.03,1.05,1.38717895492106,1.18417051989371,1.18417051989371,"20202780",139,2020,27,80,13.9263216,11.63353854,NA,NA,NA,12.77993007,"Residential","Maintained_lawn","Maintained_lawn"
"1960",1960,1960,"27.080.80",2020,27,80,60,80,6.8,22,NA,1.711,NA,NA,112.5,0.981202855506225,NA,55,2.9,20,67.97,1.05,1.38146459693187,0.981202855506225,0.981202855506225,"20202780",139,2020,27,80,13.9263216,11.63353854,NA,NA,NA,12.77993007,"Residential","Maintained_lawn","Maintained_lawn"
"1961",1961,1961,"27.080.100",2020,27,80,80,100,6.9,23,NA,1.416,NA,NA,8,1.31163883259225,NA,60,2.4,20,90.86,1.05,1.39291879460309,1.31163883259225,1.31163883259225,"20202780",139,2020,27,80,13.9263216,11.63353854,NA,NA,NA,12.77993007,"Residential","Maintained_lawn","Maintained_lawn"
"1962",1962,1962,"27.081.10",2020,27,81,0,10,7.1,142,NA,7.08,NA,NA,99.5,2.23206687536225,NA,166,12,10,77.31,1.05,1.18985879424156,2.23206687536225,2.23206687536225,"20202781",140,2020,27,81,1.15328103,1.163353854,1.066407699,NA,NA,1.127680861,"Residential","Garden_non_food_producing","Garden"
"1963",1963,1963,"27.081.20",2020,27,81,10,20,6.9,120,NA,5.605,NA,NA,99,2.40876134279489,NA,237,9.5,10,83.43,1.05,1.23944512357454,2.40876134279489,2.40876134279489,"20202781",140,2020,27,81,1.15328103,1.163353854,1.066407699,NA,NA,1.127680861,"Residential","Garden_non_food_producing","Garden"
"1964",1964,1964,"27.081.40",2020,27,81,20,40,6.9,113,NA,3.304,NA,NA,173,1.22747798740171,NA,128,5.6,20,85.03,1.05,1.32134280063968,1.22747798740171,1.22747798740171,"20202781",140,2020,27,81,1.15328103,1.163353854,1.066407699,NA,NA,1.127680861,"Residential","Garden_non_food_producing","Garden"
"1965",1965,1965,"27.081.60",2020,27,81,40,60,7,59,NA,2.183,NA,NA,74.5,1.23902664540384,NA,58,3.7,20,85.83,1.05,1.36334857388164,1.23902664540384,1.23902664540384,"20202781",140,2020,27,81,1.15328103,1.163353854,1.066407699,NA,NA,1.127680861,"Residential","Garden_non_food_producing","Garden"
"1966",1966,1966,"27.081.80",2020,27,81,60,80,6.8,50,NA,1.593,NA,NA,50.5,0.828616211653042,NA,67,2.7,20,57.4,1.05,1.38603404841503,0.828616211653042,0.828616211653042,"20202781",140,2020,27,81,1.15328103,1.163353854,1.066407699,NA,NA,1.127680861,"Residential","Garden_non_food_producing","Garden"
"1967",1967,1967,"27.081.100",2020,27,81,80,100,7.1,51,NA,1.475,NA,NA,32,1.16410472661501,NA,74,2.5,20,80.64,1.05,1.39061979366621,1.16410472661501,1.16410472661501,"20202781",140,2020,27,81,1.15328103,1.163353854,1.066407699,NA,NA,1.127680861,"Residential","Garden_non_food_producing","Garden"
"1968",1968,1968,"28.082.10",2020,28,82,0,10,6.4,40,NA,3.54,NA,NA,62.5,3.0563523402645,NA,72,6,10,105.86,1.05,1.31267903019791,NA,1.31267903019791,"20202882",141,2020,28,82,46.68510839,26.1436607,12.59744104,NA,NA,28.47540338,"Residential","Maintained_lawn","Maintained_lawn"
"1969",1969,1969,"28.082.20",2020,28,82,10,20,6.4,29,NA,3.009,NA,NA,60,2.00340344692002,NA,53,5.1,10,69.39,1.05,1.33225960778078,2.00340344692002,2.00340344692002,"20202882",141,2020,28,82,46.68510839,26.1436607,12.59744104,NA,NA,28.47540338,"Residential","Maintained_lawn","Maintained_lawn"
"1970",1970,1970,"28.082.40",2020,28,82,20,40,6.6,24,NA,2.006,NA,NA,29,1.04905122126876,NA,46,3.4,20,72.67,1.05,1.37011187403604,1.04905122126876,1.04905122126876,"20202882",141,2020,28,82,46.68510839,26.1436607,12.59744104,NA,NA,28.47540338,"Residential","Maintained_lawn","Maintained_lawn"
"1971",1971,1971,"28.082.60",2020,28,82,40,60,6.7,23,NA,1.239,NA,NA,11,1.12700466278315,NA,29,2.1,20,78.07,1.05,1.3998403980813,1.12700466278315,1.12700466278315,"20202882",141,2020,28,82,46.68510839,26.1436607,12.59744104,NA,NA,28.47540338,"Residential","Maintained_lawn","Maintained_lawn"
"1972",1972,1972,"28.082.80",2020,28,82,60,80,6.8,24,NA,0.767,NA,NA,5.5,1.21318652312407,NA,38,1.3,20,84.04,1.05,1.41847970246656,1.21318652312407,1.21318652312407,"20202882",141,2020,28,82,46.68510839,26.1436607,12.59744104,NA,NA,28.47540338,"Residential","Maintained_lawn","Maintained_lawn"
"1973",1973,1973,"28.082.100",2020,28,82,80,100,6.8,24,NA,0.649,NA,NA,9.5,1.09928788357803,NA,37,1.1,20,76.15,1.05,1.42318114255814,1.09928788357803,1.09928788357803,"20202882",141,2020,28,82,46.68510839,26.1436607,12.59744104,NA,NA,28.47540338,"Residential","Maintained_lawn","Maintained_lawn"
"1974",1974,1974,"28.083.10",2020,28,83,0,10,5.5,63,NA,3.54,NA,NA,69,2.54272577561963,NA,95,6,10,88.07,1.05,1.31267903019791,2.54272577561963,2.54272577561963,"20202883",142,2020,28,83,17.2734901,19.60774552,16.80663902,NA,NA,17.89595821,"Residential","Maintained_lawn","Maintained_lawn"
"1975",1975,1975,"28.083.20",2020,28,83,10,20,5.7,44,NA,3.009,NA,NA,65.5,2.1148479966406,NA,73,5.1,10,73.25,1.05,1.33225960778078,2.1148479966406,2.1148479966406,"20202883",142,2020,28,83,17.2734901,19.60774552,16.80663902,NA,NA,17.89595821,"Residential","Maintained_lawn","Maintained_lawn"
"1976",1976,1976,"28.083.40",2020,28,83,20,40,5.9,28,NA,2.242,NA,NA,34,1.0011242905599,NA,58,3.8,20,69.35,1.05,1.36110215317286,1.0011242905599,1.0011242905599,"20202883",142,2020,28,83,17.2734901,19.60774552,16.80663902,NA,NA,17.89595821,"Residential","Maintained_lawn","Maintained_lawn"
"1977",1977,1977,"28.083.60",2020,28,83,40,60,5.9,42,NA,1.062,NA,NA,13,1.1245505729577,NA,44,1.8,20,77.9,1.05,1.40679905616411,1.1245505729577,1.1245505729577,"20202883",142,2020,28,83,17.2734901,19.60774552,16.80663902,NA,NA,17.89595821,"Residential","Maintained_lawn","Maintained_lawn"
"1978",1978,1978,"28.083.80",2020,28,83,60,80,5.5,42,NA,1.121,NA,NA,20.5,1.13162412598401,NA,41,1.9,20,78.39,1.05,1.40447537406824,1.13162412598401,1.13162412598401,"20202883",142,2020,28,83,17.2734901,19.60774552,16.80663902,NA,NA,17.89595821,"Residential","Maintained_lawn","Maintained_lawn"
"1979",1979,1979,"28.083.100",2020,28,83,80,100,5.6,28,NA,0.59,NA,NA,9.5,1.2652998423587,NA,48,1,20,87.65,1.05,1.42553814552782,1.2652998423587,1.2652998423587,"20202883",142,2020,28,83,17.2734901,19.60774552,16.80663902,NA,NA,17.89595821,"Residential","Maintained_lawn","Maintained_lawn"
"1980",1980,1980,"28.084.10",2020,28,84,0,10,7.2,138,NA,4.897,NA,NA,67.5,2.05335139277925,NA,233,8.3,10,71.12,1.05,1.26404170684529,2.05335139277925,2.05335139277925,"20202884",143,2020,28,84,12.5471659,8.398294029,8.362117249,NA,NA,9.769192393,"Residential","Garden_non_food_producing","Garden"
"1981",1981,1981,"28.084.20",2020,28,84,10,20,7.2,163,NA,3.835,NA,NA,77,2.94346420829365,NA,166.5,6.5,10,101.95,1.05,1.3019356908779,NA,1.3019356908779,"20202884",143,2020,28,84,12.5471659,8.398294029,8.362117249,NA,NA,9.769192393,"Residential","Garden_non_food_producing","Garden"
"1982",1982,1982,"28.084.40",2020,28,84,20,40,7,105,NA,1.947,NA,NA,34,1.35927704685105,NA,142,3.3,20,94.16,1.05,1.3723743438995,1.35927704685105,1.35927704685105,"20202884",143,2020,28,84,12.5471659,8.398294029,8.362117249,NA,NA,9.769192393,"Residential","Garden_non_food_producing","Garden"
"1983",1983,1983,"28.084.60",2020,28,84,40,60,6.8,81,NA,1.475,NA,NA,15,1.32289877414433,NA,137,2.5,20,91.64,1.05,1.39061979366621,1.32289877414433,1.32289877414433,"20202884",143,2020,28,84,12.5471659,8.398294029,8.362117249,NA,NA,9.769192393,"Residential","Garden_non_food_producing","Garden"
"1984",1984,1984,"28.084.80",2020,28,84,60,80,7,57,NA,0.885,NA,NA,6.5,1.41702033686172,NA,90,1.5,20,98.16,1.05,1.41379496722227,1.41702033686172,1.41702033686172,"20202884",143,2020,28,84,12.5471659,8.398294029,8.362117249,NA,NA,9.769192393,"Residential","Garden_non_food_producing","Garden"
"1985",1985,1985,"28.084.100",2020,28,84,80,100,NA,NA,NA,NA,NA,NA,28,0.22924086134234,NA,NA,NA,20,15.88,1.05,NA,0.22924086134234,0.22924086134234,"20202884",143,2020,28,84,12.5471659,8.398294029,8.362117249,NA,NA,9.769192393,"Residential","Garden_non_food_producing","Garden"
"1986",1986,1986,"29.085.10",2020,29,85,0,10,7.2,45,NA,3.422,NA,NA,149,2.45120266095273,NA,163,5.8,10,84.9,1.05,1.31700320583757,2.45120266095273,2.45120266095273,"20202985",144,2020,29,85,14.93923468,14.53134098,23.52693301,NA,NA,17.66583622,"Residential","Garden_non_food_producing","Garden"
"1987",1987,1987,"29.085.20",2020,29,85,10,20,7.5,32,9,2.065,NA,NA,72.5,2.61952435133382,NA,94,3.5,10,90.73,1.05,1.36785342717879,NA,1.36785342717879,"20202985",144,2020,29,85,14.93923468,14.53134098,23.52693301,NA,NA,17.66583622,"Residential","Garden_non_food_producing","Garden"
"1988",1988,1988,"29.085.40",2020,29,85,20,40,7.5,50,13,1.062,NA,NA,33.5,1.11675522880626,NA,92,1.8,20,77.36,1.05,1.40679905616411,1.11675522880626,1.11675522880626,"20202985",144,2020,29,85,14.93923468,14.53134098,23.52693301,NA,NA,17.66583622,"Residential","Garden_non_food_producing","Garden"
"1989",1989,1989,"29.085.60",2020,29,85,40,60,7.6,13,4,0.708,NA,NA,9,0.994195095758624,NA,75,1.2,20,68.87,1.05,1.42082833068852,0.994195095758624,0.994195095758624,"20202985",144,2020,29,85,14.93923468,14.53134098,23.52693301,NA,NA,17.66583622,"Residential","Garden_non_food_producing","Garden"
"1990",1990,1990,"29.085.80",2020,29,85,60,80,7.7,10,3,0.944,NA,NA,18.5,0.945113299249559,NA,80,1.6,20,65.47,1.05,1.41145884536132,0.945113299249559,0.945113299249559,"20202985",144,2020,29,85,14.93923468,14.53134098,23.52693301,NA,NA,17.66583622,"Residential","Garden_non_food_producing","Garden"
"1991",1991,1991,"29.085.100",2020,29,85,80,100,7.6,29,9,1.77,NA,NA,15.5,1.1093929593299,NA,58,3,20,76.85,1.05,1.37918596325339,1.1093929593299,1.1093929593299,"20202985",144,2020,29,85,14.93923468,14.53134098,23.52693301,NA,NA,17.66583622,"Residential","Garden_non_food_producing","Garden"
"1992",1992,1992,"29.086.10",2020,29,86,0,10,6.9,77,NA,2.773,NA,NA,104.5,2.90679721913687,NA,163,4.7,10,100.68,1.05,1.34106326818937,NA,1.34106326818937,"20202986",145,2020,29,86,15.19235083,7.957639107,19.31981518,NA,NA,14.15660171,"Residential","Maintained_lawn","Maintained_lawn"
"1993",1993,1993,"29.086.20",2020,29,86,10,20,7.1,63,NA,1.77,NA,NA,75,3.03874063681124,NA,109,3,10,105.25,1.05,1.37918596325339,NA,1.37918596325339,"20202986",145,2020,29,86,15.19235083,7.957639107,19.31981518,NA,NA,14.15660171,"Residential","Maintained_lawn","Maintained_lawn"
"1994",1994,1994,"29.086.40",2020,29,86,20,40,7.3,23,NA,1.121,NA,NA,18,0.651777385995381,NA,77,1.9,20,45.15,1.05,1.40447537406824,0.651777385995381,0.651777385995381,"20202986",145,2020,29,86,15.19235083,7.957639107,19.31981518,NA,NA,14.15660171,"Residential","Maintained_lawn","Maintained_lawn"
"1995",1995,1995,"29.086.60",2020,29,86,40,60,7.2,17,NA,1.121,NA,NA,18,1.09308047990189,NA,82,1.9,20,75.72,1.05,1.40447537406824,1.09308047990189,1.09308047990189,"20202986",145,2020,29,86,15.19235083,7.957639107,19.31981518,NA,NA,14.15660171,"Residential","Maintained_lawn","Maintained_lawn"
"1996",1996,1996,"29.086.80",2020,29,86,60,80,7.7,17,8,0.826,NA,NA,10.5,1.03490411521614,NA,63,1.4,20,71.69,1.05,1.41613525045312,1.03490411521614,1.03490411521614,"20202986",145,2020,29,86,15.19235083,7.957639107,19.31981518,NA,NA,14.15660171,"Residential","Maintained_lawn","Maintained_lawn"
"1997",1997,1997,"29.086.100",2020,29,86,80,100,7.8,18,8,0.708,NA,NA,15.5,0.89964045836616,NA,58,1.2,20,62.32,1.05,1.42082833068852,0.89964045836616,0.89964045836616,"20202986",145,2020,29,86,15.19235083,7.957639107,19.31981518,NA,NA,14.15660171,"Residential","Maintained_lawn","Maintained_lawn"
"1998",1998,1998,"29.087.10",2020,29,87,0,10,6.8,162,NA,3.363,NA,NA,273,2.92123304163954,NA,103.5,5.7,10,101.18,1.05,1.31917107241155,NA,1.31917107241155,"20202987",146,2020,29,87,10.91778224,264.983224,4.619061716,NA,NA,93.50668932,"Residential","Garden_non_food_producing","Garden_non_food_producing"
"1999",1999,1999,"29.087.20",2020,29,87,10,20,6.8,105,NA,2.714,NA,NA,288.5,1.95230063526058,NA,77,4.6,10,67.62,1.05,1.34327399332337,1.95230063526058,1.95230063526058,"20202987",146,2020,29,87,10.91778224,264.983224,4.619061716,NA,NA,93.50668932,"Residential","Garden_non_food_producing","Garden_non_food_producing"
"2000",2000,2000,"29.087.40",2020,29,87,20,40,6.9,34,NA,1.239,NA,NA,57.5,0.851280452982228,NA,61,2.1,20,58.97,1.05,1.3998403980813,0.851280452982228,0.851280452982228,"20202987",146,2020,29,87,10.91778224,264.983224,4.619061716,NA,NA,93.50668932,"Residential","Garden_non_food_producing","Garden_non_food_producing"
"2001",2001,2001,"29.087.60",2020,29,87,40,60,7.8,4,6,0.708,NA,NA,64.5,1.13956382836047,NA,64,1.2,20,78.94,1.05,1.42082833068852,1.13956382836047,1.13956382836047,"20202987",146,2020,29,87,10.91778224,264.983224,4.619061716,NA,NA,93.50668932,"Residential","Garden_non_food_producing","Garden_non_food_producing"
"2002",2002,2002,"29.087.80",2020,29,87,60,80,7.8,4,17,0.59,NA,NA,24,1.39450045375756,NA,61,1,20,96.6,1.05,1.42553814552782,1.39450045375756,1.39450045375756,"20202987",146,2020,29,87,10.91778224,264.983224,4.619061716,NA,NA,93.50668932,"Residential","Garden_non_food_producing","Garden_non_food_producing"
"2003",2003,2003,"29.087.100",2020,29,87,80,100,8.1,3,2,0.295,NA,NA,3.5,1.25591655773196,NA,53,0.5,20,87,1.05,1.43738628864155,1.25591655773196,1.25591655773196,"20202987",146,2020,29,87,10.91778224,264.983224,4.619061716,NA,NA,93.50668932,"Residential","Garden_non_food_producing","Garden_non_food_producing"
"2004",2004,2004,"30.088.10",2020,30,88,0,10,6.2,32,NA,4.012,NA,NA,38,2.18154149660292,NA,161,6.8,10,75.56,1.05,1.29553542645248,2.18154149660292,2.18154149660292,"20203088",147,2020,30,88,39.73269203,43.08150595,22.88705004,NA,NA,35.23374934,"Residential","Garden_non_food_producing","Garden_non_food_producing"
"2005",2005,2005,"30.088.20",2020,30,88,10,20,5.9,36,NA,3.127,NA,NA,34,2.44600576485177,NA,118,5.3,10,84.72,1.05,1.32788122409851,2.44600576485177,2.44600576485177,"20203088",147,2020,30,88,39.73269203,43.08150595,22.88705004,NA,NA,35.23374934,"Residential","Garden_non_food_producing","Garden_non_food_producing"
"2006",2006,2006,"30.088.40",2020,30,88,20,40,6.5,30,NA,1.357,NA,NA,20.5,1.44300481736652,NA,92,2.3,20,99.96,1.05,1.39522189078578,1.44300481736652,1.44300481736652,"20203088",147,2020,30,88,39.73269203,43.08150595,22.88705004,NA,NA,35.23374934,"Residential","Garden_non_food_producing","Garden_non_food_producing"
"2007",2007,2007,"30.088.60",2020,30,88,40,60,7.3,53,NA,1.121,NA,NA,4,1.22069315082546,NA,83,1.9,20,84.56,1.05,1.40447537406824,1.22069315082546,1.22069315082546,"20203088",147,2020,30,88,39.73269203,43.08150595,22.88705004,NA,NA,35.23374934,"Residential","Garden_non_food_producing","Garden_non_food_producing"
"2008",2008,2008,"30.088.80",2020,30,88,60,80,7.2,39,NA,1.298,NA,NA,13.5,1.51359598940456,NA,93,2.2,20,104.85,1.05,1.39752908950921,1.51359598940456,1.51359598940456,"20203088",147,2020,30,88,39.73269203,43.08150595,22.88705004,NA,NA,35.23374934,"Residential","Garden_non_food_producing","Garden_non_food_producing"
"2009",2009,2009,"30.088.100",2020,30,88,80,100,7.3,60,NA,1.062,NA,NA,14.5,1.72479207261856,NA,77,1.8,20,119.48,1.05,1.40679905616411,1.72479207261856,1.72479207261856,"20203088",147,2020,30,88,39.73269203,43.08150595,22.88705004,NA,NA,35.23374934,"Residential","Garden_non_food_producing","Garden_non_food_producing"
"2010",2010,2010,"30.089.10",2020,30,89,0,10,6.4,113,NA,2.714,NA,NA,38.5,3.01622075370708,NA,136,4.6,10,104.47,1.05,1.34327399332337,NA,1.34327399332337,"20203089",148,2020,30,89,7.764548893,53.13156141,30.44661919,NA,NA,30.4475765,"Residential","Garden_non_food_producing","Garden_non_food_producing"
"2011",2011,2011,"30.089.20",2020,30,89,10,20,6.7,142,NA,1.77,NA,NA,15,2.3666087410871,NA,117,3,10,81.97,1.05,1.37918596325339,2.3666087410871,2.3666087410871,"20203089",148,2020,30,89,7.764548893,53.13156141,30.44661919,NA,NA,30.4475765,"Residential","Garden_non_food_producing","Garden_non_food_producing"
"2012",2012,2012,"30.089.40",2020,30,89,20,40,6.9,104,NA,2.537,NA,NA,19,0.874377768986494,NA,116,4.3,20,60.57,1.05,1.34992982478972,0.874377768986494,0.874377768986494,"20203089",148,2020,30,89,7.764548893,53.13156141,30.44661919,NA,NA,30.4475765,"Residential","Garden_non_food_producing","Garden_non_food_producing"
"2013",2013,2013,"30.089.60",2020,30,89,40,60,7.1,90,NA,0.944,NA,NA,12,1.5046457794529,NA,73,1.6,20,104.23,1.05,1.41145884536132,1.5046457794529,1.5046457794529,"20203089",148,2020,30,89,7.764548893,53.13156141,30.44661919,NA,NA,30.4475765,"Residential","Garden_non_food_producing","Garden_non_food_producing"
"2014",2014,2014,"30.089.80",2020,30,89,60,80,7.2,43,NA,1.062,NA,NA,20,1.11112525803022,NA,90,1.8,20,76.97,1.05,1.40679905616411,1.11112525803022,1.11112525803022,"20203089",148,2020,30,89,7.764548893,53.13156141,30.44661919,NA,NA,30.4475765,"Residential","Garden_non_food_producing","Garden_non_food_producing"
"2015",2015,2015,"30.089.100",2020,30,89,80,100,7.5,10,7,0.531,NA,NA,3.5,0.968210615253825,NA,95,0.9,20,67.07,1.05,1.42789934706323,0.968210615253825,0.968210615253825,"20203089",148,2020,30,89,7.764548893,53.13156141,30.44661919,NA,NA,30.4475765,"Residential","Garden_non_food_producing","Garden_non_food_producing"
"2016",2016,2016,"30.090.10",2020,30,90,0,10,6.9,261,NA,5.251,NA,NA,42,1.87896665694704,NA,187,8.9,10,65.08,1.05,1.25167775289021,1.87896665694704,1.87896665694704,"20203090",149,2020,30,90,5.997061356,43.4814738,48.0974693,NA,NA,32.52533482,"Residential","Garden_food_producing_in_ground","Garden_food_producing_in_ground"
"2017",2017,2017,"30.090.20",2020,30,90,10,20,6.9,282,NA,4.071,NA,NA,36,2.13072740139354,NA,178,6.9,10,73.8,1.05,1.29340958755451,2.13072740139354,2.13072740139354,"20203090",149,2020,30,90,5.997061356,43.4814738,48.0974693,NA,NA,32.52533482,"Residential","Garden_food_producing_in_ground","Garden_food_producing_in_ground"
"2018",2018,2018,"30.090.40",2020,30,90,20,40,7,231,NA,1.77,NA,NA,28,1.21924956857519,NA,224,3,20,84.46,1.05,1.37918596325339,1.21924956857519,1.21924956857519,"20203090",149,2020,30,90,5.997061356,43.4814738,48.0974693,NA,NA,32.52533482,"Residential","Garden_food_producing_in_ground","Garden_food_producing_in_ground"
"2019",2019,2019,"30.090.60",2020,30,90,40,60,7.2,91,NA,0.649,NA,NA,3.5,1.22834413675187,NA,136,1.1,20,85.09,1.05,1.42318114255814,1.22834413675187,1.22834413675187,"20203090",149,2020,30,90,5.997061356,43.4814738,48.0974693,NA,NA,32.52533482,"Residential","Garden_food_producing_in_ground","Garden_food_producing_in_ground"
"2020",2020,2020,"30.090.80",2020,30,90,60,80,7.2,99.5,NA,0.8555,NA,NA,4,0.739258470361538,NA,149.5,1.45,20,51.21,1.05,1.41496458820347,0.739258470361538,0.739258470361538,"20203090",149,2020,30,90,5.997061356,43.4814738,48.0974693,NA,NA,32.52533482,"Residential","Garden_food_producing_in_ground","Garden_food_producing_in_ground"
"2021",2021,2021,"30.090.100",2020,30,90,80,100,7.1,98,NA,1.003,NA,NA,0,0.499479458592252,NA,184,1.7,20,34.6,1.05,1.40912687747072,0.499479458592252,0.499479458592252,"20203090",149,2020,30,90,5.997061356,43.4814738,48.0974693,NA,NA,32.52533482,"Residential","Garden_food_producing_in_ground","Garden_food_producing_in_ground"
"2022",2022,2022,"31.091.10",2020,31,91,0,10,7.1,263,NA,2.891,NA,NA,17,3.17414865188625,NA,75,4.9,10,109.94,1.05,1.33665360392074,NA,1.33665360392074,"20203191",150,2020,31,91,5.038976417,1.551138472,3.805827399,NA,NA,3.465314096,"Residential","Garden_non_food_producing","Garden"
"2023",2023,2023,"31.091.20",2020,31,91,10,20,7.4,221,NA,1.593,NA,NA,10,3.35604001541985,NA,79,2.7,10,116.24,1.05,1.38603404841503,NA,1.38603404841503,"20203191",150,2020,31,91,5.038976417,1.551138472,3.805827399,NA,NA,3.465314096,"Residential","Garden_non_food_producing","Garden"
"2024",2024,2024,"31.091.40",2020,31,91,20,40,7.5,73,39,1.416,NA,NA,15,1.28218975468682,NA,70,2.4,20,88.82,1.05,1.39291879460309,1.28218975468682,1.28218975468682,"20203191",150,2020,31,91,5.038976417,1.551138472,3.805827399,NA,NA,3.465314096,"Residential","Garden_non_food_producing","Garden"
"2025",2025,2025,"31.091.60",2020,31,91,40,60,7.7,40,24,0.649,NA,NA,11,1.36505137585212,NA,58,1.1,20,94.56,1.05,1.42318114255814,1.36505137585212,1.36505137585212,"20203191",150,2020,31,91,5.038976417,1.551138472,3.805827399,NA,NA,3.465314096,"Residential","Garden_non_food_producing","Garden"
"2026",2026,2026,"31.091.80",2020,31,91,60,80,7.7,38,27,0.354,NA,NA,5,2.03516225642589,NA,67,0.6,20,140.98,1.05,1.43500821792018,2.03516225642589,2.03516225642589,"20203191",150,2020,31,91,5.038976417,1.551138472,3.805827399,NA,NA,3.465314096,"Residential","Garden_non_food_producing","Garden"
"2027",2027,2027,"31.091.100",2020,31,91,80,100,7.7,25,19,0.295,NA,NA,0,1.78253536262923,NA,64,0.5,20,123.48,1.05,1.43738628864155,1.78253536262923,1.78253536262923,"20203191",150,2020,31,91,5.038976417,1.551138472,3.805827399,NA,NA,3.465314096,"Residential","Garden_non_food_producing","Garden"
"2028",2028,2028,"31.092.10",2020,31,92,0,10,7.6,48,24,2.655,NA,NA,20.5,2.68304197034555,NA,50,4.5,10,92.93,1.05,1.34548865645613,NA,1.34548865645613,"20203192",151,2020,31,92,7.601924772,15.1236001,12.92051472,NA,NA,11.8820132,"Residential","Garden_non_food_producing","Garden_non_food_producing"
"2029",2029,2029,"31.092.20",2020,31,92,10,20,7.7,33,19,1.829,NA,NA,13.5,0.34126284396303,NA,41,3.1,10,11.82,1.05,1.37691138132277,0.34126284396303,0.34126284396303,"20203192",151,2020,31,92,7.601924772,15.1236001,12.92051472,NA,NA,11.8820132,"Residential","Garden_non_food_producing","Garden_non_food_producing"
"2030",2030,2030,"31.092.40",2020,31,92,20,40,8.1,28,12,0.354,NA,NA,0,1.48587921019944,NA,32,0.6,20,102.93,1.05,1.43500821792018,1.48587921019944,1.48587921019944,"20203192",151,2020,31,92,7.601924772,15.1236001,12.92051472,NA,NA,11.8820132,"Residential","Garden_non_food_producing","Garden_non_food_producing"
"2031",2031,2031,"31.092.60",2020,31,92,40,60,7.8,29,14,0.295,NA,NA,4.5,1.28449948628724,NA,53,0.5,20,88.98,1.05,1.43738628864155,1.28449948628724,1.28449948628724,"20203192",151,2020,31,92,7.601924772,15.1236001,12.92051472,NA,NA,11.8820132,"Residential","Garden_non_food_producing","Garden_non_food_producing"
"2032",2032,2032,"31.092.80",2020,31,92,60,80,7.5,29,21,0.413,NA,NA,14.5,1.71439828041664,NA,62,0.7,20,118.76,1.05,1.43263437576045,1.71439828041664,1.71439828041664,"20203192",151,2020,31,92,7.601924772,15.1236001,12.92051472,NA,NA,11.8820132,"Residential","Garden_non_food_producing","Garden_non_food_producing"
"2033",2033,2033,"31.092.100",2020,31,92,80,100,7.3,47,NA,0.649,NA,NA,14,0,NA,51,1.1,20,NA,1.05,1.42318114255814,NA,1.42318114255814,"20203192",151,2020,31,92,7.601924772,15.1236001,12.92051472,NA,NA,11.8820132,"Residential","Garden_non_food_producing","Garden_non_food_producing"
"2034",2034,2034,"31.093.10",2020,31,93,0,10,7.2,66,NA,3.599,NA,NA,24.5,1.8847409859481,NA,66,6.1,10,65.28,1.05,1.31052270743565,1.8847409859481,1.8847409859481,"20203193",152,2020,31,93,8.862204653,6.463783748,4.431102327,NA,NA,6.585696909,"Residential","Garden_non_food_producing","Garden"
"2035",2035,2035,"31.093.20",2020,31,93,10,20,7.7,51,30,1.18,NA,NA,17,3.41840276863137,NA,57,2,10,118.4,1.05,1.40215582382298,NA,1.40215582382298,"20203193",152,2020,31,93,8.862204653,6.463783748,4.431102327,NA,NA,6.585696909,"Residential","Garden_non_food_producing","Garden"
"2036",2036,2036,"31.093.40",2020,31,93,20,40,7.5,57,29,0.885,NA,NA,16.5,1.67340054450907,NA,58,1.5,20,115.92,1.05,1.41379496722227,1.67340054450907,1.67340054450907,"20203193",152,2020,31,93,8.862204653,6.463783748,4.431102327,NA,NA,6.585696909,"Residential","Garden_non_food_producing","Garden"
"2037",2037,2037,"31.093.60",2020,31,93,40,60,7.5,80,34,1.18,NA,NA,17,1.66618263325774,NA,44,2,20,115.42,1.05,1.40215582382298,1.66618263325774,1.66618263325774,"20203193",152,2020,31,93,8.862204653,6.463783748,4.431102327,NA,NA,6.585696909,"Residential","Garden_non_food_producing","Garden"
"2038",2038,2038,"31.093.80",2020,31,93,60,80,7.3,49,NA,0.767,NA,NA,5,1.69981809968895,NA,44,1.3,20,117.75,1.05,1.41847970246656,1.69981809968895,1.69981809968895,"20203193",152,2020,31,93,8.862204653,6.463783748,4.431102327,NA,NA,6.585696909,"Residential","Garden_non_food_producing","Garden"
"2039",2039,2039,"31.093.100",2020,31,93,80,100,7,38,NA,0.708,NA,NA,10,1.55820268093779,NA,114,1.2,20,107.94,1.05,1.42082833068852,1.55820268093779,1.55820268093779,"20203193",152,2020,31,93,8.862204653,6.463783748,4.431102327,NA,NA,6.585696909,"Residential","Garden_non_food_producing","Garden"
"2040",2040,2040,"32.094.10",2020,32,94,0,10,6.7,75,NA,5.074,NA,NA,27,1.88618456819837,NA,220.5,8.6,10,65.33,1.05,1.2578432265251,1.88618456819837,1.88618456819837,"20203294",153,2020,32,94,33.21449366,16.60724683,25.59378478,NA,NA,25.13850842,"Residential","Maintained_lawn","Maintained_lawn"
"2041",2041,2041,"32.094.20",2020,32,94,10,20,6.6,66,NA,3.304,NA,NA,21.5,2.29587321082404,NA,166,5.6,10,79.52,1.05,1.32134280063968,2.29587321082404,2.29587321082404,"20203294",153,2020,32,94,33.21449366,16.60724683,25.59378478,NA,NA,25.13850842,"Residential","Maintained_lawn","Maintained_lawn"
"2042",2042,2042,"32.094.40",2020,32,94,20,40,6.9,70,NA,1.711,NA,NA,15.5,1.33141590942091,NA,110,2.9,20,92.23,1.05,1.38146459693187,1.33141590942091,1.33141590942091,"20203294",153,2020,32,94,33.21449366,16.60724683,25.59378478,NA,NA,25.13850842,"Residential","Maintained_lawn","Maintained_lawn"
"2043",2043,2043,"32.094.60",2020,32,94,40,60,6.7,53,NA,1.652,NA,NA,43,1.23642819735336,NA,89,2.8,20,85.65,1.05,1.38374728957565,1.23642819735336,1.23642819735336,"20203294",153,2020,32,94,33.21449366,16.60724683,25.59378478,NA,NA,25.13850842,"Residential","Maintained_lawn","Maintained_lawn"
"2044",2044,2044,"32.094.80",2020,32,94,60,80,6.7,61,NA,1.416,NA,NA,45.5,1.21968264325027,NA,86,2.4,20,84.49,1.05,1.39291879460309,1.21968264325027,1.21968264325027,"20203294",153,2020,32,94,33.21449366,16.60724683,25.59378478,NA,NA,25.13850842,"Residential","Maintained_lawn","Maintained_lawn"
"2045",2045,2045,"32.094.100",2020,32,94,80,100,6.7,69,NA,1.947,NA,NA,28.5,0.80104379067295,NA,94,3.3,20,55.49,1.05,1.3723743438995,0.80104379067295,0.80104379067295,"20203294",153,2020,32,94,33.21449366,16.60724683,25.59378478,NA,NA,25.13850842,"Residential","Maintained_lawn","Maintained_lawn"
"2046",2046,2046,"32.095.10",2020,32,95,0,10,6.9,206,NA,4.602,NA,NA,15,2.06172416983079,NA,340,7.8,10,71.41,1.05,1.27444633592336,2.06172416983079,2.06172416983079,"20203295",154,2020,32,95,29.27672044,22.14299578,7.982021011,NA,NA,19.80057908,"Residential","Garden_non_food_producing","Garden"
"2047",2047,2047,"32.095.20",2020,32,95,10,20,6.9,245,NA,3.186,NA,NA,7,2.62298894873446,NA,304,5.4,10,90.85,1.05,1.32569786958595,NA,1.32569786958595,"20203295",154,2020,32,95,29.27672044,22.14299578,7.982021011,NA,NA,19.80057908,"Residential","Garden_non_food_producing","Garden"
"2048",2048,2048,"32.095.40",2020,32,95,20,40,7.1,208,NA,1.357,NA,NA,12,1.60973856727231,NA,464,2.3,20,111.51,1.05,1.39522189078578,1.60973856727231,1.60973856727231,"20203295",154,2020,32,95,29.27672044,22.14299578,7.982021011,NA,NA,19.80057908,"Residential","Garden_non_food_producing","Garden"
"2049",2049,2049,"32.095.60",2020,32,95,40,60,7.1,175,NA,1.239,NA,NA,15.5,1.66661570793282,NA,560,2.1,20,115.45,1.05,1.3998403980813,1.66661570793282,1.66661570793282,"20203295",154,2020,32,95,29.27672044,22.14299578,7.982021011,NA,NA,19.80057908,"Residential","Garden_non_food_producing","Garden"
"2050",2050,2050,"32.095.80",2020,32,95,60,80,7.2,126,NA,1.121,NA,NA,10,1.65766549798116,NA,624,1.9,20,114.83,1.05,1.40447537406824,1.65766549798116,1.65766549798116,"20203295",154,2020,32,95,29.27672044,22.14299578,7.982021011,NA,NA,19.80057908,"Residential","Garden_non_food_producing","Garden"
"2051",2051,2051,"32.095.100",2020,32,95,80,100,7.5,78,42,0.8555,NA,NA,0,1.80779805200889,NA,604,1.45,20,125.23,1.05,1.41496458820347,1.80779805200889,1.80779805200889,"20203295",154,2020,32,95,29.27672044,22.14299578,7.982021011,NA,NA,19.80057908,"Residential","Garden_non_food_producing","Garden"
"2052",2052,2052,"32.096.10",2020,32,96,0,10,6.7,87,NA,2.419,NA,NA,5,3.01593203725703,NA,126,4.1,10,104.46,1.05,1.35438682945876,NA,1.35438682945876,"20203296",155,2020,32,96,1.688038982,1.793541418,NA,NA,NA,1.7407902,"Residential","Garden_non_food_producing","Garden"
"2053",2053,2053,"32.096.20",2020,32,96,10,20,7,76,NA,1.593,NA,NA,12.5,2.25141087751583,NA,86,2.7,10,77.98,1.05,1.38603404841503,2.25141087751583,2.25141087751583,"20203296",155,2020,32,96,1.688038982,1.793541418,NA,NA,NA,1.7407902,"Residential","Garden_non_food_producing","Garden"
"2054",2054,2054,"32.096.40",2020,32,96,20,40,7.1,78,NA,0.59,NA,NA,16,0.823852390227163,NA,44,1,20,57.07,1.05,1.42553814552782,0.823852390227163,0.823852390227163,"20203296",155,2020,32,96,1.688038982,1.793541418,NA,NA,NA,1.7407902,"Residential","Garden_non_food_producing","Garden"
"2055",2055,2055,"32.096.60",2020,32,96,40,60,6.9,80,NA,0.472,NA,NA,5.5,1.56801904023961,NA,59,0.8,20,108.62,1.05,1.43026475464334,1.56801904023961,1.56801904023961,"20203296",155,2020,32,96,1.688038982,1.793541418,NA,NA,NA,1.7407902,"Residential","Garden_non_food_producing","Garden"
"2056",2056,2056,"32.096.80",2020,32,96,60,80,6.9,70,NA,0.354,NA,NA,0,1.50536757057804,NA,46,0.6,20,104.28,1.05,1.43500821792018,1.50536757057804,1.50536757057804,"20203296",155,2020,32,96,1.688038982,1.793541418,NA,NA,NA,1.7407902,"Residential","Garden_non_food_producing","Garden"
"2057",2057,2057,"32.096.100",2020,32,96,80,100,6.7,48,NA,0.236,NA,NA,0,1.34931632932421,NA,46,0.4,20,93.47,1.05,1.43976859545696,1.34931632932421,1.34931632932421,"20203296",155,2020,32,96,1.688038982,1.793541418,NA,NA,NA,1.7407902,"Residential","Garden_non_food_producing","Garden"
"2058",2058,2058,"33.097.10",2020,33,97,0,10,6.2,40,NA,1.534,NA,NA,13,3.38173577947459,NA,52,2.6,10,117.13,1.05,1.38832488069319,NA,1.38832488069319,"20203397",156,2020,33,97,21.95754033,20.91194317,14.63836022,NA,NA,19.16928124,"Residential","Maintained_lawn","Maintained_lawn"
"2059",2059,2059,"33.097.20",2020,33,97,10,20,6.6,36,NA,1.003,NA,NA,0,3.6947044113324,NA,32,1.7,10,127.97,1.05,1.40912687747072,NA,1.40912687747072,"20203397",156,2020,33,97,21.95754033,20.91194317,14.63836022,NA,NA,19.16928124,"Residential","Maintained_lawn","Maintained_lawn"
"2060",2060,2060,"33.097.40",2020,33,97,20,40,7.3,32,NA,0.649,NA,NA,0,1.08456334462531,NA,20,1.1,20,75.13,1.05,1.42318114255814,1.08456334462531,1.08456334462531,"20203397",156,2020,33,97,21.95754033,20.91194317,14.63836022,NA,NA,19.16928124,"Residential","Maintained_lawn","Maintained_lawn"
"2061",2061,2061,"33.097.60",2020,33,97,40,60,7.4,26,NA,0.767,NA,NA,0,1.2891189494881,NA,15,1.3,20,89.3,1.05,1.41847970246656,1.2891189494881,1.2891189494881,"20203397",156,2020,33,97,21.95754033,20.91194317,14.63836022,NA,NA,19.16928124,"Residential","Maintained_lawn","Maintained_lawn"
"2062",2062,2062,"33.097.80",2020,33,97,60,80,7.7,25,8,0.649,NA,NA,0,1.48010488119837,NA,16.5,1.1,20,102.53,1.05,1.42318114255814,1.48010488119837,1.48010488119837,"20203397",156,2020,33,97,21.95754033,20.91194317,14.63836022,NA,NA,19.16928124,"Residential","Maintained_lawn","Maintained_lawn"
"2063",2063,2063,"33.097.100",2020,33,97,80,100,7.6,22,7,0.708,NA,NA,0,1.6259066884753,NA,18,1.2,20,112.63,1.05,1.42082833068852,1.6259066884753,1.6259066884753,"20203397",156,2020,33,97,21.95754033,20.91194317,14.63836022,NA,NA,19.16928124,"Residential","Maintained_lawn","Maintained_lawn"
"2064",2064,2064,"33.098.10",2020,33,98,0,10,7.2,85,NA,6.49,NA,NA,108.5,1.30846295164167,NA,212,11,10,45.32,1.05,1.20942897814243,1.30846295164167,1.30846295164167,"20203398",157,2020,33,98,16.72955454,18.67404336,11.76346651,NA,NA,15.7223548,"Residential","Garden_non_food_producing","Garden"
"2065",2065,2065,"33.098.20",2020,33,98,10,20,7.2,88,NA,5.9885,NA,NA,110.5,3.31330998081196,NA,197,10.15,10,114.76,1.05,1.22633968724772,NA,1.22633968724772,"20203398",157,2020,33,98,16.72955454,18.67404336,11.76346651,NA,NA,15.7223548,"Residential","Garden_non_food_producing","Garden"
"2066",2066,2066,"33.098.40",2020,33,98,20,40,7.3,69,NA,1.593,NA,NA,23,1.21737291164984,NA,113,2.7,20,84.33,1.05,1.38603404841503,1.21737291164984,1.21737291164984,"20203398",157,2020,33,98,16.72955454,18.67404336,11.76346651,NA,NA,15.7223548,"Residential","Garden_non_food_producing","Garden"
"2067",2067,2067,"33.098.60",2020,33,98,40,60,7.6,36,15,0.649,NA,NA,0,1.74312556719695,NA,45,1.1,20,120.75,1.05,1.42318114255814,1.74312556719695,1.74312556719695,"20203398",157,2020,33,98,16.72955454,18.67404336,11.76346651,NA,NA,15.7223548,"Residential","Garden_non_food_producing","Garden"
"2068",2068,2068,"33.098.80",2020,33,98,60,80,7.5,38,16,0.826,NA,NA,0,1.67758693303484,NA,77,1.4,20,116.21,1.05,1.41613525045312,1.67758693303484,1.67758693303484,"20203398",157,2020,33,98,16.72955454,18.67404336,11.76346651,NA,NA,15.7223548,"Residential","Garden_non_food_producing","Garden"
"2069",2069,2069,"33.098.100",2020,33,98,80,100,7.6,32,12,0.59,NA,NA,0,1.8495175790416,NA,42,1,20,128.12,1.05,1.42553814552782,1.8495175790416,1.8495175790416,"20203398",157,2020,33,98,16.72955454,18.67404336,11.76346651,NA,NA,15.7223548,"Residential","Garden_non_food_producing","Garden"
"2070",2070,2070,"33.099.10",2020,33,99,0,10,7.2,84,NA,6.018,NA,NA,56,2.64666369763883,NA,148,10.2,10,91.67,1.05,1.22533784237525,NA,1.22533784237525,"20203399",158,2020,33,99,17.08200756,16.79658806,4.155289552,NA,NA,12.67796172,"Residential","Garden_non_food_producing","Garden"
"2071",2071,2071,"33.099.20",2020,33,99,10,20,7.3,62,NA,2.773,NA,NA,13,3.31937302626308,NA,74,4.7,10,114.97,1.05,1.34106326818937,NA,1.34106326818937,"20203399",158,2020,33,99,17.08200756,16.79658806,4.155289552,NA,NA,12.67796172,"Residential","Garden_non_food_producing","Garden"
"2072",2072,2072,"33.099.40",2020,33,99,20,40,7.4,60,NA,2.242,NA,NA,13,1.7211831169929,NA,82,3.8,20,119.23,1.05,1.36110215317286,1.7211831169929,1.7211831169929,"20203399",158,2020,33,99,17.08200756,16.79658806,4.155289552,NA,NA,12.67796172,"Residential","Garden_non_food_producing","Garden"
"2073",2073,2073,"33.099.60",2020,33,99,40,60,7.4,50,NA,1.829,NA,NA,28.5,1.39608839423285,NA,104,3.1,20,96.71,1.05,1.37691138132277,1.39608839423285,1.39608839423285,"20203399",158,2020,33,99,17.08200756,16.79658806,4.155289552,NA,NA,12.67796172,"Residential","Garden_non_food_producing","Garden"
"2074",2074,2074,"33.099.80",2020,33,99,60,80,7.5,52,23,1.593,NA,NA,17,1.90711651082724,NA,119,2.7,20,132.11,1.05,1.38603404841503,1.90711651082724,1.90711651082724,"20203399",158,2020,33,99,17.08200756,16.79658806,4.155289552,NA,NA,12.67796172,"Residential","Garden_non_food_producing","Garden"
"2075",2075,2075,"33.099.100",2020,33,99,80,100,7.6,34,18,0.826,NA,NA,4,1.86164366994384,NA,60,1.4,20,128.96,1.05,1.41613525045312,1.86164366994384,1.86164366994384,"20203399",158,2020,33,99,17.08200756,16.79658806,4.155289552,NA,NA,12.67796172,"Residential","Garden_non_food_producing","Garden"
"2076",2076,2076,"34.100.10",2020,34,100,0,10,6,75,NA,3.422,NA,NA,239,2.50115060681195,NA,151,5.8,10,86.63,1.05,1.31700320583757,2.50115060681195,2.50115060681195,"202034100",159,2020,34,100,1.399715672,27.07736287,15.91527821,NA,NA,14.79745225,"Residential","Maintained_lawn","Maintained_lawn"
"2077",2077,2077,"34.100.20",2020,34,100,10,20,6.2,74,NA,2.242,NA,NA,96.5,2.45293495965305,NA,79,3.8,10,84.96,1.05,1.36110215317286,2.45293495965305,2.45293495965305,"202034100",159,2020,34,100,1.399715672,27.07736287,15.91527821,NA,NA,14.79745225,"Residential","Maintained_lawn","Maintained_lawn"
"2078",2078,2078,"34.100.40",2020,34,100,20,40,6.3,46,NA,1.652,NA,NA,61,1.2479768553555,NA,92,2.8,20,86.45,1.05,1.38374728957565,1.2479768553555,1.2479768553555,"202034100",159,2020,34,100,1.399715672,27.07736287,15.91527821,NA,NA,14.79745225,"Residential","Maintained_lawn","Maintained_lawn"
"2079",2079,2079,"34.100.60",2020,34,100,40,60,6.5,32,NA,1.239,NA,NA,31,1.03966793664202,NA,86,2.1,20,72.02,1.05,1.3998403980813,1.03966793664202,1.03966793664202,"202034100",159,2020,34,100,1.399715672,27.07736287,15.91527821,NA,NA,14.79745225,"Residential","Maintained_lawn","Maintained_lawn"
"2080",2080,2080,"34.100.80",2020,34,100,60,80,7.1,27,NA,0.885,NA,NA,11.5,1.1440389333363,NA,76,1.5,20,79.25,1.05,1.41379496722227,1.1440389333363,1.1440389333363,"202034100",159,2020,34,100,1.399715672,27.07736287,15.91527821,NA,NA,14.79745225,"Residential","Maintained_lawn","Maintained_lawn"
"2081",2081,2081,"34.100.100",2020,34,100,80,100,6.9,37,NA,0.885,NA,NA,6,1.37371286935372,NA,77,1.5,20,95.16,1.05,1.41379496722227,1.37371286935372,1.37371286935372,"202034100",159,2020,34,100,1.399715672,27.07736287,15.91527821,NA,NA,14.79745225,"Residential","Maintained_lawn","Maintained_lawn"
"2082",2082,2082,"34.101.10",2020,34,101,0,10,7.1,95,NA,3.304,NA,NA,239.5,2.45697698995379,NA,219,5.6,10,85.1,1.05,1.32134280063968,2.45697698995379,2.45697698995379,"202034101",160,2020,34,101,6.963160799,15.11692925,8.364777269,NA,NA,10.14828911,"Residential","Garden_non_food_producing","Garden"
"2083",2083,2083,"34.101.20",2020,34,101,10,20,7.1,98,NA,2.773,NA,NA,222,2.72172997465269,NA,234,4.7,10,94.27,1.05,1.34106326818937,NA,1.34106326818937,"202034101",160,2020,34,101,6.963160799,15.11692925,8.364777269,NA,NA,10.14828911,"Residential","Garden_non_food_producing","Garden"
"2084",2084,2084,"34.101.40",2020,34,101,20,40,7.2,105.5,NA,3.186,NA,NA,158.5,1.15212299393779,NA,213,5.4,20,79.81,1.05,1.32569786958595,1.15212299393779,1.15212299393779,"202034101",160,2020,34,101,6.963160799,15.11692925,8.364777269,NA,NA,10.14828911,"Residential","Garden_non_food_producing","Garden"
"2085",2085,2085,"34.101.60",2020,34,101,40,60,7.3,94,NA,2.301,NA,NA,136,1.0162819041877,NA,169,3.9,20,70.4,1.05,1.35885972693253,1.0162819041877,1.0162819041877,"202034101",160,2020,34,101,6.963160799,15.11692925,8.364777269,NA,NA,10.14828911,"Residential","Garden_non_food_producing","Garden"
"2086",2086,2086,"34.101.80",2020,34,101,60,80,7.3,115,NA,2.596,NA,NA,96,1.14389457511127,NA,178,4.4,20,79.24,1.05,1.34770726460248,1.14389457511127,1.14389457511127,"202034101",160,2020,34,101,6.963160799,15.11692925,8.364777269,NA,NA,10.14828911,"Residential","Garden_non_food_producing","Garden"
"2087",2087,2087,"34.101.100",2020,34,101,80,100,7.3,95,NA,1.829,NA,NA,35,1.09293612167686,NA,111,3.1,20,75.71,1.05,1.37691138132277,1.09293612167686,1.09293612167686,"202034101",160,2020,34,101,6.963160799,15.11692925,8.364777269,NA,NA,10.14828911,"Residential","Garden_non_food_producing","Garden"
"2088",2088,2088,"34.102.10",2020,34,102,0,10,6.4,60,NA,2.891,NA,NA,276,3.03007914330964,NA,197,4.9,10,104.95,1.05,1.33665360392074,NA,1.33665360392074,"202034102",161,2020,34,102,8.364777269,10.09722796,3.359317612,NA,NA,7.27377428,"Residential","Maintained_lawn","Maintained_lawn"
"2089",2089,2089,"34.102.20",2020,34,102,10,20,6.4,62,NA,2.065,NA,NA,290,2.74742573870744,NA,145,3.5,10,95.16,1.05,1.36785342717879,NA,1.36785342717879,"202034102",161,2020,34,102,8.364777269,10.09722796,3.359317612,NA,NA,7.27377428,"Residential","Maintained_lawn","Maintained_lawn"
"2090",2090,2090,"34.102.40",2020,34,102,20,40,6.8,53,NA,1.475,NA,NA,134,1.0552586249449,NA,108,2.5,20,73.1,1.05,1.39061979366621,1.0552586249449,1.0552586249449,"202034102",161,2020,34,102,8.364777269,10.09722796,3.359317612,NA,NA,7.27377428,"Residential","Maintained_lawn","Maintained_lawn"
"2091",2091,2091,"34.102.60",2020,34,102,40,60,7,42,NA,0.885,NA,NA,25.5,1.22704491272663,NA,72,1.5,20,85,1.05,1.41379496722227,1.22704491272663,1.22704491272663,"202034102",161,2020,34,102,8.364777269,10.09722796,3.359317612,NA,NA,7.27377428,"Residential","Maintained_lawn","Maintained_lawn"
"2092",2092,2092,"34.102.80",2020,34,102,60,80,6.8,37,NA,0.885,NA,NA,16.5,0.91956189341984,NA,93,1.5,20,63.7,1.05,1.41379496722227,0.91956189341984,0.91956189341984,"202034102",161,2020,34,102,8.364777269,10.09722796,3.359317612,NA,NA,7.27377428,"Residential","Maintained_lawn","Maintained_lawn"
"2093",2093,2093,"34.102.100",2020,34,102,80,100,6.7,36,NA,0.944,NA,NA,21,1.22170365840064,NA,92,1.6,20,84.63,1.05,1.41145884536132,1.22170365840064,1.22170365840064,"202034102",161,2020,34,102,8.364777269,10.09722796,3.359317612,NA,NA,7.27377428,"Residential","Maintained_lawn","Maintained_lawn"
"2094",2094,2094,"35.103.10",2020,35,103,0,10,6.9,30,NA,3.776,NA,NA,134.5,2.15959904639887,NA,153,6.4,10,74.8,1.05,1.30407671745518,2.15959904639887,2.15959904639887,"202035103",162,2020,35,103,5.227985793,5.828142325,12.66029236,NA,NA,7.905473493,"Residential","Maintained_lawn","Maintained_lawn"
"2095",2095,2095,"35.103.20",2020,35,103,10,20,6.8,39,NA,3.599,NA,NA,103,2.28750043377249,NA,177,6.1,10,79.23,1.05,1.31052270743565,2.28750043377249,2.28750043377249,"202035103",162,2020,35,103,5.227985793,5.828142325,12.66029236,NA,NA,7.905473493,"Residential","Maintained_lawn","Maintained_lawn"
"2096",2096,2096,"35.103.40",2020,35,103,20,40,7,40,NA,1.888,NA,NA,56.5,0.977160825205478,NA,55,3.2,20,67.69,1.05,1.3746408439354,0.977160825205478,0.977160825205478,"202035103",162,2020,35,103,5.227985793,5.828142325,12.66029236,NA,NA,7.905473493,"Residential","Maintained_lawn","Maintained_lawn"
"2097",2097,2097,"35.103.60",2020,35,103,40,60,6.8,34,NA,1.298,NA,NA,24,1.19802890949627,NA,48,2.2,20,82.99,1.05,1.39752908950921,1.19802890949627,1.19802890949627,"202035103",162,2020,35,103,5.227985793,5.828142325,12.66029236,NA,NA,7.905473493,"Residential","Maintained_lawn","Maintained_lawn"
"2098",2098,2098,"35.103.80",2020,35,103,60,80,6.7,25,NA,0.885,NA,NA,15.5,1.23599512267828,NA,41,1.5,20,85.62,1.05,1.41379496722227,1.23599512267828,1.23599512267828,"202035103",162,2020,35,103,5.227985793,5.828142325,12.66029236,NA,NA,7.905473493,"Residential","Maintained_lawn","Maintained_lawn"
"2099",2099,2099,"35.103.100",2020,35,103,80,100,7,18,NA,0.236,NA,NA,3,1.51359598940456,NA,22,0.4,20,104.85,1.05,1.43976859545696,1.51359598940456,1.51359598940456,"202035103",162,2020,35,103,5.227985793,5.828142325,12.66029236,NA,NA,7.905473493,"Residential","Maintained_lawn","Maintained_lawn"
"2100",2100,2100,"35.104.10",2020,35,104,0,10,7,95,NA,3.304,NA,NA,74.5,2.27855022382084,NA,117,5.6,10,78.92,1.05,1.32134280063968,2.27855022382084,2.27855022382084,"202035104",163,2020,35,104,24.21890163,14.27709985,13.83937236,NA,NA,17.44512461,"Residential","Maintained_lawn","Maintained_lawn"
"2101",2101,2101,"35.104.20",2020,35,104,10,20,7.3,96,NA,2.124,NA,NA,176.5,2.15036011999716,NA,101,3.6,10,74.48,1.05,1.36559899617425,2.15036011999716,2.15036011999716,"202035104",163,2020,35,104,24.21890163,14.27709985,13.83937236,NA,NA,17.44512461,"Residential","Maintained_lawn","Maintained_lawn"
"2102",2102,2102,"35.104.40",2020,35,104,20,40,7.6,75,26,1.475,NA,NA,151.5,1.56830775668966,NA,58,2.5,20,108.64,1.05,1.39061979366621,1.56830775668966,1.56830775668966,"202035104",163,2020,35,104,24.21890163,14.27709985,13.83937236,NA,NA,17.44512461,"Residential","Maintained_lawn","Maintained_lawn"
"2103",2103,2103,"35.104.60",2020,35,104,40,60,7.6,166,88,1.475,NA,NA,33.5,1.24783249713047,NA,106,2.5,20,86.44,1.05,1.39061979366621,1.24783249713047,1.24783249713047,"202035104",163,2020,35,104,24.21890163,14.27709985,13.83937236,NA,NA,17.44512461,"Residential","Maintained_lawn","Maintained_lawn"
"2104",2104,2104,"35.104.80",2020,35,104,60,80,7.6,190,87,1.593,NA,NA,112.5,1.15876347228902,NA,91,2.7,20,80.27,1.05,1.38603404841503,1.15876347228902,1.15876347228902,"202035104",163,2020,35,104,24.21890163,14.27709985,13.83937236,NA,NA,17.44512461,"Residential","Maintained_lawn","Maintained_lawn"
"2105",2105,2105,"35.104.100",2020,35,104,80,100,7.6,167,103,0.944,NA,NA,31.5,0.994628170433704,NA,135,1.6,20,68.9,1.05,1.41145884536132,0.994628170433704,0.994628170433704,"202035104",163,2020,35,104,24.21890163,14.27709985,13.83937236,NA,NA,17.44512461,"Residential","Maintained_lawn","Maintained_lawn"
"2106",2106,2106,"35.105.10",2020,35,105,0,10,7.1,121,NA,3.953,NA,NA,129.5,2.41655668694633,NA,126,6.7,10,83.7,1.05,1.29766505214006,2.41655668694633,2.41655668694633,"202035105",164,2020,35,105,7.978379328,12.59744104,5.098284562,NA,NA,8.558034977,"Residential","Maintained_lawn","Maintained_lawn"
"2107",2107,2107,"35.105.20",2020,35,105,10,20,7.2,131,NA,2.832,NA,NA,165,2.35881339693566,NA,113,4.8,10,81.7,1.05,1.33885647405179,2.35881339693566,2.35881339693566,"202035105",164,2020,35,105,7.978379328,12.59744104,5.098284562,NA,NA,8.558034977,"Residential","Maintained_lawn","Maintained_lawn"
"2108",2108,2108,"35.105.40",2020,35,105,20,40,7.5,103,49,1.77,NA,NA,156.5,0.923748281945613,NA,72,3,20,63.99,1.05,1.37918596325339,0.923748281945613,0.923748281945613,"202035105",164,2020,35,105,7.978379328,12.59744104,5.098284562,NA,NA,8.558034977,"Residential","Maintained_lawn","Maintained_lawn"
"2109",2109,2109,"35.105.60",2020,35,105,40,60,7.5,158,73,1.121,NA,NA,142.5,1.24061458587914,NA,96,1.9,20,85.94,1.05,1.40447537406824,1.24061458587914,1.24061458587914,"202035105",164,2020,35,105,7.978379328,12.59744104,5.098284562,NA,NA,8.558034977,"Residential","Maintained_lawn","Maintained_lawn"
"2110",2110,2110,"35.105.80",2020,35,105,60,80,7.5,103,20,0.826,NA,NA,33.5,1.29171739753858,NA,99,1.4,20,89.48,1.05,1.41613525045312,1.29171739753858,1.29171739753858,"202035105",164,2020,35,105,7.978379328,12.59744104,5.098284562,NA,NA,8.558034977,"Residential","Maintained_lawn","Maintained_lawn"
"2111",2111,2111,"35.105.100",2020,35,105,80,100,7.7,58,31,0.295,NA,NA,15.5,1.58115563871703,NA,37,0.5,20,109.53,1.05,1.43738628864155,1.58115563871703,1.58115563871703,"202035105",164,2020,35,105,7.978379328,12.59744104,5.098284562,NA,NA,8.558034977,"Residential","Maintained_lawn","Maintained_lawn"
"2112",2112,2112,"36.106.10",2020,36,106,0,10,6.7,46,NA,2.95,NA,NA,106.5,2.9827296455009,NA,87,5,10,103.31,1.05,1.33445465081876,NA,1.33445465081876,"202036106",165,2020,36,106,13.77484925,20.86760445,11.50156874,NA,NA,15.38134081,"Residential","Maintained_lawn","Maintained_lawn"
"2113",2113,2113,"36.106.20",2020,36,106,10,20,6.8,64,NA,2.065,NA,NA,125.5,2.94952725374477,NA,68,3.5,10,102.16,1.05,1.36785342717879,NA,1.36785342717879,"202036106",165,2020,36,106,13.77484925,20.86760445,11.50156874,NA,NA,15.38134081,"Residential","Maintained_lawn","Maintained_lawn"
"2114",2114,2114,"36.106.40",2020,36,106,20,40,6.9,64,NA,1.652,NA,NA,77,1.50998703377889,NA,67,2.8,20,104.6,1.05,1.38374728957565,1.50998703377889,1.50998703377889,"202036106",165,2020,36,106,13.77484925,20.86760445,11.50156874,NA,NA,15.38134081,"Residential","Maintained_lawn","Maintained_lawn"
"2115",2115,2115,"36.106.60",2020,36,106,40,60,6.6,57,NA,3.068,NA,NA,107.5,0.774914951943124,NA,163,5.2,20,53.68,1.05,1.33006846785413,0.774914951943124,0.774914951943124,"202036106",165,2020,36,106,13.77484925,20.86760445,11.50156874,NA,NA,15.38134081,"Residential","Maintained_lawn","Maintained_lawn"
"2116",2116,2116,"36.106.80",2020,36,106,60,80,7,44,NA,0.944,NA,NA,30,0.760479129440458,NA,51,1.6,20,52.68,1.05,1.41145884536132,0.760479129440458,0.760479129440458,"202036106",165,2020,36,106,13.77484925,20.86760445,11.50156874,NA,NA,15.38134081,"Residential","Maintained_lawn","Maintained_lawn"
"2117",2117,2117,"36.106.100",2020,36,106,80,100,NA,NA,NA,NA,NA,NA,11.5,0.370856280093496,NA,NA,NA,20,25.69,1.05,NA,0.370856280093496,0.370856280093496,"202036106",165,2020,36,106,13.77484925,20.86760445,11.50156874,NA,NA,15.38134081,"Residential","Maintained_lawn","Maintained_lawn"
"2118",2118,2118,"36.107.10",2020,36,107,0,10,6.9,100,NA,3.835,NA,NA,183.5,3.16317742678423,NA,138,6.5,10,109.56,1.05,1.3019356908779,NA,1.3019356908779,"202036107",166,2020,36,107,12.59414789,8.714553566,6.84714923,NA,NA,9.385283562,"Residential","Garden_non_food_producing","Garden_non_food_producing"
"2119",2119,2119,"36.107.20",2020,36,107,10,20,6.8,88,NA,3.009,NA,NA,183,3.26855893105369,NA,129,5.1,10,113.21,1.05,1.33225960778078,NA,1.33225960778078,"202036107",166,2020,36,107,12.59414789,8.714553566,6.84714923,NA,NA,9.385283562,"Residential","Garden_non_food_producing","Garden_non_food_producing"
"2120",2120,2120,"36.107.40",2020,36,107,20,40,6.8,61,NA,2.006,NA,NA,103.5,1.11646651235621,NA,90,3.4,20,77.34,1.05,1.37011187403604,1.11646651235621,1.11646651235621,"202036107",166,2020,36,107,12.59414789,8.714553566,6.84714923,NA,NA,9.385283562,"Residential","Garden_non_food_producing","Garden_non_food_producing"
"2121",2121,2121,"36.107.60",2020,36,107,40,60,6.8,33,NA,1.239,NA,NA,36.5,0.825584688927482,NA,49,2.1,20,57.19,1.05,1.3998403980813,0.825584688927482,0.825584688927482,"202036107",166,2020,36,107,12.59414789,8.714553566,6.84714923,NA,NA,9.385283562,"Residential","Garden_non_food_producing","Garden_non_food_producing"
"2122",2122,2122,"36.107.80",2020,36,107,60,80,6.7,25,NA,0.708,NA,NA,14.5,1.37804361610452,NA,62,1.2,20,95.46,1.05,1.42082833068852,1.37804361610452,1.37804361610452,"202036107",166,2020,36,107,12.59414789,8.714553566,6.84714923,NA,NA,9.385283562,"Residential","Garden_non_food_producing","Garden_non_food_producing"
"2123",2123,2123,"36.107.100",2020,36,107,80,100,6.7,26,NA,0.531,NA,NA,5,1.08254232947494,NA,49,0.9,20,74.99,1.05,1.42789934706323,1.08254232947494,1.08254232947494,"202036107",166,2020,36,107,12.59414789,8.714553566,6.84714923,NA,NA,9.385283562,"Residential","Garden_non_food_producing","Garden_non_food_producing"
"2124",2124,2124,"36.108.10",2020,36,108,0,10,6.9,135,NA,3.776,NA,NA,241,2.83692783822397,NA,592,6.4,10,98.26,1.05,1.30407671745518,NA,1.30407671745518,"202036108",167,2020,36,108,20.91194317,8.398294029,5.87880582,NA,NA,11.72968101,"Residential","Garden_non_food_producing","Garden"
"2125",2125,2125,"36.108.20",2020,36,108,10,20,6.9,140,NA,2.478,NA,NA,195,3.22409659774548,NA,348,4.2,10,111.67,1.05,1.35215634405769,NA,1.35215634405769,"202036108",167,2020,36,108,20.91194317,8.398294029,5.87880582,NA,NA,11.72968101,"Residential","Garden_non_food_producing","Garden"
"2126",2126,2126,"36.108.40",2020,36,108,20,40,6.9,110,NA,1.534,NA,NA,49,0.768274473591897,NA,248,2.6,20,53.22,1.05,1.38832488069319,0.768274473591897,0.768274473591897,"202036108",167,2020,36,108,20.91194317,8.398294029,5.87880582,NA,NA,11.72968101,"Residential","Garden_non_food_producing","Garden"
"2127",2127,2127,"36.108.60",2020,36,108,40,60,NA,NA,NA,NA,NA,NA,42,0.404058671849628,NA,NA,NA,20,27.99,1.05,NA,0.404058671849628,0.404058671849628,"202036108",167,2020,36,108,20.91194317,8.398294029,5.87880582,NA,NA,11.72968101,"Residential","Garden_non_food_producing","Garden"
"2128",2128,2128,"36.108.80",2020,36,108,60,80,7,77,NA,0.767,NA,NA,15.5,0.801188148897977,NA,188,1.3,20,55.5,1.05,1.41847970246656,0.801188148897977,0.801188148897977,"202036108",167,2020,36,108,20.91194317,8.398294029,5.87880582,NA,NA,11.72968101,"Residential","Garden_non_food_producing","Garden"
"2129",2129,2129,"36.108.100",2020,36,108,80,100,6.9,41,NA,0.767,NA,NA,47,1.28709793433772,NA,141,1.3,20,89.16,1.05,1.41847970246656,1.28709793433772,1.28709793433772,"202036108",167,2020,36,108,20.91194317,8.398294029,5.87880582,NA,NA,11.72968101,"Residential","Garden_non_food_producing","Garden"
"2130",2130,2130,"37.109.10",2020,37,109,0,10,7.3,116,NA,6.7555,NA,NA,28,2.35852468048561,NA,195.5,11.45,10,81.69,1.05,1.20057928118179,2.35852468048561,2.35852468048561,"202037109",168,2020,37,109,13.43727045,15.2233096,13.68346459,NA,NA,14.11468155,"Residential","Garden_non_food_producing","Garden"
"2131",2131,2131,"37.109.20",2020,37,109,10,20,7.2,117,NA,4.484,NA,NA,35.5,2.97031483814861,NA,153,7.6,10,102.88,1.05,1.2786341812719,NA,1.2786341812719,"202037109",168,2020,37,109,13.43727045,15.2233096,13.68346459,NA,NA,14.11468155,"Residential","Garden_non_food_producing","Garden"
"2132",2132,2132,"37.109.40",2020,37,109,20,40,7.6,91,23,1.475,NA,NA,0,1.24393482505475,NA,107,2.5,20,86.17,1.05,1.39061979366621,1.24393482505475,1.24393482505475,"202037109",168,2020,37,109,13.43727045,15.2233096,13.68346459,NA,NA,14.11468155,"Residential","Garden_non_food_producing","Garden"
"2133",2133,2133,"37.109.60",2020,37,109,40,60,7.7,59,8,0.944,NA,NA,0,0.802631731148243,NA,82,1.6,20,55.6,1.05,1.41145884536132,0.802631731148243,0.802631731148243,"202037109",168,2020,37,109,13.43727045,15.2233096,13.68346459,NA,NA,14.11468155,"Residential","Garden_non_food_producing","Garden"
"2134",2134,2134,"37.109.80",2020,37,109,60,80,8,19,16,0.354,NA,NA,0,1.26486676768362,NA,42,0.6,20,87.62,1.05,1.43500821792018,1.26486676768362,1.26486676768362,"202037109",168,2020,37,109,13.43727045,15.2233096,13.68346459,NA,NA,14.11468155,"Residential","Garden_non_food_producing","Garden"
"2135",2135,2135,"37.109.100",2020,37,109,80,100,7.8,25,6,0.59,NA,NA,0,1.67340054450907,NA,51,1,20,115.92,1.05,1.42553814552782,1.67340054450907,1.67340054450907,"202037109",168,2020,37,109,13.43727045,15.2233096,13.68346459,NA,NA,14.11468155,"Residential","Garden_non_food_producing","Garden"
"2136",2136,2136,"37.110.10",2020,37,110,0,10,6.4,97,NA,4.661,NA,NA,99.5,1.49093174807537,NA,170,7.9,10,51.64,1.05,1.27235799654901,1.49093174807537,1.49093174807537,"202037110",169,2020,37,110,16.79658806,14.93923468,14.63836022,NA,NA,15.45806099,"Residential","Garden_non_food_producing","Garden"
"2137",2137,2137,"37.110.20",2020,37,110,10,20,6.4,80,NA,2.891,NA,NA,80.5,2.52222690766585,NA,78,4.9,10,87.36,1.05,1.33665360392074,2.52222690766585,2.52222690766585,"202037110",169,2020,37,110,16.79658806,14.93923468,14.63836022,NA,NA,15.45806099,"Residential","Garden_non_food_producing","Garden"
"2138",2138,2138,"37.110.40",2020,37,110,20,40,6.6,53,NA,2.183,NA,NA,63.5,0.897763801440814,NA,70,3.7,20,62.19,1.05,1.36334857388164,0.897763801440814,0.897763801440814,"202037110",169,2020,37,110,16.79658806,14.93923468,14.63836022,NA,NA,15.45806099,"Residential","Garden_non_food_producing","Garden"
"2139",2139,2139,"37.110.60",2020,37,110,40,60,NA,NA,NA,NA,NA,NA,22,0.628102637091008,NA,NA,NA,20,43.51,1.05,NA,0.628102637091008,0.628102637091008,"202037110",169,2020,37,110,16.79658806,14.93923468,14.63836022,NA,NA,15.45806099,"Residential","Garden_non_food_producing","Garden"
"2140",2140,2140,"37.110.80",2020,37,110,60,80,NA,NA,NA,NA,NA,NA,15,0.415896046301814,NA,NA,NA,20,28.81,1.05,NA,0.415896046301814,0.415896046301814,"202037110",169,2020,37,110,16.79658806,14.93923468,14.63836022,NA,NA,15.45806099,"Residential","Garden_non_food_producing","Garden"
"2141",2141,2141,"37.110.100",2020,37,110,80,100,7.8,16,12,0.295,NA,NA,0,1.84359889181551,NA,32,0.5,20,127.71,1.05,1.43738628864155,1.84359889181551,1.84359889181551,"202037110",169,2020,37,110,16.79658806,14.93923468,14.63836022,NA,NA,15.45806099,"Residential","Garden_non_food_producing","Garden"
"2142",2142,2142,"37.111.10",2020,37,111,0,10,7.5,81,42,4.307,NA,NA,28,1.99012249021757,NA,82,7.3,10,68.93,1.05,1.28494396536869,1.99012249021757,1.99012249021757,"202037111",170,2020,37,111,14.16841638,18.20719227,15.11692925,NA,NA,15.83084597,"Residential","Garden_non_food_producing","Garden"
"2143",2143,2143,"37.111.20",2020,37,111,10,20,NA,NA,NA,NA,NA,NA,16,1.36418522650196,NA,NA,NA,10,47.25,1.05,NA,1.36418522650196,1.36418522650196,"202037111",170,2020,37,111,14.16841638,18.20719227,15.11692925,NA,NA,15.83084597,"Residential","Garden_non_food_producing","Garden"
"2144",2144,2144,"37.111.40",2020,37,111,20,40,NA,NA,NA,NA,NA,NA,NA,NA,NA,NA,NA,20,NA,1.05,NA,NA,NA,"202037111",170,2020,37,111,14.16841638,18.20719227,15.11692925,NA,NA,15.83084597,"Residential","Garden_non_food_producing","Garden"
"2145",2145,2145,"37.111.60",2020,37,111,40,60,NA,NA,NA,NA,NA,NA,NA,NA,NA,NA,NA,20,NA,1.05,NA,NA,NA,"202037111",170,2020,37,111,14.16841638,18.20719227,15.11692925,NA,NA,15.83084597,"Residential","Garden_non_food_producing","Garden"
"2146",2146,2146,"37.111.80",2020,37,111,60,80,NA,NA,NA,NA,NA,NA,NA,NA,NA,NA,NA,20,NA,1.05,NA,NA,NA,"202037111",170,2020,37,111,14.16841638,18.20719227,15.11692925,NA,NA,15.83084597,"Residential","Garden_non_food_producing","Garden"
"2147",2147,2147,"37.111.100",2020,37,111,80,100,NA,NA,NA,NA,NA,NA,NA,NA,NA,NA,NA,20,NA,1.05,NA,NA,NA,"202037111",170,2020,37,111,14.16841638,18.20719227,15.11692925,NA,NA,15.83084597,"Residential","Garden_non_food_producing","Garden"
"2148",2148,2148,"38.112.10",2020,38,112,0,10,6.6,92,NA,4.307,NA,NA,62.5,1.82411053143691,NA,303,7.3,10,63.18,1.05,1.28494396536869,1.82411053143691,1.82411053143691,"202038112",171,2020,38,112,20.75905854,10.37952927,15.96404202,NA,NA,15.70087661,"Residential","Garden_non_food_producing","Garden"
"2149",2149,2149,"38.112.20",2020,38,112,10,20,6.5,165,NA,4.838,NA,NA,80,1.14302842576111,NA,269,8.2,10,39.59,1.05,1.26611523228456,1.14302842576111,1.14302842576111,"202038112",171,2020,38,112,20.75905854,10.37952927,15.96404202,NA,NA,15.70087661,"Residential","Garden_non_food_producing","Garden"
"2150",2150,2150,"38.112.40",2020,38,112,20,40,6.8,189,NA,2.655,NA,NA,40,0.618863710689302,NA,158,4.5,20,42.87,1.05,1.34548865645613,0.618863710689302,0.618863710689302,"202038112",171,2020,38,112,20.75905854,10.37952927,15.96404202,NA,NA,15.70087661,"Residential","Garden_non_food_producing","Garden"
"2151",2151,2151,"38.112.60",2020,38,112,40,60,NA,NA,NA,NA,NA,NA,25,0.32567215566015,NA,NA,NA,20,22.56,1.05,NA,0.32567215566015,0.32567215566015,"202038112",171,2020,38,112,20.75905854,10.37952927,15.96404202,NA,NA,15.70087661,"Residential","Garden_non_food_producing","Garden"
"2152",2152,2152,"38.112.80",2020,38,112,60,80,NA,NA,NA,NA,NA,NA,15.5,0.534702865498758,NA,NA,NA,20,37.04,1.05,NA,0.534702865498758,0.534702865498758,"202038112",171,2020,38,112,20.75905854,10.37952927,15.96404202,NA,NA,15.70087661,"Residential","Garden_non_food_producing","Garden"
"2153",2153,2153,"38.112.100",2020,38,112,80,100,NA,NA,NA,NA,NA,NA,10,0.230251368917527,NA,NA,NA,20,15.95,1.05,NA,0.230251368917527,0.230251368917527,"202038112",171,2020,38,112,20.75905854,10.37952927,15.96404202,NA,NA,15.70087661,"Residential","Garden_non_food_producing","Garden"
"2154",2154,2154,"38.113.10",2020,38,113,0,10,7.5,13,7,3.422,NA,NA,53,1.10780501885461,NA,92,5.8,10,38.37,1.05,1.31700320583757,1.10780501885461,1.10780501885461,"202038113",172,2020,38,113,13.43727045,4.199147015,16.79658806,NA,NA,11.47766851,"Residential","Maintained_lawn","Maintained_lawn"
"2155",2155,2155,"38.113.20",2020,38,113,10,20,7.5,12,8,2.655,NA,NA,32,0.999247633634557,NA,87,4.5,10,34.61,1.05,1.34548865645613,0.999247633634557,0.999247633634557,"202038113",172,2020,38,113,13.43727045,4.199147015,16.79658806,NA,NA,11.47766851,"Residential","Maintained_lawn","Maintained_lawn"
"2156",2156,2156,"38.113.40",2020,38,113,20,40,7.8,7,4,1.003,NA,NA,19.5,1.07402519419837,NA,50,1.7,20,74.4,1.05,1.40912687747072,1.07402519419837,1.07402519419837,"202038113",172,2020,38,113,13.43727045,4.199147015,16.79658806,NA,NA,11.47766851,"Residential","Maintained_lawn","Maintained_lawn"
"2157",2157,2157,"38.113.60",2020,38,113,40,60,NA,NA,NA,NA,NA,NA,0,0.0332023917561324,NA,NA,NA,20,2.3,1.05,NA,0.0332023917561324,0.0332023917561324,"202038113",172,2020,38,113,13.43727045,4.199147015,16.79658806,NA,NA,11.47766851,"Residential","Maintained_lawn","Maintained_lawn"
"2158",2158,2158,"38.113.80",2020,38,113,60,80,NA,NA,NA,NA,NA,NA,NA,NA,NA,NA,NA,20,NA,1.05,NA,NA,NA,"202038113",172,2020,38,113,13.43727045,4.199147015,16.79658806,NA,NA,11.47766851,"Residential","Maintained_lawn","Maintained_lawn"
"2159",2159,2159,"38.113.100",2020,38,113,80,100,NA,NA,NA,NA,NA,NA,NA,NA,NA,NA,NA,20,NA,1.05,NA,NA,NA,"202038113",172,2020,38,113,13.43727045,4.199147015,16.79658806,NA,NA,11.47766851,"Residential","Maintained_lawn","Maintained_lawn"
"2160",2160,2160,"38.114.10",2020,38,114,0,10,NA,NA,NA,NA,NA,NA,NA,NA,NA,NA,NA,10,NA,1.05,NA,NA,NA,"202038114",173,2020,38,114,NA,NA,NA,NA,NA,0,"Residential",NA,NA
"2161",2161,2161,"38.114.20",2020,38,114,10,20,NA,NA,NA,NA,NA,NA,NA,NA,NA,NA,NA,10,NA,1.05,NA,NA,NA,"202038114",173,2020,38,114,NA,NA,NA,NA,NA,0,"Residential",NA,NA
"2162",2162,2162,"38.114.40",2020,38,114,20,40,NA,NA,NA,NA,NA,NA,NA,NA,NA,NA,NA,20,NA,1.05,NA,NA,NA,"202038114",173,2020,38,114,NA,NA,NA,NA,NA,0,"Residential",NA,NA
"2163",2163,2163,"38.114.60",2020,38,114,40,60,NA,NA,NA,NA,NA,NA,NA,NA,NA,NA,NA,20,NA,1.05,NA,NA,NA,"202038114",173,2020,38,114,NA,NA,NA,NA,NA,0,"Residential",NA,NA
"2164",2164,2164,"38.114.80",2020,38,114,60,80,NA,NA,NA,NA,NA,NA,NA,NA,NA,NA,NA,20,NA,1.05,NA,NA,NA,"202038114",173,2020,38,114,NA,NA,NA,NA,NA,0,"Residential",NA,NA
"2165",2165,2165,"38.114.100",2020,38,114,80,100,NA,NA,NA,NA,NA,NA,NA,NA,NA,NA,NA,20,NA,1.05,NA,NA,NA,"202038114",173,2020,38,114,NA,NA,NA,NA,NA,0,"Residential",NA,NA
"2166",2166,2166,"39.115.10",2020,39,115,0,10,5.7,54,NA,2.714,NA,NA,72.5,1.26197960318308,NA,95,4.6,10,43.71,1.05,1.34327399332337,1.26197960318308,1.26197960318308,"202039115",174,2020,39,115,7.611654798,5.235092342,2.743063345,NA,NA,5.196603495,"Residential","Maintained_lawn","Maintained_lawn"
"2167",2167,2167,"39.115.20",2020,39,115,10,20,5.9,21,NA,1.947,NA,NA,45,1.35869961395095,NA,66,3.3,10,47.06,1.05,1.3723743438995,1.35869961395095,1.35869961395095,"202039115",174,2020,39,115,7.611654798,5.235092342,2.743063345,NA,NA,5.196603495,"Residential","Maintained_lawn","Maintained_lawn"
"2168",2168,2168,"39.115.40",2020,39,115,20,40,6.7,9,NA,1.062,NA,NA,26.5,1.23527333155315,NA,30,1.8,20,85.57,1.05,1.40679905616411,1.23527333155315,1.23527333155315,"202039115",174,2020,39,115,7.611654798,5.235092342,2.743063345,NA,NA,5.196603495,"Residential","Maintained_lawn","Maintained_lawn"
"2169",2169,2169,"39.115.60",2020,39,115,40,60,7.1,12,NA,1.298,NA,NA,23,0.936451805747959,NA,42,2.2,20,64.87,1.05,1.39752908950921,0.936451805747959,0.936451805747959,"202039115",174,2020,39,115,7.611654798,5.235092342,2.743063345,NA,NA,5.196603495,"Residential","Maintained_lawn","Maintained_lawn"
"2170",2170,2170,"39.115.80",2020,39,115,60,80,7.1,14,NA,0.885,NA,NA,15,1.49338583790082,NA,56,1.5,20,103.45,1.05,1.41379496722227,1.49338583790082,1.49338583790082,"202039115",174,2020,39,115,7.611654798,5.235092342,2.743063345,NA,NA,5.196603495,"Residential","Maintained_lawn","Maintained_lawn"
"2171",2171,2171,"39.115.100",2020,39,115,80,100,7.2,12,NA,0.9735,NA,NA,16.5,1.36591752520228,NA,66,1.65,20,94.62,1.05,1.41029234263168,1.36591752520228,1.36591752520228,"202039115",174,2020,39,115,7.611654798,5.235092342,2.743063345,NA,NA,5.196603495,"Residential","Maintained_lawn","Maintained_lawn"
"2172",2172,2172,"39.116.10",2020,39,116,0,10,6.6,7,NA,3.776,NA,NA,76.5,2.2052162455073,NA,98,6.4,10,76.38,1.05,1.30407671745518,2.2052162455073,2.2052162455073,"202039116",175,2020,39,116,3.800962386,3.91920388,5.997061356,NA,NA,4.572409207,"Residential","Maintained_lawn","Maintained_lawn"
"2173",2173,2173,"39.116.20",2020,39,116,10,20,6.6,8,NA,3.304,NA,NA,67,1.86222110284395,NA,96,5.6,10,64.5,1.05,1.32134280063968,1.86222110284395,1.86222110284395,"202039116",175,2020,39,116,3.800962386,3.91920388,5.997061356,NA,NA,4.572409207,"Residential","Maintained_lawn","Maintained_lawn"
"2174",2174,2174,"39.116.40",2020,39,116,20,40,6.9,6,NA,1.593,NA,NA,42.5,1.34267585097299,NA,42,2.7,20,93.01,1.05,1.38603404841503,1.34267585097299,1.34267585097299,"202039116",175,2020,39,116,3.800962386,3.91920388,5.997061356,NA,NA,4.572409207,"Residential","Maintained_lawn","Maintained_lawn"
"2175",2175,2175,"39.116.60",2020,39,116,40,60,7.4,6,NA,1.062,NA,NA,15.5,1.27222903715998,NA,31,1.8,20,88.13,1.05,1.40679905616411,1.27222903715998,1.27222903715998,"202039116",175,2020,39,116,3.800962386,3.91920388,5.997061356,NA,NA,4.572409207,"Residential","Maintained_lawn","Maintained_lawn"
"2176",2176,2176,"39.116.80",2020,39,116,60,80,7.9,6,3,0.472,NA,NA,14,1.52124697533097,NA,39,0.8,20,105.38,1.05,1.43026475464334,1.52124697533097,1.52124697533097,"202039116",175,2020,39,116,3.800962386,3.91920388,5.997061356,NA,NA,4.572409207,"Residential","Maintained_lawn","Maintained_lawn"
"2177",2177,2177,"39.116.100",2020,39,116,80,100,7.7,9,4,0.708,NA,NA,11,1.06305396909634,NA,47,1.2,20,73.64,1.05,1.42082833068852,1.06305396909634,1.06305396909634,"202039116",175,2020,39,116,3.800962386,3.91920388,5.997061356,NA,NA,4.572409207,"Residential","Maintained_lawn","Maintained_lawn"
"2178",2178,2178,"39.117.10",2020,39,117,0,10,6.5,28,NA,2.95,NA,NA,72,2.04238016767722,NA,82,5,10,70.74,1.05,1.33445465081876,2.04238016767722,2.04238016767722,"202039117",176,2020,39,117,15.2233096,13.96024625,10.76124851,NA,NA,13.31493479,"Residential","Maintained_lawn","Maintained_lawn"
"2179",2179,2179,"39.117.20",2020,39,117,10,20,6.6,20,NA,2.301,NA,NA,71.5,2.31752694457804,NA,76,3.9,10,80.27,1.05,1.35885972693253,2.31752694457804,2.31752694457804,"202039117",176,2020,39,117,15.2233096,13.96024625,10.76124851,NA,NA,13.31493479,"Residential","Maintained_lawn","Maintained_lawn"
"2180",2180,2180,"39.117.40",2020,39,117,20,40,7,20,NA,1.18,NA,NA,26.5,1.14418329156133,NA,39,2,20,79.26,1.05,1.40215582382298,1.14418329156133,1.14418329156133,"202039117",176,2020,39,117,15.2233096,13.96024625,10.76124851,NA,NA,13.31493479,"Residential","Maintained_lawn","Maintained_lawn"
"2181",2181,2181,"39.117.60",2020,39,117,40,60,7.5,14,6,0.708,NA,NA,11.5,1.17781875799254,NA,24,1.2,20,81.59,1.05,1.42082833068852,1.17781875799254,1.17781875799254,"202039117",176,2020,39,117,15.2233096,13.96024625,10.76124851,NA,NA,13.31493479,"Residential","Maintained_lawn","Maintained_lawn"
"2182",2182,2182,"39.117.80",2020,39,117,60,80,7.9,9,4,0.354,NA,NA,0,1.67657642545966,NA,15,0.6,20,116.14,1.05,1.43500821792018,1.67657642545966,1.67657642545966,"202039117",176,2020,39,117,15.2233096,13.96024625,10.76124851,NA,NA,13.31493479,"Residential","Maintained_lawn","Maintained_lawn"
"2183",2183,2183,"39.117.100",2020,39,117,80,100,NA,NA,NA,0,NA,NA,3,0.513626564644865,NA,NA,NA,20,35.58,1.05,1.44934033477716,0.513626564644865,0.513626564644865,"202039117",176,2020,39,117,15.2233096,13.96024625,10.76124851,NA,NA,13.31493479,"Residential","Maintained_lawn","Maintained_lawn"
"2184",2184,2184,"40.118.10",2020,40,118,0,10,7.5,16,8,2.714,NA,NA,54,2.64983957858942,NA,102,4.6,10,91.78,1.05,1.34327399332337,NA,1.34327399332337,"202040118",177,2020,40,118,5.038976417,7.558464626,6.461636056,NA,NA,6.3530257,"Residential","Maintained_lawn","Maintained_lawn"
"2185",2185,2185,"40.118.20",2020,40,118,10,20,7.7,11,5,1.062,NA,NA,15.5,2.95443543339567,NA,103,1.8,10,102.33,1.05,1.40679905616411,NA,1.40679905616411,"202040118",177,2020,40,118,5.038976417,7.558464626,6.461636056,NA,NA,6.3530257,"Residential","Maintained_lawn","Maintained_lawn"
"2186",2186,2186,"40.118.40",2020,40,118,20,40,7.9,3,2.5,0.472,NA,NA,4,1.21405267247423,NA,120,0.8,20,84.1,1.05,1.43026475464334,1.21405267247423,1.21405267247423,"202040118",177,2020,40,118,5.038976417,7.558464626,6.461636056,NA,NA,6.3530257,"Residential","Maintained_lawn","Maintained_lawn"
"2187",2187,2187,"40.118.60",2020,40,118,40,60,7.7,10,7,0.826,NA,NA,14,1.28507691918735,NA,118,1.4,20,89.02,1.05,1.41613525045312,1.28507691918735,1.28507691918735,"202040118",177,2020,40,118,5.038976417,7.558464626,6.461636056,NA,NA,6.3530257,"Residential","Maintained_lawn","Maintained_lawn"
"2188",2188,2188,"40.118.80",2020,40,118,60,80,8.1,2,2,0.472,NA,NA,7,1.55213963548667,NA,115,0.8,20,107.52,1.05,1.43026475464334,1.55213963548667,1.55213963548667,"202040118",177,2020,40,118,5.038976417,7.558464626,6.461636056,NA,NA,6.3530257,"Residential","Maintained_lawn","Maintained_lawn"
"2189",2189,2189,"40.118.100",2020,40,118,80,100,8,3,2,0.413,NA,NA,10,1.0330274582908,NA,109,0.7,20,71.56,1.05,1.43263437576045,1.0330274582908,1.0330274582908,"202040118",177,2020,40,118,5.038976417,7.558464626,6.461636056,NA,NA,6.3530257,"Residential","Maintained_lawn","Maintained_lawn"
"2190",2190,2190,"40.118i.10",2020,40,1180,0,10,7.6,1,12,2.596,NA,NA,13,1.57148363764025,NA,133,4.4,10,54.43,1.05,1.34770726460248,1.57148363764025,1.57148363764025,"2020401180",NA,NA,NA,NA,NA,NA,NA,NA,NA,NA,NA,NA,NA
"2191",2191,2191,"40.118i.20",2020,40,1180,10,20,7.8,1,6,0.767,NA,NA,0,2.42752791204836,NA,110,1.3,10,84.08,1.05,1.41847970246656,2.42752791204836,2.42752791204836,"2020401180",NA,NA,NA,NA,NA,NA,NA,NA,NA,NA,NA,NA,NA
"2192",2192,2192,"40.118i.40",2020,40,1180,20,40,7.9,3,3,0.531,NA,NA,3.5,0.735360798285818,NA,123,0.9,20,50.94,1.05,1.42789934706323,0.735360798285818,0.735360798285818,"2020401180",NA,NA,NA,NA,NA,NA,NA,NA,NA,NA,NA,NA,NA
"2193",2193,2193,"40.118i.60",2020,40,1180,40,60,NA,NA,NA,0,NA,NA,7.5,0.434662615555281,NA,NA,NA,20,30.11,1.05,1.44934033477716,0.434662615555281,0.434662615555281,"2020401180",NA,NA,NA,NA,NA,NA,NA,NA,NA,NA,NA,NA,NA
"2194",2194,2194,"40.118i.80",2020,40,1180,60,80,8,2,3,0.413,NA,NA,0,0.969076764603985,NA,114,0.7,20,67.13,1.05,1.43263437576045,0.969076764603985,0.969076764603985,"2020401180",NA,NA,NA,NA,NA,NA,NA,NA,NA,NA,NA,NA,NA
"2195",2195,2195,"40.118i.100",2020,40,1180,80,100,7.8,12,15,0.708,NA,NA,8,1.39767633470815,NA,128,1.2,20,96.82,1.05,1.42082833068852,1.39767633470815,1.39767633470815,"2020401180",NA,NA,NA,NA,NA,NA,NA,NA,NA,NA,NA,NA,NA
"2196",2196,2196,"40.119.10",2020,40,119,0,10,7.3,51,NA,5.487,NA,NA,20,1.00357838038536,NA,248,9.3,10,34.76,1.05,1.24350816146288,1.00357838038536,1.00357838038536,"202040119",179,2020,40,119,4.56162303,3.935517908,4.306838239,NA,NA,4.267993059,"Residential","Maintained_lawn","Maintained_lawn"
"2197",2197,2197,"40.119.20",2020,40,119,10,20,7.5,5,24,2.773,NA,NA,18.5,2.49566499426094,NA,273,4.7,10,86.44,1.05,1.34106326818937,2.49566499426094,2.49566499426094,"202040119",179,2020,40,119,4.56162303,3.935517908,4.306838239,NA,NA,4.267993059,"Residential","Maintained_lawn","Maintained_lawn"
"2198",2198,2198,"40.119.40",2020,40,119,20,40,7.7,10,10,0.59,NA,NA,0,1.24350175037967,NA,186,1,20,86.14,1.05,1.42553814552782,1.24350175037967,1.24350175037967,"202040119",179,2020,40,119,4.56162303,3.935517908,4.306838239,NA,NA,4.267993059,"Residential","Maintained_lawn","Maintained_lawn"
"2199",2199,2199,"40.119.60",2020,40,119,40,60,7.8,1,3,0.59,NA,NA,4.5,1.06882829809741,NA,89,1,20,74.04,1.05,1.42553814552782,1.06882829809741,1.06882829809741,"202040119",179,2020,40,119,4.56162303,3.935517908,4.306838239,NA,NA,4.267993059,"Residential","Maintained_lawn","Maintained_lawn"
"2200",2200,2200,"40.119.80",2020,40,119,60,80,7.8,3,6,0.472,NA,NA,5,0.873655977861361,NA,143,0.8,20,60.52,1.05,1.43026475464334,0.873655977861361,0.873655977861361,"202040119",179,2020,40,119,4.56162303,3.935517908,4.306838239,NA,NA,4.267993059,"Residential","Maintained_lawn","Maintained_lawn"
"2201",2201,2201,"40.119.100",2020,40,119,80,100,7.9,2,3,0.413,NA,NA,8,0.960270912877358,NA,100,0.7,20,66.52,1.05,1.43263437576045,0.960270912877358,0.960270912877358,"202040119",179,2020,40,119,4.56162303,3.935517908,4.306838239,NA,NA,4.267993059,"Residential","Maintained_lawn","Maintained_lawn"
"2202",2202,2202,"41.120.10",2020,41,120,0,10,7.1,286,NA,9.204,NA,NA,99,1.40431681305937,NA,231,15.6,10,48.64,1.05,1.12222112569664,1.40431681305937,1.40431681305937,"202041120",180,2020,41,120,13.29330698,34.24033957,21.28538936,NA,NA,22.93967864,"Residential","Garden_food_producing_raised_beds","Garden_food_producing_raised_beds"
"2203",2203,2203,"41.120.20",2020,41,120,10,20,7,309,NA,6.785,NA,NA,128.5,3.0866675675201,NA,272,11.5,10,106.91,1.05,1.19960034940652,NA,1.19960034940652,"202041120",180,2020,41,120,13.29330698,34.24033957,21.28538936,NA,NA,22.93967864,"Residential","Garden_food_producing_raised_beds","Garden_food_producing_raised_beds"
"2204",2204,2204,"41.120.40",2020,41,120,20,40,7,223,NA,5.9,NA,NA,180.5,0.756148382689658,NA,268,10,20,52.38,1.05,1.229350576465,0.756148382689658,0.756148382689658,"202041120",180,2020,41,120,13.29330698,34.24033957,21.28538936,NA,NA,22.93967864,"Residential","Garden_food_producing_raised_beds","Garden_food_producing_raised_beds"
"2205",2205,2205,"41.120.60",2020,41,120,40,60,7,180,NA,3.599,NA,NA,186.5,0.848393288481695,NA,316,6.1,20,58.77,1.05,1.31052270743565,0.848393288481695,0.848393288481695,"202041120",180,2020,41,120,13.29330698,34.24033957,21.28538936,NA,NA,22.93967864,"Residential","Garden_food_producing_raised_beds","Garden_food_producing_raised_beds"
"2206",2206,2206,"41.120.80",2020,41,120,60,80,6.8,131,NA,3.54,NA,NA,58,1.44704684766726,NA,222,6,20,100.24,1.05,1.31267903019791,1.44704684766726,1.44704684766726,"202041120",180,2020,41,120,13.29330698,34.24033957,21.28538936,NA,NA,22.93967864,"Residential","Garden_food_producing_raised_beds","Garden_food_producing_raised_beds"
"2207",2207,2207,"41.120.100",2020,41,120,80,100,6.6,139,NA,3.363,NA,NA,38,1.41370009768611,NA,139,5.7,20,97.93,1.05,1.31917107241155,1.41370009768611,1.41370009768611,"202041120",180,2020,41,120,13.29330698,34.24033957,21.28538936,NA,NA,22.93967864,"Residential","Garden_food_producing_raised_beds","Garden_food_producing_raised_beds"
"2208",2208,2208,"41.121.10",2020,41,121,0,10,7.3,110,NA,5.192,NA,NA,84.5,2.07558255943335,NA,117,8.8,10,71.89,1.05,1.25372925422768,2.07558255943335,2.07558255943335,"202041121",181,2020,41,121,22.88705004,7.469617342,7.558464626,NA,NA,12.63837734,"Residential","Garden_food_producing_raised_beds","Garden_food_producing_raised_beds"
"2209",2209,2209,"41.121.20",2020,41,121,10,20,7.3,110,NA,5.428,NA,NA,53,2.62789712838536,NA,128,9.2,10,91.02,1.05,1.24554511018119,NA,1.24554511018119,"202041121",181,2020,41,121,22.88705004,7.469617342,7.558464626,NA,NA,12.63837734,"Residential","Garden_food_producing_raised_beds","Garden_food_producing_raised_beds"
"2210",2210,2210,"41.121.40",2020,41,121,20,40,7.4,114,NA,3.481,NA,NA,40.5,1.18330437054355,NA,172,5.9,20,81.97,1.05,1.31483919405115,1.18330437054355,1.18330437054355,"202041121",181,2020,41,121,22.88705004,7.469617342,7.558464626,NA,NA,12.63837734,"Residential","Garden_food_producing_raised_beds","Garden_food_producing_raised_beds"
"2211",2211,2211,"41.121.60",2020,41,121,40,60,7.6,68,34,1.239,NA,NA,20.5,1.499737599802,NA,169,2.1,20,103.89,1.05,1.3998403980813,1.499737599802,1.499737599802,"202041121",181,2020,41,121,22.88705004,7.469617342,7.558464626,NA,NA,12.63837734,"Residential","Garden_food_producing_raised_beds","Garden_food_producing_raised_beds"
"2212",2212,2212,"41.121.80",2020,41,121,60,80,7.6,54,37,1.416,NA,NA,17.5,1.82151208338643,NA,114,2.4,20,126.18,1.05,1.39291879460309,1.82151208338643,1.82151208338643,"202041121",181,2020,41,121,22.88705004,7.469617342,7.558464626,NA,NA,12.63837734,"Residential","Garden_food_producing_raised_beds","Garden_food_producing_raised_beds"
"2213",2213,2213,"41.121.100",2020,41,121,80,100,7.8,43,31,1.239,NA,NA,35,1.27771464971099,NA,81,2.1,20,88.51,1.05,1.3998403980813,1.27771464971099,1.27771464971099,"202041121",181,2020,41,121,22.88705004,7.469617342,7.558464626,NA,NA,12.63837734,"Residential","Garden_food_producing_raised_beds","Garden_food_producing_raised_beds"
"2214",2214,2214,"41.122.10",2020,41,122,0,10,6.1,162,NA,2.478,NA,NA,158.5,2.75550979930893,NA,194,4.2,10,95.44,1.05,1.35215634405769,NA,1.35215634405769,"202041122",182,2020,41,122,7.596175417,4.071738488,3.75663073,NA,NA,5.141514878,"Residential","Maintained_lawn","Maintained_lawn"
"2215",2215,2215,"41.122.20",2020,41,122,10,20,6,126,NA,2.301,NA,NA,95,2.02534589712407,NA,101,3.9,10,70.15,1.05,1.35885972693253,2.02534589712407,2.02534589712407,"202041122",182,2020,41,122,7.596175417,4.071738488,3.75663073,NA,NA,5.141514878,"Residential","Maintained_lawn","Maintained_lawn"
"2216",2216,2216,"41.122.40",2020,41,122,20,40,6.4,107,NA,1.652,NA,NA,68,0.644992549419128,NA,85,2.8,20,44.68,1.05,1.38374728957565,0.644992549419128,0.644992549419128,"202041122",182,2020,41,122,7.596175417,4.071738488,3.75663073,NA,NA,5.141514878,"Residential","Maintained_lawn","Maintained_lawn"
"2217",2217,2217,"41.122.60",2020,41,122,40,60,7.3,116,NA,3.068,NA,NA,40,0.846516631556349,NA,103,5.2,20,58.64,1.05,1.33006846785413,0.846516631556349,0.846516631556349,"202041122",182,2020,41,122,7.596175417,4.071738488,3.75663073,NA,NA,5.141514878,"Residential","Maintained_lawn","Maintained_lawn"
"2218",2218,2218,"41.122.80",2020,41,122,60,80,7.3,120,NA,2.596,NA,NA,21.5,0.69378562947814,NA,99,4.4,20,48.06,1.05,1.34770726460248,0.69378562947814,0.69378562947814,"202041122",182,2020,41,122,7.596175417,4.071738488,3.75663073,NA,NA,5.141514878,"Residential","Maintained_lawn","Maintained_lawn"
"2219",2219,2219,"41.122.100",2020,41,122,80,100,7.4,158,NA,1.475,NA,NA,20.5,0.6924864054529,NA,92,2.5,20,47.97,1.05,1.39061979366621,0.6924864054529,0.6924864054529,"202041122",182,2020,41,122,7.596175417,4.071738488,3.75663073,NA,NA,5.141514878,"Residential","Maintained_lawn","Maintained_lawn"
"2220",2220,2220,"41.123.10",2020,41,123,0,10,7.2,57,NA,4.071,NA,NA,97,2.22773612861145,NA,116,6.9,10,77.16,1.05,1.29340958755451,2.22773612861145,2.22773612861145,"202041123",183,2020,41,123,7.982021011,3.113858781,14.55933622,NA,NA,8.551738671,"Residential","Maintained_lawn","Maintained_lawn"
"2221",2221,2221,"41.123.20",2020,41,123,10,20,7.4,41,NA,3.009,NA,NA,127,1.63038179345113,NA,67,5.1,10,56.47,1.05,1.33225960778078,1.63038179345113,1.63038179345113,"202041123",183,2020,41,123,7.982021011,3.113858781,14.55933622,NA,NA,8.551738671,"Residential","Maintained_lawn","Maintained_lawn"
"2222",2222,2222,"41.123.40",2020,41,123,20,40,7.4,25,NA,2.36,NA,NA,43,0.559099405528264,NA,42,4,20,38.73,1.05,1.35662128805787,0.559099405528264,0.559099405528264,"202041123",183,2020,41,123,7.982021011,3.113858781,14.55933622,NA,NA,8.551738671,"Residential","Maintained_lawn","Maintained_lawn"
"2223",2223,2223,"41.123.60",2020,41,123,40,60,7.3,21,NA,1.534,NA,NA,23,1.05294889334448,NA,42,2.6,20,72.94,1.05,1.38832488069319,1.05294889334448,1.05294889334448,"202041123",183,2020,41,123,7.982021011,3.113858781,14.55933622,NA,NA,8.551738671,"Residential","Maintained_lawn","Maintained_lawn"
"2224",2224,2224,"41.123.80",2020,41,123,60,80,7,18,NA,1.298,NA,NA,27.5,0.639073862193035,NA,41,2.2,20,44.27,1.05,1.39752908950921,0.639073862193035,0.639073862193035,"202041123",183,2020,41,123,7.982021011,3.113858781,14.55933622,NA,NA,8.551738671,"Residential","Maintained_lawn","Maintained_lawn"
"2225",2225,2225,"41.123.100",2020,41,123,80,100,NA,NA,NA,NA,NA,NA,45.5,0.123137565947743,NA,NA,NA,20,8.53,1.05,NA,0.123137565947743,0.123137565947743,"202041123",183,2020,41,123,7.982021011,3.113858781,14.55933622,NA,NA,8.551738671,"Residential","Maintained_lawn","Maintained_lawn"
"2226",2226,2226,"42.124.10",2020,42,124,0,10,7.3,158,NA,5.074,NA,NA,500,2.28143738832137,NA,185,8.6,10,79.02,1.05,1.2578432265251,2.28143738832137,2.28143738832137,"202042124",184,2020,42,124,17.21054376,22.60426006,12.8090807,NA,NA,17.54129484,"Residential","Garden_food_producing_in_ground","Garden_food_producing_in_ground"
"2227",2227,2227,"42.124.20",2020,42,124,10,20,7.3,121,NA,4.425,NA,NA,318.5,2.15700059834839,NA,140,7.5,10,74.71,1.05,1.28073370051086,2.15700059834839,2.15700059834839,"202042124",184,2020,42,124,17.21054376,22.60426006,12.8090807,NA,NA,17.54129484,"Residential","Garden_food_producing_in_ground","Garden_food_producing_in_ground"
"2228",2228,2228,"42.124.40",2020,42,124,20,40,7.6,72,34,2.773,NA,NA,199.5,0.891989472439747,NA,71,4.7,20,61.79,1.05,1.34106326818937,0.891989472439747,0.891989472439747,"202042124",184,2020,42,124,17.21054376,22.60426006,12.8090807,NA,NA,17.54129484,"Residential","Garden_food_producing_in_ground","Garden_food_producing_in_ground"
"2229",2229,2229,"42.124.60",2020,42,124,40,60,7.6,43,21,1.829,NA,NA,87,1.18850126664451,NA,61,3.1,20,82.33,1.05,1.37691138132277,1.18850126664451,1.18850126664451,"202042124",184,2020,42,124,17.21054376,22.60426006,12.8090807,NA,NA,17.54129484,"Residential","Garden_food_producing_in_ground","Garden_food_producing_in_ground"
"2230",2230,2230,"42.124.80",2020,42,124,60,80,7.6,39,22,2.36,NA,NA,98,0.953630434526132,NA,78,4,20,66.06,1.05,1.35662128805787,0.953630434526132,0.953630434526132,"202042124",184,2020,42,124,17.21054376,22.60426006,12.8090807,NA,NA,17.54129484,"Residential","Garden_food_producing_in_ground","Garden_food_producing_in_ground"
"2231",2231,2231,"42.124.100",2020,42,124,80,100,NA,NA,NA,NA,NA,NA,147.5,0.190264140585141,NA,NA,NA,20,13.18,1.05,NA,0.190264140585141,0.190264140585141,"202042124",184,2020,42,124,17.21054376,22.60426006,12.8090807,NA,NA,17.54129484,"Residential","Garden_food_producing_in_ground","Garden_food_producing_in_ground"
"2232",2232,2232,"42.125.10",2020,42,125,0,10,NA,NA,NA,NA,NA,NA,53,0.829193644553149,NA,NA,NA,10,28.72,1.05,NA,0.829193644553149,0.829193644553149,"202042125",185,2020,42,125,5.535748944,4.329238337,1.383937236,NA,NA,3.749641506,"Residential","Garden_food_producing_in_ground","Garden_food_producing_in_ground"
"2233",2233,2233,"42.125.20",2020,42,125,10,20,7.3,136,NA,7.552,NA,NA,58,1.7363407306207,NA,73,12.8,10,60.14,1.05,1.17445149615057,1.7363407306207,1.7363407306207,"202042125",185,2020,42,125,5.535748944,4.329238337,1.383937236,NA,NA,3.749641506,"Residential","Garden_food_producing_in_ground","Garden_food_producing_in_ground"
"2234",2234,2234,"42.125.40",2020,42,125,20,40,7.4,127,NA,5.015,NA,NA,35,0.711830407606473,NA,80,8.5,20,49.31,1.05,1.25990571051582,0.711830407606473,0.711830407606473,"202042125",185,2020,42,125,5.535748944,4.329238337,1.383937236,NA,NA,3.749641506,"Residential","Garden_food_producing_in_ground","Garden_food_producing_in_ground"
"2235",2235,2235,"42.125.60",2020,42,125,40,60,7.5,70,27,1.593,NA,NA,22,1.27049673845966,NA,38,2.7,20,88.01,1.05,1.38603404841503,1.27049673845966,1.27049673845966,"202042125",185,2020,42,125,5.535748944,4.329238337,1.383937236,NA,NA,3.749641506,"Residential","Garden_food_producing_in_ground","Garden_food_producing_in_ground"
"2236",2236,2236,"42.125.80",2020,42,125,60,80,7.7,49,22,0.7965,NA,NA,7.5,1.72435899794348,NA,27,1.35,20,119.45,1.05,1.4173069548982,1.72435899794348,1.72435899794348,"202042125",185,2020,42,125,5.535748944,4.329238337,1.383937236,NA,NA,3.749641506,"Residential","Garden_food_producing_in_ground","Garden_food_producing_in_ground"
"2237",2237,2237,"42.125.100",2020,42,125,80,100,7.6,58,39,0.944,NA,NA,5.5,1.54347814198507,NA,38,1.6,20,106.92,1.05,1.41145884536132,1.54347814198507,1.54347814198507,"202042125",185,2020,42,125,5.535748944,4.329238337,1.383937236,NA,NA,3.749641506,"Residential","Garden_food_producing_in_ground","Garden_food_producing_in_ground"
"2238",2238,2238,"42.126.10",2020,42,126,0,10,7.3,114,NA,7.021,NA,NA,68,1.75683959857448,NA,140,11.9,10,60.85,1.05,1.19180017651488,1.75683959857448,1.75683959857448,"202042126",186,2020,42,126,17.99118407,4.151811708,6.013638872,NA,NA,9.385544883,"Residential","Garden_food_producing_in_ground","Garden_food_producing_in_ground"
"2239",2239,2239,"42.126.20",2020,42,126,10,20,7.3,123,NA,5.487,NA,NA,70,1.64019815275294,NA,133,9.3,10,56.81,1.05,1.24350816146288,1.64019815275294,1.64019815275294,"202042126",186,2020,42,126,17.99118407,4.151811708,6.013638872,NA,NA,9.385544883,"Residential","Garden_food_producing_in_ground","Garden_food_producing_in_ground"
"2240",2240,2240,"42.126.40",2020,42,126,20,40,7.5,115,71,3.776,NA,NA,56,0.605727112211876,NA,86,6.4,20,41.96,1.05,1.30407671745518,0.605727112211876,0.605727112211876,"202042126",186,2020,42,126,17.99118407,4.151811708,6.013638872,NA,NA,9.385544883,"Residential","Garden_food_producing_in_ground","Garden_food_producing_in_ground"
"2241",2241,2241,"42.126.60",2020,42,126,40,60,7.8,35,17,0.59,NA,NA,6,1.71179983236616,NA,26,1,20,118.58,1.05,1.42553814552782,1.71179983236616,1.71179983236616,"202042126",186,2020,42,126,17.99118407,4.151811708,6.013638872,NA,NA,9.385544883,"Residential","Garden_food_producing_in_ground","Garden_food_producing_in_ground"
"2242",2242,2242,"42.126.80",2020,42,126,60,80,7.6,45.5,22,0.7965,NA,NA,21,1.77055362995201,NA,40,1.35,20,122.65,1.05,1.4173069548982,1.77055362995201,1.77055362995201,"202042126",186,2020,42,126,17.99118407,4.151811708,6.013638872,NA,NA,9.385544883,"Residential","Garden_food_producing_in_ground","Garden_food_producing_in_ground"
"2243",2243,2243,"42.126.100",2020,42,126,80,100,7.6,57,29,1.121,NA,NA,16.5,1.85009501194171,NA,45,1.9,20,128.16,1.05,1.40447537406824,1.85009501194171,1.85009501194171,"202042126",186,2020,42,126,17.99118407,4.151811708,6.013638872,NA,NA,9.385544883,"Residential","Garden_food_producing_in_ground","Garden_food_producing_in_ground"
"2244",2244,2244,"42.127.10",2020,42,127,0,10,7.4,134,NA,3.304,NA,NA,62,3.19955569949095,NA,150,5.6,10,110.82,1.05,1.32134280063968,NA,1.32134280063968,"202042127",187,2020,42,127,6.91968618,7.969734211,4.201659755,NA,NA,6.363693382,"Residential","Garden_food_producing_in_ground","Garden_food_producing_in_ground"
"2245",2245,2245,"42.127.20",2020,42,127,10,20,7.3,131,NA,2.891,NA,NA,53.5,2.33744837963172,NA,141,4.9,10,80.96,1.05,1.33665360392074,2.33744837963172,2.33744837963172,"202042127",187,2020,42,127,6.91968618,7.969734211,4.201659755,NA,NA,6.363693382,"Residential","Garden_food_producing_in_ground","Garden_food_producing_in_ground"
"2246",2246,2246,"42.127.40",2020,42,127,20,40,7.5,92,53,1.475,NA,NA,306,1.14432764978635,NA,79,2.5,20,79.27,1.05,1.39061979366621,1.14432764978635,1.14432764978635,"202042127",187,2020,42,127,6.91968618,7.969734211,4.201659755,NA,NA,6.363693382,"Residential","Garden_food_producing_in_ground","Garden_food_producing_in_ground"
"2247",2247,2247,"42.127.60",2020,42,127,40,60,7.6,74,36,1.003,NA,NA,170,0.985389244031998,NA,67,1.7,20,68.26,1.05,1.40912687747072,0.985389244031998,0.985389244031998,"202042127",187,2020,42,127,6.91968618,7.969734211,4.201659755,NA,NA,6.363693382,"Residential","Garden_food_producing_in_ground","Garden_food_producing_in_ground"
"2248",2248,2248,"42.127.80",2020,42,127,60,80,7.8,33,18,0.885,NA,NA,50.5,0.988420766757558,NA,51,1.5,20,68.47,1.05,1.41379496722227,0.988420766757558,0.988420766757558,"202042127",187,2020,42,127,6.91968618,7.969734211,4.201659755,NA,NA,6.363693382,"Residential","Garden_food_producing_in_ground","Garden_food_producing_in_ground"
"2249",2249,2249,"42.127.100",2020,42,127,80,100,NA,NA,NA,NA,NA,NA,32.5,0.520267042996091,NA,NA,NA,20,36.04,1.05,NA,0.520267042996091,0.520267042996091,"202042127",187,2020,42,127,6.91968618,7.969734211,4.201659755,NA,NA,6.363693382,"Residential","Garden_food_producing_in_ground","Garden_food_producing_in_ground"
"2250",2250,2250,"43.128.10",2020,43,128,0,10,7.2,174,NA,2.301,NA,NA,635,2.76012926250979,NA,65,3.9,10,95.6,1.05,1.35885972693253,NA,1.35885972693253,"202043128",188,2020,43,128,6.107607732,7.957639107,11.47766851,NA,NA,8.514305116,"Residential","Garden_non_food_producing","Garden"
"2251",2251,2251,"43.128.20",2020,43,128,10,20,7.4,166,NA,2.065,NA,NA,501.5,3.06703484891647,NA,46,3.5,10,106.23,1.05,1.36785342717879,NA,1.36785342717879,"202043128",188,2020,43,128,6.107607732,7.957639107,11.47766851,NA,NA,8.514305116,"Residential","Garden_non_food_producing","Garden"
"2252",2252,2252,"43.128.40",2020,43,128,20,40,7.4,127,NA,1.652,NA,NA,350.5,0.937606671548173,NA,34,2.8,20,64.95,1.05,1.38374728957565,0.937606671548173,0.937606671548173,"202043128",188,2020,43,128,6.107607732,7.957639107,11.47766851,NA,NA,8.514305116,"Residential","Garden_non_food_producing","Garden"
"2253",2253,2253,"43.128.60",2020,43,128,40,60,7.4,95,NA,1.711,NA,NA,268.5,0.977738258105585,NA,37,2.9,20,67.73,1.05,1.38146459693187,0.977738258105585,0.977738258105585,"202043128",188,2020,43,128,6.107607732,7.957639107,11.47766851,NA,NA,8.514305116,"Residential","Garden_non_food_producing","Garden"
"2254",2254,2254,"43.128.80",2020,43,128,60,80,7.3,66,NA,1.298,NA,NA,58,1.12411749828262,NA,49,2.2,20,77.87,1.05,1.39752908950921,1.12411749828262,1.12411749828262,"202043128",188,2020,43,128,6.107607732,7.957639107,11.47766851,NA,NA,8.514305116,"Residential","Garden_non_food_producing","Garden"
"2255",2255,2255,"43.128.100",2020,43,128,80,100,NA,NA,NA,NA,NA,NA,79,0.549860479126557,NA,NA,NA,20,38.09,1.05,NA,0.549860479126557,0.549860479126557,"202043128",188,2020,43,128,6.107607732,7.957639107,11.47766851,NA,NA,8.514305116,"Residential","Garden_non_food_producing","Garden"
"2256",2256,2256,"43.129.10",2020,43,129,0,10,6.9,91,NA,3.717,NA,NA,500,2.84327960012514,NA,78,6.3,10,98.48,1.05,1.3062215578761,NA,1.3062215578761,"202043129",189,2020,43,129,4.472485864,6.211785922,9.659907592,NA,NA,6.781393126,"Residential","Garden_non_food_producing","Garden"
"2257",2257,2257,"43.129.20",2020,43,129,10,20,7,121,NA,3.009,NA,NA,476,3.07309789436759,NA,66,5.1,10,106.44,1.05,1.33225960778078,NA,1.33225960778078,"202043129",189,2020,43,129,4.472485864,6.211785922,9.659907592,NA,NA,6.781393126,"Residential","Garden_non_food_producing","Garden"
"2258",2258,2258,"43.129.40",2020,43,129,20,40,NA,NA,NA,NA,NA,NA,184.5,0.383704162120869,NA,NA,NA,20,26.58,1.05,NA,0.383704162120869,0.383704162120869,"202043129",189,2020,43,129,4.472485864,6.211785922,9.659907592,NA,NA,6.781393126,"Residential","Garden_non_food_producing","Garden"
"2259",2259,2259,"43.129.60",2020,43,129,40,60,7.2,53,NA,1.18,NA,NA,45,1.02205623318877,NA,53,2,20,70.8,1.05,1.40215582382298,1.02205623318877,1.02205623318877,"202043129",189,2020,43,129,4.472485864,6.211785922,9.659907592,NA,NA,6.781393126,"Residential","Garden_non_food_producing","Garden"
"2260",2260,2260,"43.129.80",2020,43,129,60,80,7.2,54,NA,2.419,NA,NA,89,1.40532732063456,NA,39,4.1,20,97.35,1.05,1.35438682945876,1.40532732063456,1.40532732063456,"202043129",189,2020,43,129,4.472485864,6.211785922,9.659907592,NA,NA,6.781393126,"Residential","Garden_non_food_producing","Garden"
"2261",2261,2261,"43.129.100",2020,43,129,80,100,7,31,NA,2.124,NA,NA,48,0.985533602257024,NA,50,3.6,20,68.27,1.05,1.36559899617425,0.985533602257024,0.985533602257024,"202043129",189,2020,43,129,4.472485864,6.211785922,9.659907592,NA,NA,6.781393126,"Residential","Garden_non_food_producing","Garden"
"2262",2262,2262,"43.130.10",2020,43,130,0,10,6.7,48,NA,3.658,NA,NA,403,1.93959711145824,NA,101,6.2,10,67.18,1.05,1.30837021893434,1.93959711145824,1.93959711145824,"202043130",190,2020,43,130,5.235092342,3.780900025,3.877846179,NA,NA,4.297946182,"Residential","Maintained_lawn","Maintained_lawn"
"2263",2263,2263,"43.130.20",2020,43,130,10,20,6.6,35,NA,3.717,NA,NA,403.5,2.37151692073801,NA,75,6.3,10,82.14,1.05,1.3062215578761,2.37151692073801,2.37151692073801,"202043130",190,2020,43,130,5.235092342,3.780900025,3.877846179,NA,NA,4.297946182,"Residential","Maintained_lawn","Maintained_lawn"
"2264",2264,2264,"43.130.40",2020,43,130,20,40,7,20,NA,2.301,NA,NA,218,0.916674728919306,NA,42,3.9,20,63.5,1.05,1.35885972693253,0.916674728919306,0.916674728919306,"202043130",190,2020,43,130,5.235092342,3.780900025,3.877846179,NA,NA,4.297946182,"Residential","Maintained_lawn","Maintained_lawn"
"2265",2265,2265,"43.130.60",2020,43,130,40,60,6.8,24,NA,2.95,NA,NA,315,0.79801226794739,NA,53,5,20,55.28,1.05,1.33445465081876,0.79801226794739,0.79801226794739,"202043130",190,2020,43,130,5.235092342,3.780900025,3.877846179,NA,NA,4.297946182,"Residential","Maintained_lawn","Maintained_lawn"
"2266",2266,2266,"43.130.80",2020,43,130,60,80,7.2,20,NA,2.242,NA,NA,62.5,1.1093929593299,NA,39,3.8,20,76.85,1.05,1.36110215317286,1.1093929593299,1.1093929593299,"202043130",190,2020,43,130,5.235092342,3.780900025,3.877846179,NA,NA,4.297946182,"Residential","Maintained_lawn","Maintained_lawn"
"2267",2267,2267,"43.130.100",2020,43,130,80,100,7.5,30.5,17.5,2.478,NA,NA,46.5,1.06016680459581,NA,36,4.2,20,73.44,1.05,1.35215634405769,1.06016680459581,1.06016680459581,"202043130",190,2020,43,130,5.235092342,3.780900025,3.877846179,NA,NA,4.297946182,"Residential","Maintained_lawn","Maintained_lawn"
"2268",2268,2268,"44.131.10",2020,44,131,0,10,7.3,132,NA,5.251,NA,NA,60,2.43503453974974,NA,244,8.9,10,84.34,1.05,1.25167775289021,2.43503453974974,2.43503453974974,"202044131",191,2020,44,131,6.689284659,6.107607732,10.19656912,NA,NA,7.66448717,"Community Garden/Urban Farm","Garden_food_producing_in_ground","Garden_food_producing_in_ground"
"2269",2269,2269,"44.131.20",2020,44,131,10,20,7.5,89,57,2.537,NA,NA,51.5,3.01073514115607,NA,184,4.3,10,104.28,1.05,1.34992982478972,NA,1.34992982478972,"202044131",191,2020,44,131,6.689284659,6.107607732,10.19656912,NA,NA,7.66448717,"Community Garden/Urban Farm","Garden_food_producing_in_ground","Garden_food_producing_in_ground"
"2270",2270,2270,"44.131.40",2020,44,131,20,40,7.7,66,44,1.416,NA,NA,40.5,1.2523076021063,NA,106,2.4,20,86.75,1.05,1.39291879460309,1.2523076021063,1.2523076021063,"202044131",191,2020,44,131,6.689284659,6.107607732,10.19656912,NA,NA,7.66448717,"Community Garden/Urban Farm","Garden_food_producing_in_ground","Garden_food_producing_in_ground"
"2271",2271,2271,"44.131.60",2020,44,131,40,60,7.7,39,26,1.18,NA,NA,34.5,1.42683669616353,NA,93,2,20,98.84,1.05,1.40215582382298,1.42683669616353,1.42683669616353,"202044131",191,2020,44,131,6.689284659,6.107607732,10.19656912,NA,NA,7.66448717,"Community Garden/Urban Farm","Garden_food_producing_in_ground","Garden_food_producing_in_ground"
"2272",2272,2272,"44.131.80",2020,44,131,60,80,7.8,28,12,1.18,NA,NA,35.5,1.51879288550552,NA,69,2,20,105.21,1.05,1.40215582382298,1.51879288550552,1.51879288550552,"202044131",191,2020,44,131,6.689284659,6.107607732,10.19656912,NA,NA,7.66448717,"Community Garden/Urban Farm","Garden_food_producing_in_ground","Garden_food_producing_in_ground"
"2273",2273,2273,"44.131.100",2020,44,131,80,100,NA,NA,NA,NA,NA,NA,44.5,0.490529248640599,NA,NA,NA,20,33.98,1.05,NA,0.490529248640599,0.490529248640599,"202044131",191,2020,44,131,6.689284659,6.107607732,10.19656912,NA,NA,7.66448717,"Community Garden/Urban Farm","Garden_food_producing_in_ground","Garden_food_producing_in_ground"
"2274",2274,2274,"44.132.10",2020,44,132,0,10,7.2,122,NA,5.133,NA,NA,48.5,1.85760163964309,NA,254,8.7,10,64.34,1.05,1.25578440993612,1.85760163964309,1.85760163964309,"202044132",192,2020,44,132,5.634946095,4.653415415,4.220097454,NA,NA,4.836152988,"Community Garden/Urban Farm","Garden_food_producing_in_ground","Garden_food_producing_in_ground"
"2275",2275,2275,"44.132.20",2020,44,132,10,20,7.3,125,NA,4.071,NA,NA,47.5,2.24419296626449,NA,149,6.9,10,77.73,1.05,1.29340958755451,2.24419296626449,2.24419296626449,"202044132",192,2020,44,132,5.634946095,4.653415415,4.220097454,NA,NA,4.836152988,"Community Garden/Urban Farm","Garden_food_producing_in_ground","Garden_food_producing_in_ground"
"2276",2276,2276,"44.132.40",2020,44,132,20,40,7.6,80,50,2.006,NA,NA,41,0.944391508124426,NA,97,3.4,20,65.42,1.05,1.37011187403604,0.944391508124426,0.944391508124426,"202044132",192,2020,44,132,5.634946095,4.653415415,4.220097454,NA,NA,4.836152988,"Community Garden/Urban Farm","Garden_food_producing_in_ground","Garden_food_producing_in_ground"
"2277",2277,2277,"44.132.60",2020,44,132,40,60,7.7,59,34,1.593,NA,NA,43.5,0.69768330155386,NA,100,2.7,20,48.33,1.05,1.38603404841503,0.69768330155386,0.69768330155386,"202044132",192,2020,44,132,5.634946095,4.653415415,4.220097454,NA,NA,4.836152988,"Community Garden/Urban Farm","Garden_food_producing_in_ground","Garden_food_producing_in_ground"
"2278",2278,2278,"44.132.80",2020,44,132,60,80,7.7,39,25,1.298,NA,NA,23,1.28247847113687,NA,88,2.2,20,88.84,1.05,1.39752908950921,1.28247847113687,1.28247847113687,"202044132",192,2020,44,132,5.634946095,4.653415415,4.220097454,NA,NA,4.836152988,"Community Garden/Urban Farm","Garden_food_producing_in_ground","Garden_food_producing_in_ground"
"2279",2279,2279,"44.132.100",2020,44,132,80,100,7.6,71,39,1.593,NA,NA,27.5,0.646147415219341,NA,92,2.7,20,44.76,1.05,1.38603404841503,0.646147415219341,0.646147415219341,"202044132",192,2020,44,132,5.634946095,4.653415415,4.220097454,NA,NA,4.836152988,"Community Garden/Urban Farm","Garden_food_producing_in_ground","Garden_food_producing_in_ground"
"2280",2280,2280,"44.133.10",2020,44,133,0,10,7.4,67,NA,4.189,NA,NA,65.5,1.61132650774761,NA,85,7.1,10,55.81,1.05,1.28916924320546,1.61132650774761,1.61132650774761,"202044133",193,2020,44,133,4.924787617,7.279668108,6.171607628,NA,NA,6.125354451,"Community Garden/Urban Farm","Garden_food_producing_in_ground","Garden_food_producing_in_ground"
"2281",2281,2281,"44.133.20",2020,44,133,10,20,7.4,62,NA,4.189,NA,NA,72,1.61738955319873,NA,86,7.1,10,56.02,1.05,1.28916924320546,1.61738955319873,1.61738955319873,"202044133",193,2020,44,133,4.924787617,7.279668108,6.171607628,NA,NA,6.125354451,"Community Garden/Urban Farm","Garden_food_producing_in_ground","Garden_food_producing_in_ground"
"2282",2282,2282,"44.133.40",2020,44,133,20,40,7.5,48,23,2.891,NA,NA,45,0.783143370769644,NA,53,4.9,20,54.25,1.05,1.33665360392074,0.783143370769644,0.783143370769644,"202044133",193,2020,44,133,4.924787617,7.279668108,6.171607628,NA,NA,6.125354451,"Community Garden/Urban Farm","Garden_food_producing_in_ground","Garden_food_producing_in_ground"
"2283",2283,2283,"44.133.60",2020,44,133,40,60,7.4,55,NA,2.891,NA,NA,47,0.844206899955922,NA,61,4.9,20,58.48,1.05,1.33665360392074,0.844206899955922,0.844206899955922,"202044133",193,2020,44,133,4.924787617,7.279668108,6.171607628,NA,NA,6.125354451,"Community Garden/Urban Farm","Garden_food_producing_in_ground","Garden_food_producing_in_ground"
"2284",2284,2284,"44.133.80",2020,44,133,60,80,7.3,44,NA,2.891,NA,NA,39,1.1397081865855,NA,77,4.9,20,78.95,1.05,1.33665360392074,1.1397081865855,1.1397081865855,"202044133",193,2020,44,133,4.924787617,7.279668108,6.171607628,NA,NA,6.125354451,"Community Garden/Urban Farm","Garden_food_producing_in_ground","Garden_food_producing_in_ground"
"2285",2285,2285,"44.133.100",2020,44,133,80,100,7.6,77,34,0.885,NA,NA,13,1.92761537878102,NA,61,1.5,20,133.53,1.05,1.41379496722227,1.92761537878102,1.92761537878102,"202044133",193,2020,44,133,4.924787617,7.279668108,6.171607628,NA,NA,6.125354451,"Community Garden/Urban Farm","Garden_food_producing_in_ground","Garden_food_producing_in_ground"
"2286",2286,2286,"44.134.10",2020,44,134,0,10,7.4,123,NA,8.732,NA,NA,65.5,1.84229966779027,NA,253,14.8,10,63.81,1.05,1.13687945662636,1.84229966779027,1.84229966779027,"202044134",194,2020,44,134,12.16307964,7.244930694,5.07868723,NA,NA,8.162232521,"Community Garden/Urban Farm","Garden_food_producing_in_ground","Garden_food_producing_in_ground"
"2287",2287,2287,"44.134.20",2020,44,134,10,20,7.3,120,NA,8.201,NA,NA,66,1.59255993849414,NA,303,13.9,10,55.16,1.05,1.15362147833119,1.59255993849414,1.59255993849414,"202044134",194,2020,44,134,12.16307964,7.244930694,5.07868723,NA,NA,8.162232521,"Community Garden/Urban Farm","Garden_food_producing_in_ground","Garden_food_producing_in_ground"
"2288",2288,2288,"44.134.40",2020,44,134,20,40,7.4,26,NA,4.956,NA,NA,49.5,1.41774212798685,NA,234,8.4,20,98.21,1.05,1.26197186844107,1.41774212798685,1.41774212798685,"202044134",194,2020,44,134,12.16307964,7.244930694,5.07868723,NA,NA,8.162232521,"Community Garden/Urban Farm","Garden_food_producing_in_ground","Garden_food_producing_in_ground"
"2289",2289,2289,"44.134.60",2020,44,134,40,60,7.5,85,68,4.071,NA,NA,56,1.01339473968717,NA,128,6.9,20,70.2,1.05,1.29340958755451,1.01339473968717,1.01339473968717,"202044134",194,2020,44,134,12.16307964,7.244930694,5.07868723,NA,NA,8.162232521,"Community Garden/Urban Farm","Garden_food_producing_in_ground","Garden_food_producing_in_ground"
"2290",2290,2290,"44.134.80",2020,44,134,60,80,7.4,125,NA,6.844,NA,NA,49,0.616987053763955,NA,258,11.6,20,42.74,1.05,1.19764509727156,0.616987053763955,0.616987053763955,"202044134",194,2020,44,134,12.16307964,7.244930694,5.07868723,NA,NA,8.162232521,"Community Garden/Urban Farm","Garden_food_producing_in_ground","Garden_food_producing_in_ground"
"2291",2291,2291,"44.134.100",2020,44,134,80,100,7.4,124,NA,7.906,NA,NA,64.5,0.720780617558126,NA,309,13.4,20,49.93,1.05,1.16303913115776,0.720780617558126,0.720780617558126,"202044134",194,2020,44,134,12.16307964,7.244930694,5.07868723,NA,NA,8.162232521,"Community Garden/Urban Farm","Garden_food_producing_in_ground","Garden_food_producing_in_ground"
