"","lab_number","sample_code","year","site","plot","top","bottom","pH","bray_p","olsen_p","total_carbon","inorganic_carbon","total_p","lead","bulk_density","ksat","k","loi_om","depth_increment_height","dry_mass","radius"
"1",1,"18.001.0-10",2018,1,1,0,10,7.2,42,NA,2.928,NA,737,83,1.12137469200711,NA,NA,5.942781918,10,38.84,1.05
"2",2,"18.001.10-20",2018,1,1,10,20,7.6,43,19,0.862,1.3,408,183,1.39594403600783,NA,NA,2.157378618,10,48.35,1.05
"3",3,"18.001.20-40",2018,1,1,20,40,8,44,18,0.893,1.5,281,27,0.996216110908998,NA,NA,1.678583266,20,69.01,1.05
"4",4,"18.001.40-60",2018,1,1,40,60,8,50,23,0.845,2.2,408,61,1.11487857188091,NA,NA,2.123556663,20,77.23,1.05
"5",5,"18.001.60-80",2018,1,1,60,80,7.9,65,22,0.893,1.5,599,60,1.59501402831959,NA,NA,2.014448098,20,110.49,1.05
"6",6,"18.001.80-100",2018,1,1,80,100,7.9,51,21,0.741,0.8,453,34,0.686712076451833,NA,NA,1.137868458,20,47.57,1.05
"7",7,"18.002.0-10",2018,2,2,0,10,6.1,278,NA,8.254,NA,1808,42,0.636619772367581,NA,NA,15.86622642,10,22.05,1.05
"8",8,"18.002.10-20",2018,2,2,10,20,6.7,130,NA,4.729,NA,974,49,0.923603923720586,NA,NA,11.37026239,10,31.99,1.05
"9",9,"18.002.20-40",2018,2,2,20,40,6.9,127,NA,2.008,NA,833,58,1.02956286089016,NA,NA,5.088357227,20,71.32,1.05
"10",10,"18.002.40-60",2018,2,2,40,60,7.4,56,NA,0.641,0.3,336,26,1.40604911175969,NA,NA,2.857814889,20,97.4,1.05
"11",11,"18.002.60-80",2018,2,2,60,80,7.6,NA,44,0.762,0.6,381,18,1.49872709222681,NA,NA,2.599523965,20,103.82,1.05
"12",12,"18.002.80-100",2018,2,2,80,100,7.4,63,NA,0.827,0.9,379,40,1.07763414982404,NA,NA,NA,20,74.65,1.05
"13",13,"18.003.0-10",2018,3,3,0,10,NA,NA,NA,NA,NA,NA,28,0.271104746600072,NA,NA,30.8883293,10,9.39,1.05
"14",14,"18.003.10-20",2018,3,3,10,20,6.5,182,NA,6.43,NA,1666,32,0.847671497356562,NA,NA,13.89697568,10,29.36,1.05
"15",15,"18.003.20-40",2018,3,3,20,40,6.3,329,NA,11.21,NA,2391,30,0.317732453283684,NA,NA,16.63141002,20,22.01,1.05
"16",16,"18.003.40-60",2018,3,3,40,60,6.7,145,NA,1.92,NA,1931,10,1.22747798740171,NA,NA,5.075337034,20,85.03,1.05
"17",17,"18.003.60-80",2018,3,3,60,80,6.3,215,NA,3.543,NA,1266,29,0.705334287480273,NA,NA,8.526983367,20,48.86,1.05
"18",18,"18.003.80-100",2018,3,3,80,100,6.7,213,NA,1.881,NA,882,36,2.48281711223357,NA,NA,4.632337796,20,171.99,1.05
"19",19,"18.004.0-10",2018,4,4,0,10,NA,NA,NA,NA,NA,NA,84,0.390055924022042,NA,NA,2.355808286,10,13.51,1.05
"20",20,"18.004.10-20",2018,4,4,10,20,NA,NA,NA,NA,NA,NA,67,0.44375718373196,NA,NA,3.575806686,10,15.37,1.05
"21",21,"18.004.20-40",2018,4,4,20,40,8.1,10,2,1.984,2.8,384,100,0.392221297397442,NA,NA,2.699700266,20,27.17,1.05
"22",22,"18.004.40-60",2018,4,4,40,60,NA,NA,NA,NA,NA,NA,59,0.232416742292927,NA,NA,2.431828891,20,16.1,1.05
"23",23,"18.004.60-80",2018,4,4,60,80,NA,NA,NA,NA,NA,NA,107,0.208597635163527,NA,NA,2.372328146,20,14.45,1.05
"24",24,"18.004.80-100",2018,4,4,80,100,NA,NA,NA,NA,NA,NA,35,0.23530390679346,NA,NA,1.223214286,20,16.3,1.05
"25",25,"18.005.0-10",2018,5,5,0,10,6.8,37,NA,2.326,NA,391,81,1.27208467893495,NA,NA,4.95383699,10,44.06,1.05
"26",26,"18.005.10-20",2018,5,5,10,20,7.6,29,10,1.163,1.2,376,46,1.73114383451974,NA,NA,2.673337376,10,59.96,1.05
"27",27,"18.005.20-40",2018,5,5,20,40,7.7,23,8,1.014,1.5,281,48,1.19716276014611,NA,NA,1.983394834,20,82.93,1.05
"28",28,"18.005.40-60",2018,5,5,40,60,7.8,23,6,0.624,0.9,227,31,1.27367261941024,NA,NA,1.865558585,20,88.23,1.05
"29",29,"18.005.60-80",2018,5,5,60,80,7.6,38,15,0.491,0.3,382,17,1.6871145758866,NA,NA,2.525812572,20,116.87,1.05
"30",30,"18.005.80-100",2018,5,5,80,100,7.8,22,8,0.453,0.8,372,8,1.67383361918415,NA,NA,1.810336741,20,115.95,1.05
"31",31,"18.006.0-10",2018,6,6,0,10,6.5,154,NA,7.061,NA,1468,50,0.996071752683971,NA,NA,14.65731463,10,34.5,1.05
"32",32,"18.006.10-20",2018,6,6,10,20,6.6,135,NA,6.264,NA,1105,39,1.04861814659368,NA,NA,12.02948732,10,36.32,1.05
"33",33,"18.006.20-40",2018,6,6,20,40,6.6,181,NA,5.271,NA,1063,32,0.506986086293639,NA,NA,13.25253095,20,35.12,1.05
"34",34,"18.006.40-60",2018,6,6,40,60,6.8,155,NA,2.764,NA,756,41,0.79238229717135,NA,NA,8.710248997,20,54.89,1.05
"35",35,"18.006.60-80",2018,6,6,60,80,6.8,99,NA,2.168,NA,631,20,1.24754378068042,NA,NA,7.493488279,20,86.42,1.05
"36",36,"18.006.80-100",2018,6,6,80,100,7,108,NA,1.757,NA,484,71,1.8495175790416,NA,NA,6.206587497,20,128.12,1.05
"37",37,"18.007.0-10",2018,7,7,0,10,6.4,61,NA,2.851,NA,636,115,1.18373744521863,NA,NA,8.039132284,10,41,1.05
"38",38,"18.007.10-20",2018,7,7,10,20,6.7,44,NA,1.24,NA,454,73,1.35408015075009,NA,NA,5.758640453,10,46.9,1.05
"39",39,"18.007.20-40",2018,7,7,20,40,6.9,64,NA,2.248,NA,581,131,1.18720204261927,NA,NA,7.537907462,20,82.24,1.05
"40",40,"18.007.40-60",2018,7,7,40,60,7.1,65,NA,1.51,NA,559,59,1.50161425672734,NA,NA,6.91141261,20,104.02,1.05
"41",41,"18.007.60-80",2018,7,7,60,80,6.5,63,NA,1.594,NA,536,26,0.534125432598651,NA,NA,7.253455525,20,37,1.05
"42",42,"18.007.80-100",2018,7,7,80,100,7.2,54,NA,1.384,NA,503,198,0.89920738369108,NA,NA,5.590384268,20,62.29,1.05
"43",43,"18.008.0-10",2018,8,8,0,10,5.6,30,NA,3.772,NA,647,92,1.72565822196872,NA,NA,10.00432207,10,59.77,1.05
"44",44,"18.008.10-20",2018,8,8,10,20,6,23,NA,1.483,NA,454,45,1.22704491272663,NA,NA,6.748880606,10,42.5,1.05
"45",45,"18.008.20-40",2018,8,8,20,40,5.6,14,NA,0.725,NA,365,14,0.514348355769998,NA,NA,5.110797119,20,35.63,1.05
"46",46,"18.008.40-60",2018,8,8,40,60,6.6,17,NA,0.475,NA,329,13,0.973118794904731,NA,NA,3.494961409,20,67.41,1.05
"47",47,"18.008.60-80",2018,8,8,60,80,6.4,10,NA,0.313,NA,185,11,1.33473614859652,NA,NA,0.8825326977,20,92.46,1.05
"48",48,"18.008.80-100",2018,8,8,80,100,6,43,NA,2.657,NA,375,84,0.4732062616374,NA,NA,NA,20,32.78,1.05
"49",49,"18.009.0-10",2018,9,9,0,10,6.1,70,NA,3.265,NA,745,87,1.30846295164167,NA,NA,9.654491609,10,45.32,1.05
"50",50,"18.009.10-20",2018,9,9,10,20,6.1,47,NA,1.679,NA,512,58,0.853157109907575,NA,NA,6.86291762,10,29.55,1.05
"51",51,"18.009.20-40",2018,9,9,20,40,7,64,NA,1.53,NA,579,98,0.655097625170994,NA,NA,5.529402784,20,45.38,1.05
"52",52,"18.009.40-60",2018,9,9,40,60,7.7,20,14,0.558,0.9,410,12,1.27150724603484,NA,NA,2.892124754,20,88.08,1.05
"53",53,"18.009.60-80",2018,9,9,60,80,7.3,17,NA,0.251,NA,368,18,0.748641754988271,NA,NA,2.421788552,20,51.86,1.05
"54",54,"18.009.80-100",2018,9,9,80,100,7.6,16,5,0.253,0.2,311,10,1.36086498732635,NA,NA,1.228909595,20,94.27,1.05
"55",55,"18.010.0-10",2018,10,10,0,10,7.1,20,NA,4.41,NA,509,51,1.08182053834981,NA,NA,11.66293011,10,37.47,1.05
"56",56,"18.010.10-20",2018,10,10,10,20,7.2,13,NA,3.144,NA,487,48,0.415174255176681,NA,NA,9.818112561,10,14.38,1.05
"57",57,"18.010.20-40",2018,10,10,20,40,7.7,5,4,2.38,5.7,430,22,1.05843450589549,NA,NA,8.722385593,20,73.32,1.05
"58",58,"18.010.40-60",2018,10,10,40,60,7.4,28,NA,1.563,0.4,397,14,1.16959033916602,NA,NA,7.436328688,20,81.02,1.05
"59",59,"18.010.60-80",2018,10,10,60,80,7.2,24,NA,0.982,NA,322,12.5,0.870624455135801,NA,NA,7.548695147,20,60.31,1.05
"60",60,"18.010.80-100",2018,10,10,80,100,7.5,16,7,0.537,0.4,199,NA,1.1462043067117,NA,NA,4.645578187,20,79.4,1.05
"61",61,"18.011.0-10",2018,11,11,0,10,7.1,23,NA,3.851,NA,602,111.5,NA,NA,NA,10.2976289,10,NA,1.05
"62",62,"18.011.10-20",2018,11,11,10,20,6.8,20,NA,3.145,NA,455,107.5,NA,NA,NA,9.502519029,10,NA,1.05
"63",63,"18.011.20-40",2018,11,11,20,40,7.2,24,NA,2.347,NA,330,41.5,NA,NA,NA,8.979409602,20,NA,1.05
"64",64,"18.011.40-60",2018,11,11,40,60,7.5,19,14,2.816,4.3,509,48,NA,NA,NA,9.3526663,20,NA,1.05
"65",65,"18.011.60-80",2018,11,11,60,80,7.4,19,NA,3.265,0.5,476,36.5,NA,NA,NA,10.50247629,20,NA,1.05
"66",66,"18.011.80-100",2018,11,11,80,100,7.5,41,26,1.219,0.2,288,10,NA,NA,NA,6.8905897,20,NA,1.05
"67",67,"18.012.0-10",2018,12,12,0,10,6.4,19,NA,4.148,NA,562,71,NA,NA,NA,11.53647545,10,NA,1.05
"68",68,"18.012.10-20",2018,12,12,10,20,6.3,19,NA,2.979,NA,501,81,NA,NA,NA,250.1431837,10,NA,1.05
"69",69,"18.012.20-40",2018,12,12,20,40,6.5,15,NA,2.08,NA,475,30,NA,NA,NA,8.999045778,20,NA,1.05
"70",70,"18.012.40-60",2018,12,12,40,60,7.2,13,NA,2.286,NA,380,25,NA,NA,NA,8.502219649,20,NA,1.05
"71",71,"18.012.60-80",2018,12,12,60,80,7,28,NA,2.633,NA,422,14.5,NA,NA,NA,11.29637536,20,NA,1.05
"72",72,"18.012.80-100",2018,12,12,80,100,7,28,NA,1.613,NA,376,13.5,NA,NA,NA,11.49211194,20,NA,1.05
"73",73,"18.013.0-10",2018,13,13,0,10,5.7,15,NA,3.704,NA,524,32,NA,NA,NA,10.85717156,10,NA,1.05
"74",74,"18.013.10-20",2018,13,13,10,20,5.4,10,NA,2.61,NA,478,37,NA,NA,NA,9.469534231,10,NA,1.05
"75",75,"18.013.20-40",2018,13,13,20,40,5.2,8,NA,1.773,NA,354,15.5,1.05785707299538,NA,NA,9.222004629,20,73.28,1.05
"76",76,"18.013.40-60",2018,13,13,40,60,5,7,NA,1.037,NA,258,10.5,NA,NA,NA,9.552784455,20,NA,1.05
"77",77,"18.013.60-80",2018,13,13,60,80,5.6,7,NA,0.492,NA,158,9,NA,NA,NA,5.011795412,20,NA,1.05
"78",78,"18.013.80-100",2018,13,13,80,100,5.8,10,NA,0.2,NA,151,3.5,1.60324244714611,NA,NA,1.281535833,20,111.06,1.05
"79",79,"18.014.0-10",2018,14,14,0,10,7.2,27,NA,2.694,NA,401,19,NA,NA,NA,NA,10,NA,1.05
"80",80,"18.014.10-20",2018,14,14,10,20,7.3,19,NA,2.345,NA,436,30.5,NA,NA,NA,NA,10,NA,1.05
"81",81,"18.014.20-40",2018,14,14,20,40,7.8,30,14,0.716,1.1,236,6,NA,NA,NA,NA,20,NA,1.05
"82",82,"18.014.40-60",2018,14,14,40,60,7.9,12,16,1.737,7.2,338,10.5,NA,NA,NA,NA,20,NA,1.05
"83",83,"18.014.60-80",2018,14,14,60,80,7.7,18,17,1.536,4.4,302,10,NA,NA,NA,NA,20,NA,1.05
"84",84,"18.014.80-100",2018,14,14,80,100,7.4,17,NA,0.897,0.8,229,7,1.20885577637327,NA,NA,NA,20,83.74,1.05
"85",85,"18.015.0-10",2018,15,15,0,10,6.7,63,NA,3.704,NA,737,22,0.798300984397443,NA,NA,NA,10,27.65,1.05
"86",86,"18.015.10-20",2018,15,15,10,20,6.9,43,NA,2.3,NA,612,24,2.77716353306293,NA,NA,NA,10,96.19,1.05
"87",87,"18.015.20-40",2018,15,15,20,40,7.4,25,NA,1.541,0.9,478,15.5,1.38858176653147,NA,NA,NA,20,96.19,1.05
"88",88,"18.015.40-60",2018,15,15,40,60,7.4,30,NA,1.65,0.7,389,12.5,0,NA,NA,NA,20,NA,1.05
"89",89,"18.015.60-80",2018,15,15,60,80,6.4,26,NA,1.267,NA,336,5,0,NA,NA,NA,20,NA,1.05
"90",90,"18.015.80-100",2018,15,15,80,100,5.1,12,NA,0.952,NA,268,4,0.745898948712765,NA,NA,NA,20,51.67,1.05
"91",91,"18.016.0-10",2018,16,16,0,10,7.1,24,NA,4.222,NA,439,44.5,0.637485921717741,NA,NA,10.66905044,10,22.08,1.05
"92",92,"18.016.10-20",2018,16,16,10,20,7.3,22,NA,2.589,NA,408,51.5,1.92949203570637,NA,NA,7.736382516,10,66.83,1.05
"93",93,"18.016.20-40",2018,16,16,20,40,7.4,18,NA,2.25,0.8,421,66,1.63427946552685,NA,NA,6.370830412,20,113.21,1.05
"94",94,"18.016.40-60",2018,16,16,40,60,7.6,21,10,1.48,0.8,313,43.5,2.39779011769286,NA,NA,5.192242914,20,166.1,1.05
"95",95,"18.016.60-80",2018,16,16,60,80,7.5,24,10,2.97,1.8,349,40.5,2.32416742292927,NA,NA,5.949986342,20,161,1.05
"96",96,"18.016.80-100",2018,16,16,80,100,7.6,28.5,16,2.717,0.9,416,16,2.37844611553929,NA,NA,6.860770466,20,164.76,1.05
"97",97,"18.017.0-10",2018,17,17,0,10,7.5,40,19,3.813,1,431,52.5,0.947278672624959,NA,NA,7.383281797,10,32.81,1.05
"98",98,"18.017.10-20",2018,17,17,10,20,7.5,33,19,3.48,1.3,747,29,0.979903631480985,NA,NA,5.609818461,10,33.94,1.05
"99",99,"18.017.20-40",2018,17,17,20,40,7.7,29,16,1.943,1.3,334,31,1.86712928249485,NA,NA,4.925725122,20,129.34,1.05
"100",100,"18.017.40-60",2018,17,17,40,60,7.7,34,18,2.337,1.2,297,33.5,0.161103779129755,NA,NA,5.480220477,20,11.16,1.05
"101",101,"18.017.60-80",2018,17,17,60,80,8,16,7,1.319,4,224,10,1.98117228026592,NA,NA,5.247717559,20,137.24,1.05
"102",102,"18.017.80-100",2018,17,17,80,100,8.1,21,10,1.153,2.9,263,18.5,2.17504537647672,NA,NA,5.976717411,20,150.67,1.05
"103",103,"18.018.0-10",2018,18,18,0,10,7.2,45,NA,3.465,NA,472,45.5,1.10318555565375,NA,NA,NA,10,38.21,1.05
"104",104,"18.018.10-20",2018,18,18,10,20,7.4,41,NA,2.469,1,331,36,1.51431778052969,NA,NA,NA,10,52.45,1.05
"105",105,"18.018.20-40",2018,18,18,20,40,7.6,39,19,2.105,1.2,325,44.5,1.66084137893175,NA,NA,NA,20,115.05,1.05
"106",106,"18.018.40-60",2018,18,18,40,60,7.5,42,18,2.079,1.3,500,35,2.57895969010132,NA,NA,NA,20,178.65,1.05
"107",107,"18.018.60-80",2018,18,18,60,80,7.6,39,22,2.313,1.4,323,30,2.31593900410275,NA,NA,NA,20,160.43,1.05
"108",108,"18.018.80-100",2018,18,18,80,100,7.5,43,27,2.163,1.7,461,62,2.41742283629649,NA,NA,NA,20,167.46,1.05
"109",109,"18.019.0-10",2018,19,19,0,10,6.3,8,NA,3.625,NA,547,35,0,NA,NA,10.59736073,10,NA,1.05
"110",110,"18.019.10-20",2018,19,19,10,20,5.9,10,NA,2.301,NA,496,22.5,1.16843547336581,NA,NA,8.411286612,10,40.47,1.05
"111",111,"18.019.20-40",2018,19,19,20,40,6.3,13,NA,1.298,NA,333,0,1.54448864956026,NA,NA,4.513510085,20,106.99,1.05
"112",112,"18.019.40-60",2018,19,19,40,60,6.9,22,NA,0.819,NA,351,4.5,1.34426379144828,NA,NA,10.78707664,20,93.12,1.05
"113",113,"18.019.60-80",2018,19,19,60,80,6.8,16,NA,0.397,NA,281,3.5,1.57090620474014,NA,NA,2.933761174,20,108.82,1.05
"114",114,"18.019.80-100",2018,19,19,80,100,6.7,13,NA,0.345,NA,220,3.5,1.10737194417953,NA,NA,2.176015474,20,76.71,1.05
"115",115,"18.020.0-10",2018,20,20,0,10,7.1,15,NA,3.424,NA,414,61.5,0,NA,NA,8.823823074,10,NA,1.05
"116",116,"18.020.10-20",2018,20,20,10,20,7.1,7,NA,3.391,NA,484,48,1.08644000155066,NA,NA,9.111706138,10,37.63,1.05
"117",117,"18.020.20-40",2018,20,20,20,40,7.7,5,12,2.131,NA,460,18.5,1.80563267863349,NA,NA,5.345345345,20,125.08,1.05
"118",118,"18.020.40-60",2018,20,20,40,60,7.6,22,13,1.317,0.5,228,27.5,2.34596551490829,NA,NA,3.328487643,20,162.51,1.05
"119",119,"18.020.60-80",2018,20,20,60,80,7.3,27,NA,1.683,NA,332,21,1.44791299701742,NA,NA,4.997608198,20,100.3,1.05
"120",120,"18.020.80-100",2018,20,20,80,100,7.4,27,NA,1.979,0.6,319,17,1.58303229564238,NA,NA,5.649129201,20,109.66,1.05
"121",121,"18.021.0-10",2018,21,21,0,10,6.9,42,NA,3.438,NA,589,33,1.39536660310772,NA,NA,9.706950469,10,48.33,1.05
"122",122,"18.021.10-20",2018,21,21,10,20,6.9,47,NA,2.84,NA,379,26.5,1.58101128049201,NA,NA,7.706403595,10,54.76,1.05
"123",123,"18.021.20-40",2018,21,21,20,40,7.2,40,NA,1.591,NA,405,13.5,1.84417632471561,NA,NA,5.397390273,20,127.75,1.05
"124",124,"18.021.40-60",2018,21,21,40,60,7.3,26,NA,0.833,NA,319,7,2.26353696841807,NA,NA,3.07066498,20,156.8,1.05
"125",125,"18.021.60-80",2018,21,21,60,80,7.5,20,8,0.412,0.2,355,0,2.14574065679631,NA,NA,2.214111922,20,148.64,1.05
"126",126,"18.021.80-100",2018,21,21,80,100,7.6,16,7,0.454,0.5,199,4.5,1.73215434209492,NA,NA,2.143969629,20,119.99,1.05
"127",127,"18.022.0-10",2018,22,22,0,10,6.1,130,NA,4.06,NA,950,54,1.05266017689442,NA,NA,NA,10,36.46,1.05
"128",128,"18.022.10-20",2018,22,22,10,20,6.1,149,NA,4.153,NA,1012,57,0.702447122979739,NA,NA,NA,10,24.33,1.05
"129",129,"18.022.20-40",2018,22,22,20,40,6.4,60,NA,1.783,NA,561,34.5,1.05930065524565,NA,NA,NA,20,73.38,1.05
"130",130,"18.022.40-60",2018,22,22,40,60,6.7,50,NA,1.978,NA,525,20.5,1.03432668231604,NA,NA,NA,20,71.65,1.05
"131",131,"18.022.60-80",2018,22,22,60,80,6.7,45,NA,1.64,NA,480,9,0.517957311395665,NA,NA,NA,20,35.88,1.05
"132",132,"18.022.80-100",2018,22,22,80,100,6.7,20,NA,1.015,NA,391,11.5,0.864417051459655,NA,NA,NA,20,59.88,1.05
"133",133,"18.023.0-10",2018,23,23,0,10,6,41,NA,4.032,NA,756,38.5,0.770584205192324,NA,NA,NA,10,26.69,1.05
"134",134,"18.023.10-20",2018,23,23,10,20,6.1,28,NA,2.677,NA,561,26.5,0.669822164123714,NA,NA,NA,10,23.2,1.05
"135",135,"18.023.20-40",2018,23,23,20,40,6.4,26,NA,2.227,NA,601,21.5,0.68252568792606,NA,NA,NA,20,47.28,1.05
"136",136,"18.023.40-60",2018,23,23,40,60,6.1,27,NA,1.749,NA,480,12,0.637052847042661,NA,NA,NA,20,44.13,1.05
"137",137,"18.023.60-80",2018,23,23,60,80,5.4,9,NA,0.584,NA,327,10,0.735360798285818,NA,NA,NA,20,50.94,1.05
"138",138,"18.023.80-100",2018,23,23,80,100,5.5,10,NA,0.804,NA,321,9,0.80450838807359,NA,NA,NA,20,55.73,1.05
"139",139,"19.001.0-10",2019,1,1,0,10,6.8,66,NA,3.185,NA,632,213,1.20567989542268,NA,NA,NA,10,41.76,1.05
"140",140,"19.001.10-20",2019,1,1,10,20,7.1,53,NA,2.782,NA,605,141,1.0076204106861,NA,NA,NA,10,34.9,1.05
"141",141,"19.001.20-40",2019,1,1,20,40,7.4,32,NA,2.097,0.3,376,41,1.0206126509385,NA,NA,NA,20,70.7,1.05
"142",142,"19.001.40-60",2019,1,1,40,60,7.6,22,14,1.027,0.4,268,13,1.46422547644544,NA,NA,NA,20,101.43,1.05
"143",143,"19.001.60-80",2019,1,1,60,80,7.7,45,26,0.825,0.1,415,15,1.58880662464345,NA,NA,NA,20,110.06,1.05
"144",144,"19.001.80-100",2019,1,1,80,100,7.8,33,17,0.256,0.3,157,12,1.65145809430502,NA,NA,NA,20,114.4,1.05
"145",145,"19.002.0-10",2019,2,2,0,10,6.5,70,NA,4.14,NA,776,300,0.851713527657308,NA,NA,NA,10,29.5,1.05
"146",146,"19.002.10-20",2019,2,2,10,20,7,83,NA,3.22,NA,836,197,1.28247847113687,NA,NA,NA,10,44.42,1.05
"147",147,"19.002.20-40",2019,2,2,20,40,7.4,51,NA,1.238,0.1,371,41,1.2133308813491,NA,NA,NA,20,84.05,1.05
"148",148,"19.002.40-60",2019,2,2,40,60,7.5,42,19,1.024,0.4,296,48,1.56902954781479,NA,NA,NA,20,108.69,1.05
"149",149,"19.002.60-80",2019,2,2,60,80,7.4,23,NA,0.656,0.2,263,34,1.63557868955209,NA,NA,NA,20,113.3,1.05
"150",150,"19.002.80-100",2019,2,2,80,100,7.5,25,17,0.328,0.2,295,13,1.402295797909,NA,NA,NA,20,97.14,1.05
"151",151,"19.003.0-10",2019,3,3,0,10,6.6,65,NA,4.771,NA,804,261,0.89704201031568,NA,NA,NA,10,31.07,1.05
"152",152,"19.003.10-20",2019,3,3,10,20,7.2,72,NA,2.824,NA,554,113,1.10780501885461,NA,NA,NA,10,38.37,1.05
"153",153,"19.003.20-40",2019,3,3,20,40,7.2,64,NA,2.179,NA,509,69,1.14071869416069,NA,NA,NA,20,79.02,1.05
"154",154,"19.003.40-60",2019,3,3,40,60,7.3,38,NA,2.394,NA,442,26,1.26241267785816,NA,NA,NA,20,87.45,1.05
"155",155,"19.003.60-80",2019,3,3,60,80,7.2,18,NA,3.42,NA,496,33,1.2095775674984,NA,NA,NA,20,83.79,1.05
"156",156,"19.003.80-100",2019,3,3,80,100,7.4,19,NA,1.251,0.2,245,9,1.66906979775827,NA,NA,NA,20,115.62,1.05
"157",157,"19.004.0-10",2019,4,4,0,10,7,53,NA,3.513,NA,427,41,1.23484025687807,NA,NA,NA,10,42.77,1.05
"158",158,"19.004.10-20",2019,4,4,10,20,7.4,37,NA,1.995,0.5,309,39,1.42856899486385,NA,NA,NA,10,49.48,1.05
"159",159,"19.004.20-40",2019,4,4,20,40,7.7,25,9,1.034,0.8,327,48,1.79884784205724,NA,NA,NA,20,124.61,1.05
"160",160,"19.004.40-60",2019,4,4,40,60,7.7,24,8,0.949,0.5,188,20,1.96760260711341,NA,NA,NA,20,136.3,1.05
"161",161,"19.004.60-80",2019,4,4,60,80,7.5,33.5,13,0.53,0.3,219,17,2.01495210492215,NA,NA,NA,20,139.58,1.05
"162",162,"19.004.80-100",2019,4,4,80,100,7.6,19,7,0.415,0.2,154,14,1.72291541569322,NA,NA,NA,20,119.35,1.05
"163",163,"19.005.0-10",2019,5,5,0,10,7.3,41,NA,2.423,NA,755,52,2.00686804432066,NA,NA,NA,10,69.51,1.05
"164",164,"19.005.10-20",2019,5,5,10,20,7.6,30,11,1.251,0.5,432,31,1.50507885412798,NA,NA,NA,10,52.13,1.05
"165",165,"19.005.20-40",2019,5,5,20,40,7.7,39,13,1.098,0.4,382,48,1.98290457896624,NA,NA,NA,20,137.36,1.05
"166",166,"19.005.40-60",2019,5,5,40,60,7.6,42,13,0.646,0.3,649,33,1.67008030533346,NA,NA,NA,20,115.69,1.05
"167",167,"19.005.60-80",2019,5,5,60,80,7.7,38,14,0.264,0.2,173,31,1.78513381067971,NA,NA,NA,20,123.66,1.05
"168",168,"19.005.80-100",2019,5,5,80,100,7.6,32,10,0.145,0.2,236,6,1.74904425442304,NA,NA,NA,20,121.16,1.05
"169",169,"19.006.0-10",2019,6,6,0,10,7,52,NA,3.726,NA,484,37.5,1.16468215951511,NA,NA,NA,10,40.34,1.05
"170",170,"19.006.10-20",2019,6,6,10,20,7.7,12,14,2.467,3.6,315,39,1.79552760288163,NA,NA,NA,10,62.19,1.05
"171",171,"19.006.20-40",2019,6,6,20,40,7.8,30,11,1.08,0.5,303,24.5,1.12180776668219,NA,NA,NA,20,77.71,1.05
"172",172,"19.006.40-60",2019,6,6,40,60,8,18,6,0.513,0.2,157,16,1.56773032378955,NA,NA,NA,20,108.6,1.05
"173",173,"19.006.60-80",2019,6,6,60,80,7.9,14,5,0.864,0.2,127,15,1.51893724373054,NA,NA,NA,20,105.22,1.05
"174",174,"19.006.80-100",2019,6,6,80,100,7.8,13,5,0.381,0.3,129,9,1.36274164425169,NA,NA,NA,20,94.4,1.05
"175",175,"19.007.0-10",2019,7,7,0,10,7.3,19,NA,3.376,NA,382,29.5,1.71006753366584,NA,NA,NA,10,59.23,1.05
"176",176,"19.007.10-20",2019,7,7,10,20,7.6,24,9,1.981,0.8,227,44.5,1.57061748829009,NA,NA,NA,10,54.4,1.05
"177",177,"19.007.20-40",2019,7,7,20,40,7.9,26,10,1.279,0.7,189,45.5,1.60627396987167,NA,NA,NA,20,111.27,1.05
"178",178,"19.007.40-60",2019,7,7,40,60,7.9,32,12,1.208,0.8,232,52.5,1.02191187496374,NA,NA,NA,20,70.79,1.05
"179",179,"19.007.60-80",2019,7,7,60,80,7.8,55,24,1.098,0.9,280,69.5,1.14115176883577,NA,NA,NA,20,79.05,1.05
"180",180,"19.007.80-100",2019,7,7,80,100,7.9,43,18,0.933,0.7,269,76.5,1.87001644699539,NA,NA,NA,20,129.54,1.05
"181",181,"19.008.0-10",2019,8,8,0,10,7.2,106,NA,1.145,NA,556,4.5,1.819202351786,NA,NA,NA,10,63.01,1.05
"182",182,"19.008.10-20",2019,8,8,10,20,7.1,101,NA,1.143,NA,518,0,1.5365489471838,NA,NA,NA,10,53.22,1.05
"183",183,"19.008.20-40",2019,8,8,20,40,7.9,32,14,1.01,3.1,317,7,2.09723629318735,NA,NA,NA,20,145.28,1.05
"184",184,"19.008.40-60",2019,8,8,40,60,8,23,11,0.828,3.7,259,4,2.51558642931462,NA,NA,NA,20,174.26,1.05
"185",185,"19.008.60-80",2019,8,8,60,80,8.1,18,9,0.693,3.8,267,0,2.5225156241159,NA,NA,NA,20,174.74,1.05
"186",186,"19.008.80-100",2019,8,8,80,100,8,22,9,0.888,3.1,266,3.5,2.43445710684964,NA,NA,NA,20,168.64,1.05
"187",187,"19.009.0-10",2019,9,9,0,10,7.4,57,NA,2.471,0.5,367,24,1.50219168962745,NA,NA,NA,10,52.03,1.05
"188",188,"19.009.10-20",2019,9,9,10,20,7.5,28,12,1.851,NA,368,12,0.835834122904376,NA,NA,NA,10,28.95,1.05
"189",189,"19.009.20-40",2019,9,9,20,40,8,9,2,0.8,1.3,350,3,1.50782166040349,NA,NA,NA,20,104.45,1.05
"190",190,"19.009.40-60",2019,9,9,40,60,7.9,11,3,0.668,0.9,304,13,2.27320896949485,NA,NA,NA,20,157.47,1.05
"191",191,"19.009.60-80",2019,9,9,60,80,8,14,4,0.79,1.1,288,5.5,1.73027768516958,NA,NA,NA,20,119.86,1.05
"192",192,"19.009.80-100",2019,9,9,80,100,8.1,13,5,0.582,1.9,256,8.5,2.17793254097726,NA,NA,NA,20,150.87,1.05
"193",193,"19.010.0-10",2019,10,10,0,10,7.3,25,NA,1.31,NA,386,7,1.91361263095344,NA,NA,NA,10,66.28,1.05
"194",194,"19.010.10-20",2019,10,10,10,20,7.6,24,12,2.215,1.9,386,0,1.40893627626023,NA,NA,NA,10,48.8,1.05
"195",195,"19.010.20-40",2019,10,10,20,40,8,2,4,2.084,6.2,394,0,1.84172223489016,NA,NA,NA,20,127.58,1.05
"196",196,"19.010.40-60",2019,10,10,40,60,8.2,2,3,1.53,5.6,391,5,2.01841670232279,NA,NA,NA,20,139.82,1.05
"197",197,"19.010.60-80",2019,10,10,60,80,8.3,1,3,1.913,8.5,400,3.5,1.42683669616353,NA,NA,NA,20,98.84,1.05
"198",198,"19.010.80-100",2019,10,10,80,100,8.2,1,6,2.356,6,516,10.5,1.48328076214896,NA,NA,NA,20,102.75,1.05
"199",199,NA,2019,11,11,0,10,6.6,77,NA,4.48,NA,487,507.5,1.15024633701245,NA,NA,NA,10,39.84,1.05
"200",200,NA,2019,11,11,10,20,6.8,70,NA,4.56,NA,649,381,1.33877817889727,NA,NA,NA,10,46.37,1.05
"201",201,NA,2019,11,11,20,40,6.7,47,NA,3.441,NA,644,236,1.18763511729435,NA,NA,NA,20,82.27,1.05
"202",202,NA,2019,11,11,40,60,6.8,52,NA,1.719,NA,420,114,1.45541962471881,NA,NA,NA,20,100.82,1.05
"203",203,NA,2019,11,11,60,80,7,31,NA,0.718,NA,306,56,1.30369913021579,NA,NA,NA,20,90.31,1.05
"204",204,NA,2019,11,11,80,100,7,30,NA,0.94,NA,328,48,1.55213963548667,NA,NA,NA,20,107.52,1.05
"205",205,NA,2019,12,12,0,10,6.9,77,NA,4.057,NA,750,1250,1.16901290626591,NA,NA,NA,10,40.49,1.05
"206",206,NA,2019,12,12,10,20,7.1,54,NA,3.214,NA,666,1055,1.24436789972983,NA,NA,NA,10,43.1,1.05
"207",207,NA,2019,12,12,20,40,7.3,47,NA,2.505,NA,536,422.5,0.884627202963387,NA,NA,NA,20,61.28,1.05
"208",208,NA,2019,12,12,40,60,7.4,35,NA,1.203,0.3,370,162,1.24667763133026,NA,NA,NA,20,86.36,1.05
"209",209,NA,2019,12,12,60,80,7.5,37,21,0.681,0.3,250,88,1.16670317466549,NA,NA,NA,20,80.82,1.05
"210",210,NA,2019,12,12,80,100,7.5,38,16,0.780333333333333,0.1,306,267.5,2.16609516652507,NA,NA,NA,20,150.05,1.05
"211",211,NA,2019,13,13,0,10,7.1,20,NA,4.357,NA,747,840,1.12541672230786,NA,NA,NA,10,38.98,1.05
"212",212,NA,2019,13,13,10,20,7.2,17,NA,3.151,NA,458,680,0.881451322012801,NA,NA,NA,10,30.53,1.05
"213",213,NA,2019,13,13,20,40,7.3,14,NA,2.07,NA,438,505.5,NA,NA,NA,NA,20,NA,1.05
"214",214,NA,2019,13,13,40,60,7.4,21,NA,0.928,0.1,262,125,1.2961925025144,NA,NA,NA,20,89.79,1.05
"215",215,NA,2019,13,13,60,80,7.6,20,9,0.547666666666667,NA,363,35,0.677617508275153,NA,NA,NA,20,46.94,1.05
"216",216,NA,2019,13,13,80,100,8.1,11,4,0.952,4.9,424,15.5,1.65708806508106,NA,NA,NA,20,114.79,1.05
"217",217,NA,2019,14,14,0,10,7.1,36,NA,5.797,NA,561,775,0.90223890641664,NA,NA,NA,10,31.25,1.05
"218",218,NA,2019,14,14,10,20,7.3,30,NA,4.994,NA,409,474,1.22444646467615,NA,NA,NA,10,42.41,1.05
"219",219,NA,2019,14,14,20,40,7.6,24,10,3.224,NA,420,121,1.08542949397547,NA,NA,NA,20,75.19,1.05
"220",220,NA,2019,14,14,40,60,8,15,5,1.93433333333333,6.3,338,19.5,1.57162799586527,NA,NA,NA,20,108.87,1.05
"221",221,NA,2019,14,14,60,80,8.1,9,5,2.018,7.5,255,21.5,1.73489714837043,NA,NA,NA,20,120.18,1.05
"222",222,NA,2019,14,14,80,100,7.7,22,11,3.46,3.2,420,210.5,1.62330824042482,NA,NA,NA,20,112.45,1.05
"223",223,NA,2019,15,15,0,10,7.4,42,NA,2.328,NA,532,231.5,NA,NA,NA,NA,10,NA,1.05
"224",224,NA,2019,15,15,10,20,7.6,39,10,1.472,0.6,371,266.5,NA,NA,NA,NA,10,NA,1.05
"225",225,NA,2019,15,15,20,40,7.6,34,12,1.877,0.1,414,89,1.04053408599218,NA,NA,NA,20,72.08,1.05
"226",226,NA,2019,15,15,40,60,8.1,16,8,0.893,2.7,282,36.5,1.27641542568575,NA,NA,NA,20,88.42,1.05
"227",227,NA,2019,15,15,60,80,7.9,19,8,1.508,1.7,256,48.5,1.66372854343228,NA,NA,NA,20,115.25,1.05
"228",228,NA,2019,15,15,80,100,7.6,33,15,0.972,0.5,355,8.5,0.852724035232495,NA,NA,NA,20,59.07,1.05
"229",229,NA,2019,16,16,0,10,7.1,20,NA,4.178,NA,551,690,0.724100856733739,NA,NA,NA,10,25.08,1.05
"230",230,NA,2019,16,16,10,20,7.3,14,NA,2.495,NA,399,277.5,1.49064303162532,NA,NA,NA,10,51.63,1.05
"231",231,NA,2019,16,16,20,40,7.8,10.5,4,2.378,NA,322,101,0.683536195501247,NA,NA,NA,20,47.35,1.05
"232",232,NA,2019,16,16,40,60,NA,NA,NA,NA,NA,NA,54.5,0.288139017153218,NA,NA,NA,20,19.96,1.05
"233",233,NA,2019,16,16,60,80,8.3,4,1,1.894,8.1,308,42,1.02552083058941,NA,NA,NA,20,71.04,1.05
"234",234,NA,2019,16,16,80,100,8.5,3,1,1.649,6,243,5,2.08308918713474,NA,NA,NA,20,144.3,1.05
"235",235,NA,2019,17,17,0,10,7.4,12,NA,7.433,1.1,535,11,1.14504944091149,NA,NA,NA,10,39.66,1.05
"236",236,NA,2019,17,17,10,20,7.4,18,NA,7.743,NA,577,18,0.832658241953789,NA,NA,NA,10,28.84,1.05
"237",237,NA,2019,17,17,20,40,7.4,17,NA,5.609,0.8,562,19,0.756004024464631,NA,NA,NA,20,52.37,1.05
"238",238,NA,2019,17,17,40,60,7.4,45,NA,3.665,1,626,30.5,1.02768620396481,NA,NA,NA,20,71.19,1.05
"239",239,NA,2019,17,17,60,80,7.6,82,51,1.475,2.3,481,15,1.50753294395344,NA,NA,NA,20,104.43,1.05
"240",240,NA,2019,17,17,80,100,7.7,25,22,2.962,3.2,306,24,NA,NA,NA,NA,20,NA,1.05
"241",241,NA,2019,18,18,0,10,7.2,30,NA,5.369,NA,573,82.5,1.12050854265695,NA,NA,NA,10,38.81,1.05
"242",242,NA,2019,18,18,10,20,7.2,22,NA,6.343,NA,536,171.5,NA,NA,NA,NA,10,NA,1.05
"243",243,NA,2019,18,18,20,40,7.6,3,7,2.665,3.4,407,84,1.16655881644046,NA,NA,NA,20,80.81,1.05
"244",244,NA,2019,18,18,40,60,7.7,1,6,2.914,6.9,411,64,1.3026886226406,NA,NA,NA,20,90.24,1.05
"245",245,NA,2019,18,18,60,80,7.8,1,5,2.894,6.5,352,41,1.1397081865855,NA,NA,NA,20,78.95,1.05
"246",246,NA,2019,18,18,80,100,7.8,9,7,3.038,4.6,385,302,NA,NA,NA,NA,20,NA,1.05
"247",247,NA,2019,19,19,0,10,7.6,8,9,3.239,NA,388,19,1.4764959255727,NA,NA,NA,10,51.14,1.05
"248",248,NA,2019,19,19,10,20,7.8,2,4,2.438,3.5,355,29,1.32722952089513,NA,NA,NA,10,45.97,1.05
"249",249,NA,2019,19,19,20,40,8,4,5,2.741,4.9,422,22,1.63630048067722,NA,NA,NA,20,113.35,1.05
"250",250,NA,2019,19,19,40,60,7.9,19,8,1.115,1.1,473,11,1.72421463971846,NA,NA,NA,20,119.44,1.05
"251",251,NA,2019,19,19,60,80,8.3,15,7,0.683,4.6,207,11.5,1.45830678921934,NA,NA,NA,20,101.02,1.05
"252",252,NA,2019,19,19,80,100,8.1,17,6,1.147,2.3,287,21,1.66690442438287,NA,NA,NA,20,115.47,1.05
"253",253,NA,2019,20,20,0,10,7.2,59,NA,6.046,NA,735,100,0.812159374000003,NA,NA,NA,10,28.13,1.05
"254",254,NA,2019,20,20,10,20,7.3,41,NA,4.425,NA,563,104,1.26486676768362,NA,NA,NA,10,43.81,1.05
"255",255,NA,2019,20,20,20,40,7.6,28,11,2.481,2.1,498,48.5,0.546684598175971,NA,NA,NA,20,37.87,1.05
"256",256,NA,2019,20,20,40,60,7.9,15,7,1.334,3.8,376,14,1.16771368224067,NA,NA,NA,20,80.89,1.05
"257",257,NA,2019,20,20,60,80,7.9,68,13,4.387,2,649,211,1.32044468431888,NA,NA,NA,20,91.47,1.05
"258",258,NA,2019,20,20,80,100,7.9,39,7,12.026,1.7,460,260.5,0.739980261486672,NA,NA,NA,20,51.26,1.05
"259",259,NA,2019,21,21,0,10,7.5,18,13,3.775,NA,518,17.5,1.35061555334945,NA,NA,NA,10,46.78,1.05
"260",260,NA,2019,21,21,10,20,7.8,12,9,2.291,NA,412,13,1.23859357072876,NA,NA,NA,10,42.9,1.05
"261",261,NA,2019,21,21,20,40,7.9,17,19,0.649,1.1,496,12,1.46913365609634,NA,NA,NA,20,101.77,1.05
"262",262,NA,2019,21,21,40,60,8.1,3,7,0.806,3.5,230,19,2.2160431123843,NA,NA,NA,20,153.51,1.05
"263",263,NA,2019,21,21,60,80,7.8,6,6,0.742333333333333,1.4,344,8.5,0.924470073070746,NA,NA,NA,20,64.04,1.05
"264",264,NA,2019,21,21,80,100,8.2,4,6,1.009,2.9,283,11,2.09709193496233,NA,NA,NA,20,145.27,1.05
"265",265,NA,2019,22,22,0,10,7.7,30,11,1.298,NA,322,37,1.38266307930537,NA,NA,NA,10,47.89,1.05
"266",266,NA,2019,22,22,10,20,8,22,8,1.355,NA,233,24.5,1.32751823734519,NA,NA,NA,10,45.98,1.05
"267",267,NA,2019,22,22,20,40,8.1,30,9,2.241,3.1,754,51.5,1.41297830656097,NA,NA,NA,20,97.88,1.05
"268",268,NA,2019,22,22,40,60,8.1,25,12,1.38233333333333,3.1,313,71.5,1.23527333155315,NA,NA,NA,20,85.57,1.05
"269",269,NA,2019,22,22,60,80,8.1,27,11,1.655,NA,317,42.5,0.903393772216854,NA,NA,NA,20,62.58,1.05
"270",270,NA,2019,22,22,80,100,8,34,16,1.681,2.9,329,37,1.72710180421899,NA,NA,NA,20,119.64,1.05
"271",271,NA,2019,23,23,0,10,NA,NA,NA,NA,NA,NA,16,0.397562551723428,NA,NA,NA,10,13.77,1.05
"272",272,NA,2019,23,23,10,20,7.6,3,12,6.977,NA,547,35.5,0.89964045836616,NA,NA,NA,10,31.16,1.05
"273",273,NA,2019,23,23,20,40,7.8,10,10,11.16,5,566,309,1.13523308160967,NA,NA,NA,20,78.64,1.05
"274",274,NA,2019,23,23,40,60,7.8,7,12,7.557,9.9,585,373.5,1.22675619627658,NA,NA,NA,20,84.98,1.05
"275",275,NA,2019,23,23,60,80,8,20,11,8.255,7.6,527,185,1.37746618320441,NA,NA,NA,20,95.42,1.05
"276",276,NA,2019,23,23,80,100,8,2,15,4.006,11.5,492,101,1.23585076445326,NA,NA,NA,20,85.61,1.05
"277",277,NA,2019,24,24,0,10,7.4,29,NA,9.001,NA,547,517,0.845939198656242,NA,NA,NA,10,29.3,1.05
"278",278,NA,2019,24,24,10,20,7.7,29,11,4.739,NA,403,364.5,0.959982196427305,NA,NA,NA,10,33.25,1.05
"279",279,NA,2019,24,24,20,40,7.9,44,14,4.466,4.1,529,1210,1.3221769830192,NA,NA,NA,20,91.59,1.05
"280",280,NA,2019,24,24,40,60,8,39,19,3.795,3.3,478,1089,1.63947636162781,NA,NA,NA,20,113.57,1.05
"281",281,NA,2019,24,24,60,80,8,18,17,5.09,NA,548,339.5,0.745321515812658,NA,NA,NA,20,51.63,1.05
"282",282,NA,2019,25,25,0,10,7.4,27,NA,6.444,NA,481,52,0.735360798285818,NA,NA,NA,10,25.47,1.05
"283",283,NA,2019,25,25,10,20,7.7,12,14,4.214,4.2,478,70,1.46696828272094,NA,NA,NA,10,50.81,1.05
"284",284,NA,2019,25,25,20,40,7.7,86,34,3.644,1.9,588,112.5,0.867015499510135,NA,NA,NA,20,60.06,1.05
"285",285,NA,2019,25,25,40,60,7.9,55,27,3.091,NA,496,71.5,0.497169726991825,NA,NA,NA,20,34.44,1.05
"286",286,NA,2019,25,25,60,80,8,66,28,1.812,1.7,535,60,1.53351742445824,NA,NA,NA,20,106.23,1.05
"287",287,NA,2019,25,25,80,100,8.1,55,26,1.583,2.2,593,55.5,1.42972386066406,NA,NA,NA,20,99.04,1.05
"288",288,NA,2019,26,26,0,10,7,84,NA,2.663,NA,677,195,1.14649302316175,NA,NA,NA,10,39.71,1.05
"289",289,NA,2019,26,26,10,20,7.2,76,NA,2.46,NA,619,161.5,1.0985660924529,NA,NA,NA,10,38.05,1.05
"290",290,NA,2019,26,26,20,40,7.4,64,NA,1.751,0.4,445,165,0.975139810055105,NA,NA,NA,20,67.55,1.05
"291",291,NA,2019,26,26,40,60,7.3,31,NA,0.408,NA,263,36,1.49699479352649,NA,NA,NA,20,103.7,1.05
"292",292,NA,2019,26,26,60,80,7.5,29,21,0.378,0.2,327,51.5,1.74139326849663,NA,NA,NA,20,120.63,1.05
"293",293,NA,2019,26,26,80,100,7.3,27,NA,0.339,NA,322,18,1.54189020150978,NA,NA,NA,20,106.81,1.05
"294",294,NA,2019,27,27,0,10,7.3,58,NA,3.616,NA,501,301.5,1.22675619627658,NA,NA,NA,10,42.49,1.05
"295",295,NA,2019,27,27,10,20,7.3,54,NA,2.588,NA,494,206,0.959982196427305,NA,NA,NA,10,33.25,1.05
"296",296,NA,2019,27,27,20,40,7.8,34,19,1.058,1.4,350,91.5,1.16208371146463,NA,NA,NA,20,80.5,1.05
"297",297,NA,2019,27,27,40,60,7.8,61,20,5.592,0.1,571,180,1.0444317580679,NA,NA,NA,20,72.35,1.05
"298",298,NA,2019,27,27,60,80,7.6,40,22,0.709,0.2,334,230,1.02147880028866,NA,NA,NA,20,70.76,1.05
"299",299,NA,2019,27,27,80,100,7.7,48,22,0.697,0.4,249,86,1.03014029379026,NA,NA,NA,20,71.36,1.05
"300",300,NA,2019,28,28,0,10,7.1,35,NA,2.665,NA,555,179.5,1.38266307930537,NA,NA,NA,10,47.89,1.05
"301",301,NA,2019,28,28,10,20,7.5,21,10,2.42,NA,395,103.5,0.898196876115894,NA,NA,NA,10,31.11,1.05
"302",302,NA,2019,28,28,20,40,7.9,13,8,1.005,1.8,388,34,1.35552373300036,NA,NA,NA,20,93.9,1.05
"303",303,NA,2019,28,28,40,60,7.9,16,9,0.918,1.8,343,24,1.16627009999041,NA,NA,NA,20,80.79,1.05
"304",304,NA,2019,28,28,60,80,8.2,5,4,1.437,7,327,6.5,1.12483928940775,NA,NA,NA,20,77.92,1.05
"305",305,NA,2019,28,28,80,100,8,3,3,1.681,6.6,268,4,0.827172629402776,NA,NA,NA,20,57.3,1.05
"306",306,NA,2019,29,29,0,10,7.2,97,NA,7.256,NA,755,351.5,1.18749075906933,NA,NA,NA,10,41.13,1.05
"307",307,NA,2019,29,29,10,20,7.3,101,NA,4.65,NA,806,332.5,1.18720204261927,NA,NA,NA,10,41.12,1.05
"308",308,NA,2019,29,29,20,40,7.3,84,NA,4.999,NA,849,311,0.243387967394953,NA,NA,NA,20,16.86,1.05
"309",309,NA,2019,29,29,40,60,7.4,80,NA,3.656,NA,732,259.5,0.366958608017776,NA,NA,NA,20,25.42,1.05
"310",310,NA,2019,29,29,60,80,7.7,37,24,1.068,0.5,359,38,0.868603439985428,NA,NA,NA,20,60.17,1.05
"311",311,NA,2019,29,29,80,100,7.5,35,23,0.992,0.1,412,95,1.1072275859545,NA,NA,NA,20,76.7,1.05
"312",312,NA,2019,30,30,0,10,7,33,NA,4.242,NA,923,304,1.51835981083044,NA,NA,NA,10,52.59,1.05
"313",313,NA,2019,30,30,10,20,7.3,25,NA,3.431,NA,505,262,1.33762331309705,NA,NA,NA,10,46.33,1.05
"314",314,NA,2019,30,30,20,40,7.7,12,5,1.501,0.4,369,64,0.675307776674727,NA,NA,NA,20,46.78,1.05
"315",315,NA,2019,30,30,40,60,8,10,4,0.815,0.3,321,17,1.08629564332563,NA,NA,NA,20,75.25,1.05
"316",316,NA,2019,30,30,60,80,7.9,15,6,1.07166666666667,2.2,262,25,1.43665305546534,NA,NA,NA,20,99.52,1.05
"317",317,NA,2019,30,30,80,100,8,11,5,0.644,NA,436,14.5,0.288427733603272,NA,NA,NA,20,19.98,1.05
"318",318,NA,2019,31,31,0,10,6.6,170,NA,3.363,NA,1037,455,1.315680862893,NA,NA,NA,10,45.57,1.05
"319",319,NA,2019,31,31,10,20,7,134,NA,3.325,NA,912,433,0.972108287329545,NA,NA,NA,10,33.67,1.05
"320",320,NA,2019,31,31,20,40,7.5,86,45,1.658,0.5,563,64.5,1.04573098209314,NA,NA,NA,20,72.44,1.05
"321",321,NA,2019,31,31,40,60,7.6,73,41,1.321,0.7,486,69.5,1.06738471584714,NA,NA,NA,20,73.94,1.05
"322",322,NA,2019,31,31,60,80,7.8,63,43,1.611,1.3,458,48,0.729009036384645,NA,NA,NA,20,50.5,1.05
"323",323,NA,2019,31,31,80,100,7.8,72,35,1.436,NA,352,68.5,0.626659054840742,NA,NA,NA,20,43.41,1.05
"324",324,NA,2019,32,32,0,10,6.4,79,NA,3.951,NA,812,600,0.824862897802349,NA,NA,NA,10,28.57,1.05
"325",325,NA,2019,32,32,10,20,7.1,72,NA,3.166,NA,647,345.5,0.901950189966587,NA,NA,NA,10,31.24,1.05
"326",326,NA,2019,32,32,20,40,7.7,59,29,2.044,0.6,521,134.5,1.05381504269464,NA,NA,NA,20,73,1.05
"327",327,NA,2019,32,32,40,60,7.8,38.5,20,1.516,0.8,327,80,1.08210925479986,NA,NA,NA,20,74.96,1.05
"328",328,NA,2019,32,32,60,80,7.9,28,16,1.607,NA,432,55,0.461224528960187,NA,NA,NA,20,31.95,1.05
"329",329,NA,2019,32,32,80,100,7.8,26,16,0.929,0.2,307,11,1.09351355457697,NA,NA,NA,20,75.75,1.05
"330",330,NA,2019,33,33,0,10,7.4,65,NA,7.942,NA,708,67.5,1.14822532186207,NA,NA,NA,10,39.77,1.05
"331",331,NA,2019,33,33,10,20,7.9,36,20,3.97966666666667,NA,302,101,1.84201095134021,NA,NA,NA,10,63.8,1.05
"332",332,NA,2019,33,33,20,40,7.9,22,11,0.986,0.4,300,17,1.54030226103449,NA,NA,NA,20,106.7,1.05
"333",333,NA,2019,33,33,40,60,7.9,15,9,0.554,0.3,278,4.5,0.879719023312481,NA,NA,NA,20,60.94,1.05
"334",334,NA,2019,33,33,60,80,7.8,15,10,0.675,0.4,304,10,0.969365481054038,NA,NA,NA,20,67.15,1.05
"335",335,NA,2019,33,33,80,100,7.8,17,9,0.625,NA,230,12,1.1007314658283,NA,NA,NA,20,76.25,1.05
"336",336,NA,2019,34,34,0,10,5.9,83,NA,2.651,NA,702,90.5,1.18287129586847,NA,NA,NA,10,40.97,1.05
"337",337,NA,2019,34,34,10,20,6.2,53,NA,1.635,NA,465,32,1.44300481736652,NA,NA,NA,10,49.98,1.05
"338",338,NA,2019,34,34,20,40,6.5,31,NA,1.331,NA,310,22,0.726988021234272,NA,NA,NA,20,50.36,1.05
"339",339,NA,2019,34,34,40,60,6.8,34,NA,0.83,NA,248,16,1.0487625048187,NA,NA,NA,20,72.65,1.05
"340",340,NA,2019,34,34,60,80,7,17,NA,0.305,NA,162,5.5,1.31091704146712,NA,NA,NA,20,90.81,1.05
"341",341,NA,2019,34,34,80,100,7.1,11,NA,0.195,NA,142,0,1.63745534647743,NA,NA,NA,20,113.43,1.05
"342",342,NA,2019,35,35,0,10,6.8,171,NA,2.699,NA,593,134,1.35090426979951,NA,NA,NA,10,46.79,1.05
"343",343,NA,2019,35,35,10,20,6.4,68,NA,2.198,NA,399,68,1.17074520496623,NA,NA,NA,10,40.55,1.05
"344",344,NA,2019,35,35,20,40,6.7,56,NA,1.412,NA,549,14,1.16237242791469,NA,NA,NA,20,80.52,1.05
"345",345,NA,2019,35,35,40,60,6.7,17,NA,0.704,NA,241,6,1.27078545490971,NA,NA,NA,20,88.03,1.05
"346",346,NA,2019,35,35,60,80,6.4,8,NA,0.232,NA,171,0,1.58981713221863,NA,NA,NA,20,110.13,1.05
"347",347,NA,2019,35,35,80,100,6.3,12,NA,0.274,NA,125,8,0.825873405377536,NA,NA,NA,20,57.21,1.05
"348",348,NA,2019,36,36,0,10,6.1,39,NA,6.622,NA,765,284.5,0.502366623092785,NA,NA,NA,10,17.4,1.05
"349",349,NA,2019,36,36,10,20,6.8,15,NA,2.175,NA,455,119.5,1.36678367455244,NA,NA,NA,10,47.34,1.05
"350",350,NA,2019,36,36,20,40,7.2,10,NA,1.91,NA,310,36,0.839443078530042,NA,NA,NA,20,58.15,1.05
"351",351,NA,2019,36,36,40,60,7.5,19,11,1.083,0.3,289,17,1.30932910099183,NA,NA,NA,20,90.7,1.05
"352",352,NA,2019,36,36,60,80,7.7,14,9,0.409,0.1,234,11,1.19615225257092,NA,NA,NA,20,82.86,1.05
"353",353,NA,2019,36,36,80,100,7.9,15,7,0.178,0.3,236,11.5,1.52904231948241,NA,NA,NA,20,105.92,1.05
"354",354,"21.45.135.0-10",2021,45,135,0,10,7.3,17,NA,6.788,NA,656,60.5,1.2160736876246,NA,NA,NA,10,42.12,1.05
"355",355,"21.45.135.10-20",2021,45,135,10,20,7.7,20,10,2.171,0.4,368,35,1.68956866571206,NA,NA,NA,10,58.52,1.05
"356",356,"21.45.135.20-40",2021,45,135,20,40,7.6,23,12,1.699,0.7,277,17.5,0.639506936868115,NA,NA,NA,20,44.3,1.05
"357",357,"21.45.135.40-60",2021,45,135,40,60,7.8,22,10,1.029,NA,252,12.5,0.232994175193033,NA,NA,NA,20,16.14,1.05
"358",358,"21.45.135.60-80",2021,45,135,60,80,7.7,25,12,0.684,0.2,190,0,0.590280782134023,NA,NA,NA,20,40.89,1.05
"359",359,"21.45.135.80-100",2021,45,135,80,100,7.9,24,12,0.284,NA,171,8,1.54824196341095,NA,NA,NA,20,107.25,1.05
"360",360,"21.45.136.0-10",2021,45,136,0,10,6.6,137,NA,3.4,NA,561,88.5,1.11733266170637,NA,NA,NA,10,38.7,1.05
"361",361,"21.45.136.10-20",2021,45,136,10,20,7,160,NA,6.459,NA,721,126,0.901950189966587,NA,NA,NA,10,31.24,1.05
"362",362,"21.45.136.20-40",2021,45,136,20,40,6,79,NA,2.953,NA,542,150.5,0.813458598025243,NA,NA,NA,20,56.35,1.05
"363",363,"21.45.136.40-60",2021,45,136,40,60,5.7,48,NA,1.331,NA,350,57.5,1.24075894410416,NA,NA,NA,20,85.95,1.05
"364",364,"21.45.136.60-80",2021,45,136,60,80,6.6,28,NA,0.663,NA,223,10,1.25375118435656,NA,NA,NA,20,86.85,1.05
"365",365,"21.45.136.80-100",2021,45,136,80,100,7,24,NA,0.272,NA,179,4.5,1.27280647006008,NA,NA,NA,20,88.17,1.05
"366",366,"21.45.137.0-10",2021,45,137,0,10,5.9,143,NA,3.452,NA,747,143,1.00184608168504,NA,NA,NA,10,34.7,1.05
"367",367,"21.45.137.10-20",2021,45,137,10,20,6.2,111,NA,2.664,NA,645,154.5,1.67397797740918,NA,NA,NA,10,57.98,1.05
"368",368,"21.45.137.20-40",2021,45,137,20,40,6.5,67,NA,1.433,NA,478,124.5,1.15587630778849,NA,NA,NA,20,80.07,1.05
"369",369,"21.45.137.40-60",2021,45,137,40,60,7.1,52,NA,0.778,NA,295,26,1.44646941476716,NA,NA,NA,20,100.2,1.05
"370",370,"21.45.137.60-80",2021,45,137,60,80,7.1,54,NA,0.324,NA,260,8.5,1.26876443975934,NA,NA,NA,20,87.89,1.05
"371",371,"21.45.137.80-100",2021,45,137,80,100,7.3,48,NA,0.345,NA,228,8,1.30499835424103,NA,NA,NA,20,90.4,1.05
"372",372,"21.46.138.0-10",2021,46,138,0,10,7.5,200,116,4.177,1.8,1124,13.5,1.0639201184465,NA,NA,NA,10,36.85,1.05
"373",373,"21.46.138.10-20",2021,46,138,10,20,7.5,163,101,2.991,1.7,819,15,1.75077655312336,NA,NA,NA,10,60.64,1.05
"374",374,"21.46.138.20-40",2021,46,138,20,40,7.7,116,64,1.59066666666667,2.4,500,9.5,0.800466357772843,NA,NA,NA,20,55.45,1.05
"375",375,"21.46.138.40-60",2021,46,138,40,60,8,63,33,2.353,5.4,300,9.5,1.35942140507608,NA,NA,NA,20,94.17,1.05
"376",376,"21.46.138.60-80",2021,46,138,60,80,8,27,17,2.054,4.8,281,10.5,1.69173403908746,NA,NA,NA,20,117.19,1.05
"377",377,"21.46.138.80-100",2021,46,138,80,100,7.9,27,23,1.493,4.1,271,22,1.79596067755671,NA,NA,NA,20,124.41,1.05
"378",378,"21.46.139.0-10",2021,46,139,0,10,7.4,99,NA,5.222,NA,841,30,0.724100856733739,NA,NA,NA,10,25.08,1.05
"379",379,"21.46.139.10-20",2021,46,139,10,20,7.4,102,NA,5.059,NA,851,12.5,0.778379549343764,NA,NA,NA,10,26.96,1.05
"380",380,"21.46.139.20-40",2021,46,139,20,40,7.5,102,66,4.036,1.7,859,12.5,0.632722100291861,NA,NA,NA,20,43.83,1.05
"381",381,"21.46.139.40-60",2021,46,139,40,60,7.9,39,22,1.63,3.6,395,5.5,1.77820461587843,NA,NA,NA,20,123.18,1.05
"382",382,"21.46.139.60-80",2021,46,139,60,80,8.1,32,16,1.546,4.4,231,5,1.7601598377501,NA,NA,NA,20,121.93,1.05
"383",383,"21.46.140.0-10",2021,46,140,0,10,7.4,506,NA,7.864,NA,1167,12.5,0.756148382689658,NA,NA,NA,10,26.19,1.05
"384",384,"21.46.140.10-20",2021,46,140,10,20,7.4,134,NA,3.575,1,757,12,2.1229320572421,NA,NA,NA,10,73.53,1.05
"385",385,"21.46.140.20-40",2021,46,140,20,40,7.5,90,62,1.763,1.9,431,12.5,1.54391121666015,NA,NA,NA,20,106.95,1.05
"386",386,"21.46.140.40-60",2021,46,140,40,60,7.5,151,101,3.489,3.1,620,8.5,1.03158387604053,NA,NA,NA,20,71.46,1.05
"387",387,"21.46.140.60-80",2021,46,140,60,80,7.5,136,114,3.637,3.7,604,11,0.417917061452188,NA,NA,NA,20,28.95,1.05
"388",388,"21.46.140.80-100",2021,46,140,80,100,7.5,154,138,4.489,3.2,750,10,0.452707393683613,NA,NA,NA,20,31.36,1.05
"389",389,"21.46.141.0-10",2021,46,141,0,10,7,704,NA,4.885,NA,1330,14,1.22502389757626,NA,NA,NA,10,42.43,1.05
"390",390,"21.46.141.10-20",2021,46,141,10,20,7.1,248,NA,3.938,NA,1189,18,2.34668730603342,NA,NA,NA,10,81.28,1.05
"391",391,"21.46.141.20-40",2021,46,141,20,40,7.3,192,NA,2.641,NA,705,12.5,1.4851574190743,NA,NA,NA,20,102.88,1.05
"392",392,"21.46.141.40-60",2021,46,141,40,60,7.5,133,64,2.136,5,447,7,1.57263850344046,NA,NA,NA,20,108.94,1.05
"393",393,"21.46.141.60-80",2021,46,141,60,80,7.3,177,NA,2.43,NA,601,4,1.4570075651941,NA,NA,NA,20,100.93,1.05
"394",394,"21.46.142.0-10",2021,46,142,0,10,7.3,168,NA,5.153,NA,983,12.5,1.31365984774263,NA,NA,NA,10,45.5,1.05
"395",395,"21.46.142.10-20",2021,46,142,10,20,7.3,151,NA,4.72,1.6,853,13.5,1.73287613322006,NA,NA,NA,10,60.02,1.05
"396",396,"21.46.142.20-40",2021,46,142,20,40,7.5,95,49,2.273,3.9,452,12,1.13234591710914,NA,NA,NA,20,78.44,1.05
"397",397,"21.46.142.40-60",2021,46,142,40,60,7.8,38,33,1.366,6.1,579,0,1.50017067447708,NA,NA,NA,20,103.92,1.05
"398",398,"21.46.142.60-80",2021,46,142,60,80,7.8,55,36,1.945,NA,308,10,1.56570930863918,NA,NA,NA,20,108.46,1.05
"399",399,"21.46.143.0-10",2021,46,143,0,10,7.2,78,NA,6.287,NA,700,27,0.966333958328478,NA,NA,NA,10,33.47,1.05
"400",400,"21.46.143.10-20",2021,46,143,10,20,7.2,54,NA,4.899,NA,582,18,0.898774309016,NA,NA,NA,10,31.13,1.05
"401",401,"21.46.143.20-40",2021,46,143,20,40,7.4,14,NA,3.079,0.4,218,9,0.924036998395666,NA,NA,NA,20,64.01,1.05
"402",402,"21.46.143.40-60",2021,46,143,40,60,7.4,35,NA,2.554,3.2,310,10,0.66780114897334,NA,NA,NA,20,46.26,1.05
"403",403,"21.46.143.60-80",2021,46,143,60,80,8,8,5,1.847,7,138,0,1.59183814736901,NA,NA,NA,20,110.27,1.05
"404",404,"21.46.143.80-100",2021,46,143,80,100,8.1,8,4,1.422,5.2,194,0,1.7514983442485,NA,NA,NA,20,121.33,1.05
"405",405,"21.47.144.0-10",2021,47,144,0,10,7.5,114,104,7.44,2,765,39,1.84922886259155,NA,NA,NA,10,64.05,1.05
"406",406,"21.47.144.10-20",2021,47,144,10,20,7.4,137,NA,5.556,NA,2447,75.5,1.58765175884323,NA,NA,NA,10,54.99,1.05
"407",407,"21.47.144.20-40",2021,47,144,20,40,7.4,279,NA,2.519,0.8,1131,130,1.33675716374689,NA,NA,NA,20,92.6,1.05
"408",408,"21.47.144.40-60",2021,47,144,40,60,7.5,86,63,0.882,0.1,401,9.5,1.73330920789514,NA,NA,NA,20,120.07,1.05
"409",409,"21.47.144.60-80",2021,47,144,60,80,7.7,48,33,0.424,NA,374,14,1.83103972623819,NA,NA,NA,20,126.84,1.05
"410",410,"21.47.144.80-100",2021,47,144,80,100,7.7,56,34,0.794,NA,443,6,1.81414981391007,NA,NA,NA,20,125.67,1.05
"411",411,"21.47.145.0-10",2021,47,145,0,10,7.3,169,NA,11.967,NA,852,19,0.888669233264134,NA,NA,NA,10,30.78,1.05
"412",412,"21.47.145.10-20",2021,47,145,10,20,7.2,138,NA,8.393,NA,675,30.5,0.89790815966584,NA,NA,NA,10,31.1,1.05
"413",413,"21.47.145.20-40",2021,47,145,20,40,7.4,95,NA,5.882,NA,566,146.5,0.806096328548883,NA,NA,NA,20,55.84,1.05
"414",414,"21.47.145.40-60",2021,47,145,40,60,7.3,99,NA,16.733,NA,755,381,0.417917061452188,NA,NA,NA,20,28.95,1.05
"415",415,"21.47.145.60-80",2021,47,145,60,80,7.3,111,NA,11.132,NA,695,194.5,0.677184433600073,NA,NA,NA,20,46.91,1.05
"416",416,"21.47.145.80-100",2021,47,145,80,100,7.2,141,NA,13.083,NA,710,49.5,0.949444046000359,NA,NA,NA,20,65.77,1.05
"417",417,"21.47.146.0-10",2021,47,146,0,10,7.5,137,100,5.933,1.2,755,31,1.35234785204977,NA,NA,NA,10,46.84,1.05
"418",418,"21.47.146.10-20",2021,47,146,10,20,7.5,116,73,4.057,NA,568,30.5,1.21491882182439,NA,NA,NA,10,42.08,1.05
"419",419,"21.47.146.20-40",2021,47,146,20,40,7.5,82,55,3.13,2,629,32.5,1.67455541030928,NA,NA,NA,20,116,1.05
"420",420,"21.47.146.40-60",2021,47,146,40,60,7.8,35,23,1.499,2.5,406,46,1.40114093210879,NA,NA,NA,20,97.06,1.05
"421",421,"21.47.146.60-80",2021,47,146,60,80,7.8,42,23,1.087,1.6,282,22.5,1.67397797740918,NA,NA,NA,20,115.96,1.05
"422",422,"21.47.146.80-100",2021,47,146,80,100,7.5,99.5,82,1.42,NA,722,28.5,1.39969734985852,NA,NA,NA,20,96.96,1.05
"423",423,"21.47.147.0-10",2021,47,147,0,10,7.3,143,NA,5.12,NA,801,34,1.3286731031454,NA,NA,NA,10,46.02,1.05
"424",424,"21.47.147.10-20",2021,47,147,10,20,7.4,105,NA,2.336,0.8,592,51.5,2.3357160809314,NA,NA,NA,10,80.9,1.05
"425",425,"21.47.147.20-40",2021,47,147,20,40,7.4,85,NA,1.093,0.8,548,17.5,1.66127445360683,NA,NA,NA,20,115.08,1.05
"426",426,"21.47.147.40-60",2021,47,147,40,60,8.1,20,11,0.253,0.3,451,0,1.67166824580875,NA,NA,NA,20,115.8,1.05
"427",427,"21.47.147.60-80",2021,47,147,60,80,8.5,14,10,0.133,0.1,335,0,1.78109178037896,NA,NA,NA,20,123.38,1.05
"428",428,"21.47.147.80-100",2021,47,147,80,100,8.4,18,11,0.127,NA,346,0,1.76117034532528,NA,NA,NA,20,122,1.05
"429",429,"21.47.148.0-10",2021,47,148,0,10,7.1,39,NA,4.004,NA,518,24.5,1.00993014228653,NA,NA,NA,10,34.98,1.05
"430",430,"21.47.148.10-20",2021,47,148,10,20,7.2,24,NA,3.051,NA,353,23,1.34426379144828,NA,NA,NA,10,46.56,1.05
"431",431,"21.47.148.20-40",2021,47,148,20,40,7.7,9,7,0.726,1.2,426,10,1.65088066140491,NA,NA,NA,20,114.36,1.05
"432",432,"21.47.148.40-60",2021,47,148,40,60,7.9,8,7,0.689,1.7,394,8,1.66459469278244,NA,NA,NA,20,115.31,1.05
"433",433,"21.47.148.60-80",2021,47,148,60,80,8.1,5,3,0.309,1.5,376,4.5,1.59963349152045,NA,NA,NA,20,110.81,1.05
"434",434,"21.47.148.80-100",2021,47,148,80,100,8,6,3,0.48,NA,395,4,1.68509356073623,NA,NA,NA,20,116.73,1.05
"435",435,"21.47.149.0-10",2021,47,149,0,10,7.1,81,NA,3.122,NA,655,13.5,0.79108307314611,NA,NA,NA,10,27.4,1.05
"436",436,"21.47.149.10-20",2021,47,149,10,20,7.3,63,NA,1.637,NA,554,14,1.67368926095912,NA,NA,NA,10,57.97,1.05
"437",437,"21.47.149.20-40",2021,47,149,20,40,7.2,75,NA,0.617,0.4,535,13,1.37890976545468,NA,NA,NA,20,95.52,1.05
"438",438,"21.47.149.40-60",2021,47,149,40,60,7.6,61,42,0.714,0.9,625,16,1.59313737139425,NA,NA,NA,20,110.36,1.05
"439",439,"21.47.149.60-80",2021,47,149,60,80,7.6,34,31,0.553,NA,448,10.5,0.797434835047283,NA,NA,NA,20,55.24,1.05
"440",440,"21.48.150.0-10",2021,48,150,0,10,7.1,176,NA,2.437,NA,1705,44,1.36476265940207,NA,NA,NA,10,47.27,1.05
"441",441,"21.48.150.10-20",2021,48,150,10,20,7.1,166,NA,2.511,NA,816,47,1.60930549259723,NA,NA,NA,10,55.74,1.05
"442",442,"21.48.150.20-40",2021,48,150,20,40,7.2,134,NA,1.261,NA,617,21,1.58216614629222,NA,NA,NA,20,109.6,1.05
"443",443,"21.48.150.40-60",2021,48,150,40,60,7.2,100,NA,0.891,NA,528,20,1.66199624473196,NA,NA,NA,20,115.13,1.05
"444",444,"21.48.150.60-80",2021,48,150,60,80,7.1,65,NA,0.553,NA,458,12.5,1.52341234870637,NA,NA,NA,20,105.53,1.05
"445",445,"21.48.150.80-100",2021,48,150,80,100,7.2,58,NA,0.377,NA,559,6.5,1.50103682382724,NA,NA,NA,20,103.98,1.05
"446",446,"21.48.151.0-10",2021,48,151,0,10,6.7,104,NA,3.525,NA,778,39.5,1.48111538877356,NA,NA,NA,10,51.3,1.05
"447",447,"21.48.151.10-20",2021,48,151,10,20,6.8,136,NA,2.197,NA,761,37,1.35494630010025,NA,NA,NA,10,46.93,1.05
"448",448,"21.48.151.20-40",2021,48,151,20,40,7,125,NA,1.195,NA,602,28.5,1.55574859111234,NA,NA,NA,20,107.77,1.05
"449",449,"21.48.151.40-60",2021,48,151,40,60,6.8,51,NA,0.635,NA,402,7.5,1.63269152505155,NA,NA,NA,20,113.1,1.05
"450",450,"21.48.151.60-80",2021,48,151,60,80,6.2,45,NA,0.447,NA,493,12.5,1.49150918097548,NA,NA,NA,20,103.32,1.05
"451",451,"21.48.151.80-100",2021,48,151,80,100,6.1,45,NA,0.287,NA,493,9,1.51576136277996,NA,NA,NA,20,105,1.05
"452",452,"21.48.152.0-10",2021,48,152,0,10,7.3,184,NA,2.265,NA,789,40.5,1.37457901870388,NA,NA,NA,10,47.61,1.05
"453",453,"21.48.152.10-20",2021,48,152,10,20,7.3,199,NA,1.99,NA,813,47,2.29385219567367,NA,NA,NA,10,79.45,1.05
"454",454,"21.48.152.20-40",2021,48,152,20,40,7.3,171,NA,1.182,NA,645,23.5,1.71916210184252,NA,NA,NA,20,119.09,1.05
"455",455,"21.48.152.40-60",2021,48,152,40,60,7.3,150,NA,0.695,NA,559,14.5,1.57581438439105,NA,NA,NA,20,109.16,1.05
"456",456,"21.48.152.60-80",2021,48,152,60,80,7.2,62,NA,0.464,0.1,516,13,1.62042107592429,NA,NA,NA,20,112.25,1.05
"457",457,"21.48.152.80-100",2021,48,152,80,100,7.4,56,NA,0.396,NA,410,10.5,1.23743870492855,NA,NA,NA,20,85.72,1.05
"458",458,"21.49.153.0-10",2021,49,153,0,10,7.4,174,NA,3.836,NA,728,27.5,1.06709599939709,NA,NA,NA,10,36.96,1.05
"459",459,"21.49.153.10-20",2021,49,153,10,20,7.6,146,79,2.644,NA,792,28.5,1.56426572638891,NA,NA,NA,10,54.18,1.05
"460",460,"21.49.153.20-40",2021,49,153,20,40,7.9,65,36,1.018,3.5,376,7.5,1.61984364302418,NA,NA,NA,20,112.21,1.05
"461",461,"21.49.153.40-60",2021,49,153,40,60,7.7,110,62,1.8,2.3,652,51,1.45152195264309,NA,NA,NA,20,100.55,1.05
"462",462,"21.49.153.60-80",2021,49,153,60,80,7.6,168,97,2.317,2,1104,87,1.45036708684288,NA,NA,NA,20,100.47,1.05
"463",463,"21.49.153.80-100",2021,49,153,80,100,7.8,53,47,2.924,NA,617,46.5,0.577721616556703,NA,NA,NA,20,40.02,1.05
"464",464,"21.49.154.0-10",2021,49,154,0,10,7.7,315,32,4.135,NA,1542,24.5,1.40027478275863,NA,NA,NA,10,48.5,1.05
"465",465,"21.49.154.10-20",2021,49,154,10,20,7.7,196,130,2.406,2.8,895,30.5,1.70977881721579,NA,NA,NA,10,59.22,1.05
"466",466,"21.49.154.20-40",2021,49,154,20,40,7.9,26,16,0.364,0.6,347,4.5,0.948866613100252,NA,NA,NA,20,65.73,1.05
"467",467,"21.49.154.40-60",2021,49,154,40,60,7.8,190,64,2.951,2.6,1259,155,1.64366275015358,NA,NA,NA,20,113.86,1.05
"468",468,"21.49.154.60-80",2021,49,154,60,80,7.7,374,231,4.871,NA,1714,58,0.2106186503139,NA,NA,NA,20,14.59,1.05
"469",469,"21.49.155.0-10",2021,49,155,0,10,7.4,342,NA,5.592,NA,1808,15,0.843918183505869,NA,NA,NA,10,29.23,1.05
"470",470,"21.49.155.10-20",2021,49,155,10,20,7.4,385,NA,4.281,NA,1563,16,0.962869360927838,NA,NA,NA,10,33.35,1.05
"471",471,"21.49.155.20-40",2021,49,155,20,40,7.5,182,182,3.427,NA,850,26,1.19672968547103,NA,NA,NA,20,82.9,1.05
"472",472,"21.49.155.40-60",2021,49,155,40,60,7.4,265,NA,3.235,2.6,1255,238.5,1.31394856419268,NA,NA,NA,20,91.02,1.05
"473",473,"21.49.155.60-80",2021,49,155,60,80,7.5,252,188,3.609,2.7,1320,122.5,1.51085318312905,NA,NA,NA,20,104.66,1.05
"474",474,"21.49.155.80-100",2021,49,155,80,100,7.4,248,NA,3.763,NA,1152,47,1.304853996016,NA,NA,NA,20,90.39,1.05
"475",475,"21.50.156.0-10",2021,50,156,0,10,7.3,166,NA,5.725,NA,811,111,0.883183620713121,NA,NA,NA,10,30.59,1.05
"476",476,"21.50.156.10-20",2021,50,156,10,20,7.3,165,NA,5.119,NA,804,132.5,1.53856996233417,NA,NA,NA,10,53.29,1.05
"477",477,"21.50.156.20-40",2021,50,156,20,40,7.5,112.5,63,6.56,NA,582,147.5,0.528784178272665,NA,NA,NA,20,36.63,1.05
"478",478,"21.50.156.40-60",2021,50,156,40,60,7.3,190,NA,3.798,1.6,1123,510,1.06969444744757,NA,NA,NA,20,74.1,1.05
"479",479,"21.50.156.60-80",2021,50,156,60,80,7.6,142,107,3.637,5,1432,200,0.987987692082478,NA,NA,NA,20,68.44,1.05
"480",480,"21.50.156.80-100",2021,50,156,80,100,7.5,195,104,2.033,NA,1070,149.5,1.29965709991504,NA,NA,NA,20,90.03,1.05
"481",481,"21.50.157.0-10",2021,50,157,0,10,7.1,196,NA,2.843,NA,999,169,1.12079725910701,NA,NA,NA,10,38.82,1.05
"482",482,"21.50.157.10-20",2021,50,157,10,20,7.3,288,NA,2.605,NA,1365,207,1.11704394525631,NA,NA,NA,10,38.69,1.05
"483",483,"21.50.157.20-40",2021,50,157,20,40,7.3,433,NA,1.559,0.9,1665,155.5,1.45614141584394,NA,NA,NA,20,100.87,1.05
"484",484,"21.50.157.40-60",2021,50,157,40,60,7.4,230,NA,0.554,0.4,516,55,1.60353116359617,NA,NA,NA,20,111.08,1.05
"485",485,"21.50.157.60-80",2021,50,157,60,80,7.4,163,NA,0.289,0.2,477,18,1.82988486043797,NA,NA,NA,20,126.76,1.05
"486",486,"21.50.157.80-100",2021,50,157,80,100,7.6,115,50,0.133,NA,276,14,1.56412136816389,NA,NA,NA,20,108.35,1.05
"487",487,"21.50.158.0-10",2021,50,158,0,10,7.2,157,NA,3.373,NA,819,198.5,1.09134818120157,NA,NA,NA,10,37.8,1.05
"488",488,"21.50.158.10-20",2021,50,158,10,20,7.3,169,NA,2.789,NA,964,233,1.5068111528283,NA,NA,NA,10,52.19,1.05
"489",489,"21.50.158.20-40",2021,50,158,20,40,7.2,155,NA,2.511,NA,996,206.5,1.15818603938891,NA,NA,NA,20,80.23,1.05
"490",490,"21.50.158.40-60",2021,50,158,40,60,7.3,153,NA,3.411,0.8,1167,322,1.05829014767046,NA,NA,NA,20,73.31,1.05
"491",491,"21.50.158.60-80",2021,50,158,60,80,7.4,196,NA,2.466,0.2,945,261.5,0.938905895573413,NA,NA,NA,20,65.04,1.05
"492",492,"21.50.158.80-100",2021,50,158,80,100,7.4,303,NA,0.989,NA,767,34,1.30543142891611,NA,NA,NA,20,90.43,1.05
"493",493,"21.51.159.0-10",2021,51,159,0,10,7.2,224,NA,10.721,NA,1222,33.5,1.01050757518664,NA,NA,NA,10,35,1.05
"494",494,"21.51.159.10-20",2021,51,159,10,20,7.2,206,NA,8.934,NA,1108,43.5,1.50103682382724,NA,NA,NA,10,51.99,1.05
"495",495,"21.51.159.20-40",2021,51,159,20,40,7.2,168,NA,4.147,NA,788,64,1.38194128818024,NA,NA,NA,20,95.73,1.05
"496",496,"21.51.159.40-60",2021,51,159,40,60,7.3,139,NA,3.613,NA,567,50.5,1.60179886489585,NA,NA,NA,20,110.96,1.05
"497",497,"21.51.159.60-80",2021,51,159,60,80,7.2,197,NA,9.08,1.5,983,37,1.44242738446641,NA,NA,NA,20,99.92,1.05
"498",498,"21.51.159.80-100",2021,51,159,80,100,7.5,73,34,2.13,NA,479,40,3.0000526325041,NA,NA,NA,20,207.82,1.05
"499",499,"21.51.160.0-10",2021,51,160,0,10,7.1,77,NA,5.079,NA,767,109.5,0.856044274408108,NA,NA,NA,10,29.65,1.05
"500",500,"21.51.160.10-20",2021,51,160,10,20,7,76,NA,2.934,NA,669,133.5,1.42423824811305,NA,NA,NA,10,49.33,1.05
"501",501,"21.51.160.20-40",2021,51,160,20,40,7,42,NA,1.579,NA,407,38.5,1.09943224180306,NA,NA,NA,20,76.16,1.05
"502",502,"21.51.160.40-60",2021,51,160,40,60,7,28,NA,0.525,NA,322,13.5,1.42409388988803,NA,NA,NA,20,98.65,1.05
"503",503,"21.51.160.60-80",2021,51,160,60,80,7.3,25,NA,0.195,NA,235,7,1.42784720373872,NA,NA,NA,20,98.91,1.05
"504",504,"21.51.160.80-100",2021,51,160,80,100,7.4,12,NA,0.081,NA,195,7,1.87102695457057,NA,NA,NA,20,129.61,1.05
"505",505,"21.51.161.0-10",2021,51,161,0,10,7,76,NA,3.037,NA,668,162,1.13783152966015,NA,NA,NA,10,39.41,1.05
"506",506,"21.51.161.10-20",2021,51,161,10,20,7.1,68,NA,2.796,NA,814,155.5,1.71064496656595,NA,NA,NA,10,59.25,1.05
"507",507,"21.51.161.20-40",2021,51,161,20,40,7.2,85,NA,2.927,NA,602,143.5,1.40532732063456,NA,NA,NA,20,97.35,1.05
"508",508,"21.51.161.40-60",2021,51,161,40,60,7.2,61,NA,2.082,NA,461,31,1.58288793741735,NA,NA,NA,20,109.65,1.05
"509",509,"21.51.161.60-80",2021,51,161,60,80,7.1,40,NA,2.574,NA,455,57,1.65088066140491,NA,NA,NA,20,114.36,1.05
"510",510,"21.51.161.80-100",2021,51,161,80,100,7,42,NA,1.042,NA,422,45.5,1.61204829887274,NA,NA,NA,20,111.67,1.05
"511",511,"21.52.162.0-10",2021,52,162,0,10,7.2,36,NA,4.686,NA,530,710,0.888669233264134,NA,NA,NA,10,30.78,1.05
"512",512,"21.52.162.10-20",2021,52,162,10,20,7.3,27,NA,3.917,0.4,596,605,1.32694080444508,NA,NA,NA,10,45.96,1.05
"513",513,"21.52.162.20-40",2021,52,162,20,40,7.5,19,9,2.061,0.9,449,343,1.58332101209243,NA,NA,NA,20,109.68,1.05
"514",514,"21.52.162.40-60",2021,52,162,40,60,7.6,27,17,1.712,1.7,617,153.5,1.64265224257839,NA,NA,NA,20,113.79,1.05
"515",515,"21.52.162.60-80",2021,52,162,60,80,7.7,11,13,1.978,5.8,425,60,1.31712444514327,NA,NA,NA,20,91.24,1.05
"516",516,"21.52.162.80-100",2021,52,162,80,100,7.6,30,22,0.939,NA,317,49,1.6800410228603,NA,NA,NA,20,116.38,1.05
"517",517,"21.52.163.0-10",2021,52,163,0,10,7.3,120,NA,9.133,NA,914,95,0.633732607867048,NA,NA,NA,10,21.95,1.05
"518",518,"21.52.163.10-20",2021,52,163,10,20,7.3,115,NA,10.091,NA,960,82.5,1.07373647774832,NA,NA,NA,10,37.19,1.05
"519",519,"21.52.163.20-40",2021,52,163,20,40,7.4,79,NA,4.626,1.5,425,35,1.38367358688056,NA,NA,NA,20,95.85,1.05
"520",520,"21.52.163.40-60",2021,52,163,40,60,7.8,24,13,1.11,1.8,260,26,1.71396520574156,NA,NA,NA,20,118.73,1.05
"521",521,"21.52.163.60-80",2021,52,163,60,80,7.5,98,71,5.188,1.9,542,34,1.13234591710914,NA,NA,NA,20,78.44,1.05
"522",522,"21.52.163.80-100",2021,52,163,80,100,7.6,49,37,2.85,NA,328,22,2.47632099210737,NA,NA,NA,20,171.54,1.05
"523",523,"21.52.164.0-10",2021,52,164,0,10,7.3,131,NA,11.071,NA,1222,93,0.737670529886245,NA,NA,NA,10,25.55,1.05
"524",524,"21.52.164.10-20",2021,52,164,10,20,7.3,83,NA,6.701,3.7,837,51,1.53972482813438,NA,NA,NA,10,53.33,1.05
"525",525,"21.52.164.20-40",2021,52,164,20,40,7.4,38,NA,3.506,4.5,552,44,1.87506898487132,NA,NA,NA,20,129.89,1.05
"526",526,"21.52.164.40-60",2021,52,164,40,60,7.5,46,64,2.458,2.9,436,63,2.26700156581871,NA,NA,NA,20,157.04,1.05
"527",527,"21.52.164.60-80",2021,52,164,60,80,7.4,54,NA,2.863,2.6,467,51.5,2.36906283091256,NA,NA,NA,20,164.11,1.05
"528",528,"21.52.164.80-100",2021,52,164,80,100,7.4,83,NA,1.685,NA,374,21,1.9930096547181,NA,NA,NA,20,138.06,1.05
"529",529,"21.53.165.0-10",2021,53,165,0,10,7.2,154,NA,10.147,NA,1013,66,2.07471641008319,NA,NA,NA,10,71.86,1.05
"530",530,"21.53.165.10-20",2021,53,165,10,20,7.2,168,NA,10.249,NA,1191,72.5,0.605149679311769,NA,NA,NA,10,20.96,1.05
"531",531,"21.53.165.20-40",2021,53,165,20,40,7.2,145,NA,6.359,NA,879,43,0.385003386146109,NA,NA,NA,20,26.67,1.05
"532",532,"21.53.165.40-60",2021,53,165,40,60,7.2,77,NA,2.57,NA,590,27,1.66574955858266,NA,NA,NA,20,115.39,1.05
"533",533,"21.53.165.60-80",2021,53,165,60,80,7.3,80,NA,3.225,0.4,536,21.5,1.20827834347316,NA,NA,NA,20,83.7,1.05
"534",534,"21.53.165.80-100",2021,53,165,80,100,7.4,50,NA,3.009,NA,335,11.5,1.46451419289549,NA,NA,NA,20,101.45,1.05
"535",535,"21.53.166.0-10",2021,53,166,0,10,7.2,182,NA,9.744,NA,1494,51.5,1.10491785435407,NA,NA,NA,10,38.27,1.05
"536",536,"21.53.166.10-20",2021,53,166,10,20,7.2,163,NA,6.613,NA,928,41,2.18933684075436,NA,NA,NA,10,75.83,1.05
"537",537,"21.53.166.20-40",2021,53,166,20,40,7.1,124,NA,3.865,NA,627,64,1.09885480890295,NA,NA,NA,20,76.12,1.05
"538",538,"21.53.166.40-60",2021,53,166,40,60,7,98,NA,6.095,NA,722,121.5,0.870480096910774,NA,NA,NA,20,60.3,1.05
"539",539,"21.53.166.60-80",2021,53,166,60,80,7.2,57,NA,1.747,0.3,198,12.5,1.6800410228603,NA,NA,NA,20,116.38,1.05
"540",540,"21.53.166.80-100",2021,53,166,80,100,7.4,47,NA,1.484,NA,167,12,1.76001547952507,NA,NA,NA,20,121.92,1.05
"541",541,"21.53.167.0-10",2021,53,167,0,10,6.8,48,NA,2.164,NA,345,62,2.33225148353076,NA,NA,NA,10,80.78,1.05
"542",542,"21.53.167.10-20",2021,53,167,10,20,7,34,NA,1.923,NA,256,38,2.65445904179027,NA,NA,NA,10,91.94,1.05
"543",543,"21.53.167.20-40",2021,53,167,20,40,7.1,32,NA,2.253,NA,290,29,1.19340944629542,NA,NA,NA,20,82.67,1.05
"544",544,"21.53.167.40-60",2021,53,167,40,60,7.3,18,NA,0.582,0.2,102,8,1.79725990158195,NA,NA,NA,20,124.5,1.05
"545",545,"21.53.167.60-80",2021,53,167,60,80,7.5,12,6,0.421,NA,125,7,1.03504847344117,NA,NA,NA,20,71.7,1.05
"546",546,"21.53.167.80-100",2021,53,167,80,100,7.4,8,NA,0.271,NA,116,9,1.63875457050267,NA,NA,NA,20,113.52,1.05
"547",547,"21.54.168.0-10",2021,54,168,0,10,7.2,164,NA,9.314,NA,1666,30,0.924470073070746,NA,NA,NA,10,32.02,1.05
"548",548,"21.54.168.10-20",2021,54,168,10,20,7.3,151,NA,7.601,NA,1329,24,1.97251078676432,NA,NA,NA,10,68.32,1.05
"549",549,"21.54.168.20-40",2021,54,168,20,40,6.9,130,NA,4.72,1.8,831,25.5,0.929666969171706,NA,NA,NA,20,64.4,1.05
"550",550,"21.54.168.40-60",2021,54,168,40,60,7.4,70,NA,3.073,1.6,379,42.5,1.71916210184252,NA,NA,NA,20,119.09,1.05
"551",551,"21.54.168.60-80",2021,54,168,60,80,7.5,47,43,3.866,NA,356,54.5,2.01769491119766,NA,NA,NA,20,139.77,1.05
"552",552,"21.54.169.0-10",2021,54,169,0,10,6.9,74,NA,4.174,NA,551,23,2.42464074754782,NA,NA,NA,10,83.98,1.05
"553",553,"21.54.169.10-20",2021,54,169,10,20,7,63,NA,3.241,NA,449,19.5,4.69914894106792,NA,NA,NA,10,162.76,1.05
"554",554,"21.54.169.20-40",2021,54,169,20,40,7.1,60,NA,2.818,0.4,507,9,3.3195173844881,NA,NA,NA,20,229.95,1.05
"555",555,"21.54.169.40-60",2021,54,169,40,60,7.8,18,10,0.641,3.1,232,6,2.01336416444686,NA,NA,NA,20,139.47,1.05
"556",556,"21.54.169.60-80",2021,54,169,60,80,7.6,31,18,1.794,1.5,288,46.5,1.69895195033879,NA,NA,NA,20,117.69,1.05
"557",557,"21.54.169.80-100",2021,54,169,80,100,7.7,22,14,0.934,NA,313,14,2.81556282092002,NA,NA,NA,20,195.04,1.05
"558",558,"21.54.170.0-10",2021,54,170,0,10,7,156,NA,11.463,NA,1106,22,2.82537918022184,NA,NA,NA,10,97.86,1.05
"559",559,"21.54.170.10-20",2021,54,170,10,20,7,170,NA,11.032,NA,1171,20,3.71029509963528,NA,NA,NA,10,128.51,1.05
"560",560,"21.54.170.20-40",2021,54,170,20,40,7.2,152,NA,8.75,NA,1177,23.5,1.87146002924565,NA,NA,NA,20,129.64,1.05
"561",561,"21.54.170.40-60",2021,54,170,40,60,7.2,140,NA,7.572,NA,1037,25.5,2.0211595085983,NA,NA,NA,20,140.01,1.05
"562",562,"21.54.170.60-80",2021,54,170,60,80,7.3,133,NA,5.544,1.9,864,24,2.37830175731426,NA,NA,NA,20,164.75,1.05
"563",563,"21.54.170.80-100",2021,54,170,80,100,7.4,98,NA,3.292,NA,723,14.5,1.22228109130075,NA,NA,NA,20,84.67,1.05
"564",564,"21.55.171.0-10",2021,55,171,0,10,7,102,NA,6.353,NA,852,65.5,0.996360469134024,NA,NA,NA,10,34.51,1.05
"565",565,"21.55.171.10-20",2021,55,171,10,20,7,100,NA,6.392,NA,820,38,1.358988330401,NA,NA,NA,10,47.07,1.05
"566",566,"21.55.171.20-40",2021,55,171,20,40,7.1,90,NA,3.422,NA,604,36,1.25750449820726,NA,NA,NA,20,87.11,1.05
"567",567,"21.55.171.40-60",2021,55,171,40,60,7.1,45,NA,0.95,NA,406,13,1.44820171346748,NA,NA,NA,20,100.32,1.05
"568",568,"21.55.171.60-80",2021,55,171,60,80,7.3,53,NA,0.794,NA,411,13,1.01902471046321,NA,NA,NA,20,70.59,1.05
"569",569,"21.55.171.80-100",2021,55,171,80,100,7.2,61,NA,0.532,NA,484,15,1.33617973084679,NA,NA,NA,20,92.56,1.05
"570",570,"21.55.172.0-10",2021,55,172,0,10,7,88,NA,5.815,NA,708,56.5,0.979903631480985,NA,NA,NA,10,33.94,1.05
"571",571,"21.55.172.10-20",2021,55,172,10,20,7,83,NA,3.574,NA,657,53.5,1.41673162041167,NA,NA,NA,10,49.07,1.05
"572",572,"21.55.172.20-40",2021,55,172,20,40,7.1,55,NA,1.882,NA,414,36,1.40215143968397,NA,NA,NA,20,97.13,1.05
"573",573,"21.55.172.40-60",2021,55,172,40,60,7,61,NA,1.441,NA,480,17,1.03851307084181,NA,NA,NA,20,71.94,1.05
"574",574,"21.55.172.60-80",2021,55,172,60,80,6.9,41,NA,0.465,NA,387,11.5,1.30456527956595,NA,NA,NA,20,90.37,1.05
"575",575,"21.55.172.80-100",2021,55,172,80,100,6.7,78,NA,0.793,NA,499,15.5,0.961425778677572,NA,NA,NA,20,66.6,1.05
"576",576,"21.55.173.0-10",2021,55,173,0,10,7.1,114,NA,4.739,NA,786,62,0.835256690004269,NA,NA,NA,10,28.93,1.05
"577",577,"21.55.173.10-20",2021,55,173,10,20,7.1,71,NA,4.147,NA,727,65.5,1.34022176114753,NA,NA,NA,10,46.42,1.05
"578",578,"21.55.173.20-40",2021,55,173,20,40,7.2,45,NA,2.939,NA,505,55,1.35321400139993,NA,NA,NA,20,93.74,1.05
"579",579,"21.55.173.40-60",2021,55,173,40,60,7.3,39,NA,1.605,0.1,435,36,1.31062832501707,NA,NA,NA,20,90.79,1.05
"580",580,"21.55.173.60-80",2021,55,173,60,80,7.4,40,NA,0.885,NA,405,18,1.16222806968966,NA,NA,NA,20,80.51,1.05
"581",581,"21.55.173.80-100",2021,55,173,80,100,7.2,54,NA,1.265,NA,457,24.5,0.467431932636333,NA,NA,NA,20,32.38,1.05
"582",582,"21.56.174.0-10",2021,56,174,0,10,7.3,99,NA,6.578,2.5,724,17,1.63326895795166,NA,NA,NA,10,56.57,1.05
"583",583,"21.56.174.10-20",2021,56,174,10,20,7.4,79,NA,2.768,2.9,367,5,2.7482918880576,NA,NA,NA,10,95.19,1.05
"584",584,"21.56.174.20-40",2021,56,174,20,40,7.6,53,18,1.603,4.1,282,0,1.55964626318806,NA,NA,NA,20,108.04,1.05
"585",585,"21.56.174.40-60",2021,56,174,40,60,7.7,34,21,2.179,NA,298,6.5,1.41759776976183,NA,NA,NA,20,98.2,1.05
"586",586,"21.56.175.0-10",2021,56,175,0,10,7.3,100,NA,4.571,NA,815,14.5,0.931399267872026,NA,NA,NA,10,32.26,1.05
"587",587,"21.56.175.10-20",2021,56,175,10,20,7.3,98,NA,4.243,1.6,696,12,2.47429997695699,NA,NA,NA,10,85.7,1.05
"588",588,"21.56.175.20-40",2021,56,175,20,40,7.4,115,NA,4.925,1.7,754,13,0.824285464902243,NA,NA,NA,20,57.1,1.05
"589",589,"21.56.175.40-60",2021,56,175,40,60,7.4,104,NA,4.131,1.8,639,20,0.81230373222503,NA,NA,NA,20,56.27,1.05
"590",590,"21.56.175.60-80",2021,56,175,60,80,7.7,25,37,2.124,4.2,521,3.5,1.20539117897263,NA,NA,NA,20,83.5,1.05
"591",591,"21.56.175.80-100",2021,56,175,80,100,7.5,66,49,3.451,NA,582,4.5,0.747342530963031,NA,NA,NA,20,51.77,1.05
"592",592,"21.56.176.0-10",2021,56,176,0,10,7.3,113,NA,6.328,NA,936,19,1.42221723296268,NA,NA,NA,10,49.26,1.05
"593",593,"21.56.176.10-20",2021,56,176,10,20,7.4,128,NA,3.83,1.9,709,18,1.51778237793033,NA,NA,NA,10,52.57,1.05
"594",594,"21.56.176.20-40",2021,56,176,20,40,7.4,102,NA,3.314,2.8,721,0,0.863406543884468,NA,NA,NA,20,59.81,1.05
"595",595,"21.56.176.40-60",2021,56,176,40,60,7.6,32,38,1.806,3.6,431,4,0.940638194273732,NA,NA,NA,20,65.16,1.05
"596",596,"21.56.176.60-80",2021,56,176,60,80,7.7,56,39,1.836,NA,414,0,0.610635291862782,NA,NA,NA,20,42.3,1.05
"597",597,"21.56.176.80-100",2021,56,176,80,100,7.5,62,47,2.08,NA,491,6,0.432930316854961,NA,NA,NA,20,29.99,1.05
"598",598,"21.57.177.0-10",2021,57,177,0,10,7,119,NA,5.682,NA,750,58.5,1.14909147121223,NA,NA,NA,10,39.8,1.05
"599",599,"21.57.177.10-20",2021,57,177,10,20,7.1,117,NA,3.769,NA,671,67.5,1.69823015921366,NA,NA,NA,10,58.82,1.05
"600",600,"21.57.177.20-40",2021,57,177,20,40,7.1,114,NA,2.423,NA,636,44.5,1.445603265417,NA,NA,NA,20,100.14,1.05
"601",601,"21.57.177.40-60",2021,57,177,40,60,7,101,NA,2.036,NA,608,20,1.3086073098667,NA,NA,NA,20,90.65,1.05
"602",602,"21.57.177.60-80",2021,57,177,60,80,6.6,43,NA,1.038,NA,355,18.5,1.60800626857199,NA,NA,NA,20,111.39,1.05
"603",603,"21.57.177.80-100",2021,57,177,80,100,6.4,42,NA,1.146,NA,313,28.5,1.32347620704444,NA,NA,NA,20,91.68,1.05
"604",604,"21.57.178.0-10",2021,57,178,0,10,7.1,71,NA,3.912,NA,608,90.5,1.32636337154497,NA,NA,NA,10,45.94,1.05
"605",605,"21.57.178.10-20",2021,57,178,10,20,7.2,77,NA,3.613,NA,609,88,1.81718133663563,NA,NA,NA,10,62.94,1.05
"606",606,"21.57.178.20-40",2021,57,178,20,40,7.3,79,NA,2.933,NA,655,90.5,1.08369719527515,NA,NA,NA,20,75.07,1.05
"607",607,"21.57.178.40-60",2021,57,178,40,60,7.2,81,NA,3.382,NA,567,118,1.14880275476218,NA,NA,NA,20,79.58,1.05
"608",608,"21.57.178.60-80",2021,57,178,60,80,7.2,71,NA,3.592,NA,566,106.5,1.39060278168184,NA,NA,NA,20,96.33,1.05
"609",609,"21.57.178.80-100",2021,57,178,80,100,7.2,40,NA,1.421,NA,339,23.5,2.93104940094135,NA,NA,NA,20,203.04,1.05
"610",610,"21.57.179.0-10",2021,57,179,0,10,7.1,60,NA,3.568,NA,671,108,1.34801710529897,NA,NA,NA,10,46.69,1.05
"611",611,"21.57.179.10-20",2021,57,179,10,20,7.2,58,NA,3.013,NA,582,101,1.25158581098116,NA,NA,NA,10,43.35,1.05
"612",612,"21.57.179.20-40",2021,57,179,20,40,7.3,63,NA,2.063,NA,490,65,1.09452406215215,NA,NA,NA,20,75.82,1.05
"613",613,"21.57.179.40-60",2021,57,179,40,60,7.5,61,28,2.012,0.4,494,198,1.11964239330679,NA,NA,NA,20,77.56,1.05
"614",614,"21.57.179.60-80",2021,57,179,60,80,7.4,75,NA,1.926,0.2,681,160.5,0.999391991859584,NA,NA,NA,20,69.23,1.05
"615",615,"21.57.179.80-100",2021,57,179,80,100,7.5,62,38,1.666,0.5,482,46.5,1.18316001231853,NA,NA,NA,20,81.96,1.05
"616",616,"21.58.180.0-10",2021,58,180,0,10,6.1,12,NA,3.252,NA,442,47,1.24754378068042,NA,NA,NA,10,43.21,1.05
"617",617,"21.58.180.10-20",2021,58,180,10,20,6.2,10,NA,2.579,NA,390,32,1.77243028687736,NA,NA,NA,10,61.39,1.05
"618",618,"21.58.180.20-40",2021,58,180,20,40,6.3,14,NA,1.655,NA,378,16,1.43477639854,NA,NA,NA,20,99.39,1.05
"619",619,"21.58.180.40-60",2021,58,180,40,60,6.4,19,NA,1.071,NA,379,11.5,1.56758596556453,NA,NA,NA,20,108.59,1.05
"620",620,"21.58.180.60-80",2021,58,180,60,80,6.6,15,NA,0.371,NA,207,0,1.70862395141558,NA,NA,NA,20,118.36,1.05
"621",621,"21.58.180.80-100",2021,58,180,80,100,6.6,11,NA,0.226,NA,215,7,2.18370686997832,NA,NA,NA,20,151.27,1.05
"622",622,"21.58.181.0-10",2021,58,181,0,10,7,128,NA,9.576,NA,1547,40,0.588404125208676,NA,NA,NA,10,20.38,1.05
"623",623,"21.58.181.10-20",2021,58,181,10,20,7.1,128,NA,9.305,NA,1448,32.5,0.593601021309636,NA,NA,NA,10,20.56,1.05
"624",624,"21.58.181.20-40",2021,58,181,20,40,7.1,63,NA,4.472,NA,606,38,1.44502583251689,NA,NA,NA,20,100.1,1.05
"625",625,"21.58.181.40-60",2021,58,181,40,60,7.2,79,NA,3.079,NA,581,7.5,2.24274938401423,NA,NA,NA,20,155.36,1.05
"626",626,"21.58.181.60-80",2021,58,181,60,80,7.2,78,NA,3.215,NA,586,19.5,2.29096503117313,NA,NA,NA,20,158.7,1.05
"627",627,"21.58.181.80-100",2021,58,181,80,100,7.5,39,16,1.117,0.5,302,4.5,2.23567583098792,NA,NA,NA,20,154.87,1.05
"628",628,"21.58.182.0-10",2021,58,182,0,10,7.3,64,NA,7.541,NA,1127,26.5,0.748930471438325,NA,NA,NA,10,25.94,1.05
"629",629,"21.58.182.10-20",2021,58,182,10,20,7.3,53,NA,4.708,NA,635,24.5,1.50565628702809,NA,NA,NA,10,52.15,1.05
"630",630,"21.58.182.20-40",2021,58,182,20,40,7.5,29,11,1.842,0.9,444,13.5,1.61161522419766,NA,NA,NA,20,111.64,1.05
"631",631,"21.58.182.40-60",2021,58,182,40,60,7.7,20,9,1.457,2.6,286,0,2.24303810046428,NA,NA,NA,20,155.38,1.05
"632",632,"21.58.182.60-80",2021,58,182,60,80,7.5,39,12,2.179,1.8,390,3.5,2.40370880491896,NA,NA,NA,20,166.51,1.05
"633",633,"21.58.182.80-100",2021,58,182,80,100,7.4,54,NA,1.617,2.1,393,8.5,2.69098167272201,NA,NA,NA,20,186.41,1.05
"634",634,"21.59.183.0-10",2021,59,183,0,10,7.1,120,NA,5.239,NA,776,81.5,1.40114093210879,NA,NA,NA,10,48.53,1.05
"635",635,"21.59.183.10-20",2021,59,183,10,20,7.1,122,NA,4.371,NA,745,96.5,0.739402828586565,NA,NA,NA,10,25.61,1.05
"636",636,"21.59.183.20-40",2021,59,183,20,40,7.3,95,NA,3.682,NA,712,116.5,2.19973063295628,NA,NA,NA,20,152.38,1.05
"637",637,"21.59.183.40-60",2021,59,183,40,60,7.2,74,NA,3.489,NA,894,200,1.36014319620121,NA,NA,NA,20,94.22,1.05
"638",638,"21.59.183.60-80",2021,59,183,60,80,7.3,58,NA,2.381,NA,526,51.5,1.0660854918219,NA,NA,NA,20,73.85,1.05
"639",639,"21.59.183.80-100",2021,59,183,80,100,7.4,52,NA,1.397,0.3,445,37,1.11386806430573,NA,NA,NA,20,77.16,1.05
"640",640,"21.59.184.0-10",2021,59,184,0,10,7,139,NA,9.955,NA,1260,60.5,0.77809083289371,NA,NA,NA,10,26.95,1.05
"641",641,"21.59.184.10-20",2021,59,184,10,20,6.9,121,NA,6.337,NA,950,62,2.24736884721508,NA,NA,NA,10,77.84,1.05
"642",642,"21.59.184.20-40",2021,59,184,20,40,7.4,90,NA,4.393,1.2,819,145,1.55675909868753,NA,NA,NA,20,107.84,1.05
"643",643,"21.59.184.40-60",2021,59,184,40,60,7.3,87,NA,5.738,NA,1377,258.5,1.40330630548419,NA,NA,NA,20,97.21,1.05
"644",644,"21.59.184.60-80",2021,59,184,60,80,7.3,75,NA,3.985,NA,549,107.5,1.38858176653147,NA,NA,NA,20,96.19,1.05
"645",645,"21.59.184.80-100",2021,59,184,80,100,7.2,428,NA,2.65,NA,1138,262,1.14360585866122,NA,NA,NA,20,79.22,1.05
"646",646,"21.59.185.0-10",2021,59,185,0,10,7.3,139,NA,10.371,NA,1244,50.5,1.89426862879986,NA,NA,NA,10,65.61,1.05
"647",647,"21.59.185.10-20",2021,59,185,10,20,7.4,118,NA,5.658,1.8,805,51,1.79783733448205,NA,NA,NA,10,62.27,1.05
"648",648,"21.59.185.20-40",2021,59,185,20,40,7.4,94,NA,5.126,1.4,869,132.5,1.43073436823925,NA,NA,NA,20,99.11,1.05
"649",649,"21.59.185.40-60",2021,59,185,40,60,7.3,112,NA,5.523,NA,1200,197.5,1.61926621012407,NA,NA,NA,20,112.17,1.05
"650",650,"21.59.185.60-80",2021,59,185,60,80,7.3,130,NA,5.726,NA,957,106.5,1.05511426671988,NA,NA,NA,20,73.09,1.05
"651",651,"21.59.185.80-100",2021,59,185,80,100,7.2,110,NA,4.713,NA,899,66.5,0.596343827585143,NA,NA,NA,20,41.31,1.05
"652",652,"21.60.186.0-10",2021,60,186,0,10,7.2,97,NA,6.382,NA,918,92,1.13840896256026,NA,NA,NA,10,39.43,1.05
"653",653,"21.60.186.10-20",2021,60,186,10,20,7.4,79,NA,3.783,0.9,579,62.5,1.61479110514825,NA,NA,NA,10,55.93,1.05
"654",654,"21.60.186.20-40",2021,60,186,20,40,7.6,48,25,1.987,1.2,444,61.5,1.7038601299897,NA,NA,NA,20,118.03,1.05
"655",655,"21.60.186.40-60",2021,60,186,40,60,7.9,22,15,1.064,1.6,359,29.5,1.78397894487949,NA,NA,NA,20,123.58,1.05
"656",656,"21.60.186.60-80",2021,60,186,60,80,7.6,40,29,2.055,1.7,415,77.5,2.18211892950303,NA,NA,NA,20,151.16,1.05
"657",657,"21.60.186.80-100",2021,60,186,80,100,7.5,32,20,1.809,1.7,397,74.5,1.5349610067085,NA,NA,NA,20,106.33,1.05
"658",658,"21.60.187.0-10",2021,60,187,0,10,7.2,95,NA,8.387,NA,1016,158.5,1.34051047759759,NA,NA,NA,10,46.43,1.05
"659",659,"21.60.187.10-20",2021,60,187,10,20,7.2,86,NA,4.692,NA,549,205,1.86539698379453,NA,NA,NA,10,64.61,1.05
"660",660,"21.60.187.20-40",2021,60,187,20,40,7.4,67,NA,2.873,NA,388,80,0.755859666239605,NA,NA,NA,20,52.36,1.05
"661",661,"21.60.187.40-60",2021,60,187,40,60,7.9,43,30,1.587,3.1,408,25,1.22747798740171,NA,NA,NA,20,85.03,1.05
"662",662,"21.60.188.0-10",2021,60,188,0,10,6.9,160,NA,10.618,NA,1252,74.5,1.66473905100747,NA,NA,NA,10,57.66,1.05
"663",663,"21.60.188.10-20",2021,60,188,10,20,7,139,NA,5.795,NA,979,137,1.54261199263491,NA,NA,NA,10,53.43,1.05
"664",664,"21.60.188.20-40",2021,60,188,20,40,7.1,158,NA,7.41,NA,1332,180.5,1.04024536954213,NA,NA,NA,20,72.06,1.05
"665",665,"21.60.188.40-60",2021,60,188,40,60,7.2,122,NA,3.832,NA,806,316,2.05335139277925,NA,NA,NA,20,142.24,1.05
"666",666,"21.60.188.60-80",2021,60,188,60,80,7,138,NA,4.493,NA,761,55.5,1.72421463971846,NA,NA,NA,20,119.44,1.05
"667",667,"21.60.188.80-100",2021,60,188,80,100,7,177,NA,6.686,NA,831,39,0.992462797058304,NA,NA,NA,20,68.75,1.05
"668",668,"21.61.189.0-10",2021,61,189,0,10,7.5,50,43,7.575,NA,927,199.5,1.29922402523996,NA,NA,NA,10,45,1.05
"669",669,"21.61.189.10-20",2021,61,189,10,20,7.6,22,40,6.422,12,938,272.5,1.68956866571206,NA,NA,NA,10,58.52,1.05
"670",670,"21.61.189.20-40",2021,61,189,20,40,7.6,58,50,5.441,6.4,947,391,1.5955914612197,NA,NA,NA,20,110.53,1.05
"671",671,"21.61.189.40-60",2021,61,189,40,60,7.5,119,53,4.628,4.5,820,250,1.91390134740349,NA,NA,NA,20,132.58,1.05
"672",672,"21.61.189.60-80",2021,61,189,60,80,7.6,77,37,2.163,3.5,1866,96.5,1.61565725449841,NA,NA,NA,20,111.92,1.05
"673",673,"21.61.189.80-100",2021,61,189,80,100,7.6,72,33,1.641,1.8,409,55,1.55950190496303,NA,NA,NA,20,108.03,1.05
"674",674,"21.61.190.0-10",2021,61,190,0,10,7.2,149,NA,7.021,NA,1044,115,1.07748979159901,NA,NA,NA,10,37.32,1.05
"675",675,"21.61.190.10-20",2021,61,190,10,20,7.2,136,NA,4.882,NA,934,132.5,0.998381484284397,NA,NA,NA,10,34.58,1.05
"676",676,"21.61.190.20-40",2021,61,190,20,40,7.5,71,66,3.519,2.4,652,110.5,1.17420980236687,NA,NA,NA,20,81.34,1.05
"677",677,"21.61.190.40-60",2021,61,190,40,60,7.2,99,NA,6.368,NA,818,167,1.09192561410167,NA,NA,NA,20,75.64,1.05
"678",678,"21.61.190.60-80",2021,61,190,60,80,7.2,103,NA,4.581,NA,800,248,0.855899916183082,NA,NA,NA,20,59.29,1.05
"679",679,"21.61.190.80-100",2021,61,190,80,100,7.3,100,NA,11.502,NA,1275,630,0.745754590487738,NA,NA,NA,20,51.66,1.05
"680",680,"21.61.191.0-10",2021,61,191,0,10,7.2,146,NA,4.719,NA,1249,55,0.79887841729755,NA,NA,NA,10,27.67,1.05
"681",681,"21.61.191.10-20",2021,61,191,10,20,7.1,151,NA,10.249,NA,1416,67.5,0.831792092603629,NA,NA,NA,10,28.81,1.05
"682",682,"21.61.191.20-40",2021,61,191,20,40,7.2,149,NA,5.179,NA,1076,48,1.03504847344117,NA,NA,NA,20,71.7,1.05
"683",683,"21.61.191.40-60",2021,61,191,40,60,7.2,67,NA,5.958,NA,882,156.5,0.389622849346962,NA,NA,NA,20,26.99,1.05
"684",684,"21.61.191.60-80",2021,61,191,60,80,7.6,26,48,2.566,6.5,847,183.5,1.22560133047636,NA,NA,NA,20,84.9,1.05
"685",685,"21.61.191.80-100",2021,61,191,80,100,7.6,83.5,47,1.484,2.1,543,55,1.53337306623321,NA,NA,NA,20,106.22,1.05
"686",686,"21.62.192.0-10",2021,62,192,0,10,6.9,76,NA,7.244,NA,782,19,1.14938018766229,NA,NA,NA,10,39.81,1.05
"687",687,"21.62.192.10-20",2021,62,192,10,20,7,74,NA,4.696,NA,689,14.5,1.99993884951938,NA,NA,NA,10,69.27,1.05
"688",688,"21.62.192.20-40",2021,62,192,20,40,7.1,65,NA,3.351,NA,531,10.5,1.22531261402631,NA,NA,NA,20,84.88,1.05
"689",689,"21.62.192.40-60",2021,62,192,40,60,7.1,77,NA,4.893,NA,657,12,0.889102307939214,NA,NA,NA,20,61.59,1.05
"690",690,"21.62.192.60-80",2021,62,192,60,80,7.4,6,NA,0.211,NA,337,0,1.15602066601351,NA,NA,NA,20,80.08,1.05
"691",691,"21.62.192.80-100",2021,62,192,80,100,7.3,7,NA,0.233,NA,324,0,1.52687694610701,NA,NA,NA,20,105.77,1.05
"692",692,"21.62.193.0-10",2021,62,193,0,10,7.2,103,NA,10.256,NA,852,58.5,1.16525959241522,NA,NA,NA,10,40.36,1.05
"693",693,"21.62.193.10-20",2021,62,193,10,20,7.1,98,NA,6.226,NA,779,187.5,2.31002031687665,NA,NA,NA,10,80.01,1.05
"694",694,"21.62.193.20-40",2021,62,193,20,40,7.2,131,NA,6.626,NA,867,125,0.767263966016711,NA,NA,NA,20,53.15,1.05
"695",695,"21.62.193.40-60",2021,62,193,40,60,7.2,131,NA,9.425,NA,860,100,0.585805677158196,NA,NA,NA,20,40.58,1.05
"696",696,"21.62.193.60-80",2021,62,193,60,80,7.2,122,NA,5.879,NA,761,76,0.966189600103452,NA,NA,NA,20,66.93,1.05
"697",697,"21.62.193.80-100",2021,62,193,80,100,7.4,67,NA,0.729,0.1,281,53,0.985822318707078,NA,NA,NA,20,68.29,1.05
"698",698,"21.62.194.0-10",2021,62,194,0,10,7,112,NA,9.427,NA,996,23,1.38439537800569,NA,NA,NA,10,47.95,1.05
"699",699,"21.62.194.10-20",2021,62,194,10,20,6.9,113,NA,7.522,NA,857,21,2.01235365687167,NA,NA,NA,10,69.7,1.05
"700",700,"21.62.194.20-40",2021,62,194,20,40,6.9,123,NA,6.929,NA,892,19,0.880440814437614,NA,NA,NA,20,60.99,1.05
"701",701,"21.62.194.40-60",2021,62,194,40,60,7,118,NA,4.92,NA,731,17,1.33848946244721,NA,NA,NA,20,92.72,1.05
"702",702,"21.62.194.60-80",2021,62,194,60,80,6.9,132,NA,9.744,NA,1119,25.5,0.834390540654109,NA,NA,NA,20,57.8,1.05
"703",703,"21.62.194.80-100",2021,62,194,80,100,6.9,128,NA,10.064,NA,1243,20.5,0.943381000549239,NA,NA,NA,20,65.35,1.05
"704",704,"21.63.195.0-10",2021,63,195,0,10,7.2,124,NA,5.931,NA,884,70.5,1.46667956627089,NA,NA,NA,10,50.8,1.05
"705",705,"21.63.195.10-20",2021,63,195,10,20,7.2,97,NA,3.232,NA,548,35,2.30713315237612,NA,NA,NA,10,79.91,1.05
"706",706,"21.63.195.20-40",2021,63,195,20,40,7.2,122,NA,5.495,NA,811,55,1.00199043991006,NA,NA,NA,20,69.41,1.05
"707",707,"21.63.195.40-60",2021,63,195,40,60,7.2,109,NA,3.498,NA,578,65,1.14562687381159,NA,NA,NA,20,79.36,1.05
"708",708,"21.63.195.60-80",2021,63,195,60,80,7.4,113,NA,1.557,0.2,596,49,1.68754765056168,NA,NA,NA,20,116.9,1.05
"709",709,"21.63.195.80-100",2021,63,195,80,100,7.2,88,NA,0.537,NA,356,14,1.19932813352151,NA,NA,NA,20,83.08,1.05
"710",710,"21.63.196.0-10",2021,63,196,0,10,7.2,121,NA,6.168,NA,767,65.5,2.55600673232209,NA,NA,NA,10,88.53,1.05
"711",711,"21.63.196.10-20",2021,63,196,10,20,7.2,98,NA,5.221,NA,698,55.5,1.77849333232848,NA,NA,NA,10,61.6,1.05
"712",712,"21.63.196.20-40",2021,63,196,20,40,7.2,92,NA,2.279,NA,495,48,1.07128238792286,NA,NA,NA,20,74.21,1.05
"713",713,"21.63.196.40-60",2021,63,196,40,60,7.3,70,NA,0.474,NA,289,7,0.957961181276932,NA,NA,NA,20,66.36,1.05
"714",714,"21.63.196.60-80",2021,63,196,60,80,7.2,84,NA,0.351,NA,399,4.5,0.642682817818701,NA,NA,NA,20,44.52,1.05
"715",715,"21.63.196.80-100",2021,63,196,80,100,7.2,65,NA,0.291,NA,320,7,1.18878998309457,NA,NA,NA,20,82.35,1.05
"716",716,"21.63.197.0-10",2021,63,197,0,10,7.4,22,NA,6.934,2.6,1458,31,2.3796009813395,NA,NA,NA,10,82.42,1.05
"717",717,"21.63.197.10-20",2021,63,197,10,20,7.5,30,38,4.69,2.5,574,68.5,2.33860324543193,NA,NA,NA,10,81,1.05
"718",718,"21.63.197.20-40",2021,63,197,20,40,7.3,29,NA,6.949,NA,781,38,0.624782397915395,NA,NA,NA,20,43.28,1.05
"719",719,"21.63.197.40-60",2021,63,197,40,60,7.4,22,NA,6.645,NA,718,30.5,0.658273506121581,NA,NA,NA,20,45.6,1.05
"720",720,"21.63.197.60-80",2021,63,197,60,80,7.5,20,34,5.845,3.7,643,47,0.866582424835055,NA,NA,NA,20,60.03,1.05
"721",721,"21.63.197.80-100",2021,63,197,80,100,7.4,24,NA,7.026,NA,782,41,0.712696556956632,NA,NA,NA,20,49.37,1.05
"722",722,"21.64.198.0-10",2021,64,198,0,10,7,142,NA,7.197,NA,1055,38,1.61190394064771,NA,NA,NA,10,55.83,1.05
"723",723,"21.64.198.10-20",2021,64,198,10,20,6.9,134,NA,6.67,NA,950,46,1.95056833656026,NA,NA,NA,10,67.56,1.05
"724",724,"21.64.198.20-40",2021,64,198,20,40,7,90,NA,4.093,NA,623,33.5,0.919706251644866,NA,NA,NA,20,63.71,1.05
"725",725,"21.64.198.40-60",2021,64,198,40,60,6.9,28,NA,0.487,NA,352,13,0.801765581798083,NA,NA,NA,20,55.54,1.05
"726",726,"21.64.198.60-80",2021,64,198,60,80,7,65,NA,2.121,NA,462,15,1.42683669616353,NA,NA,NA,20,98.84,1.05
"727",727,"21.64.198.80-100",2021,64,198,80,100,7,25,NA,0.445,NA,302,10,0.718326527732672,NA,NA,NA,20,49.76,1.05
"728",728,"21.64.199.0-10",2021,64,199,0,10,7.1,163,NA,10.186,NA,1832,37.5,1.7016947566143,NA,NA,NA,10,58.94,1.05
"729",729,"21.64.199.10-20",2021,64,199,10,20,7,142,NA,4.35,NA,836,43,1.9063947197021,NA,NA,NA,10,66.03,1.05
"730",730,"21.64.199.20-40",2021,64,199,20,40,7,90,NA,2.409,NA,591,20.5,1.15630938246357,NA,NA,NA,20,80.1,1.05
"731",731,"21.64.199.40-60",2021,64,199,40,60,7,51,NA,1.247,NA,391,25.5,1.09741122665269,NA,NA,NA,20,76.02,1.05
"732",732,"21.64.199.60-80",2021,64,199,60,80,7.1,44,NA,0.549,NA,455,13,0.711974765831499,NA,NA,NA,20,49.32,1.05
"733",733,"21.64.199.80-100",2021,64,199,80,100,7,110,NA,2.739,NA,827,12,0.253204326696766,NA,NA,NA,20,17.54,1.05
"734",734,"21.64.200.0-10",2021,64,200,0,10,6.9,28,NA,4.223,NA,597,66.5,1.46898929787132,NA,NA,NA,10,50.88,1.05
"735",735,"21.64.200.10-20",2021,64,200,10,20,7.4,11,NA,2.668,1.3,431,58,1.86828414829507,NA,NA,NA,10,64.71,1.05
"736",736,"21.64.200.20-40",2021,64,200,20,40,7.9,13,11,0.928,4.1,399,10,1.06146602862105,NA,NA,NA,20,73.53,1.05
"737",737,"21.64.200.40-60",2021,64,200,40,60,7.8,31,20,0.228,NA,418,0,0.852146602332388,NA,NA,NA,20,59.03,1.05
"738",738,"21.64.200.60-80",2021,64,200,60,80,7.8,36,26,0.3,0.2,389,7.5,0.874955201886601,NA,NA,NA,20,60.61,1.05
"739",739,"21.64.200.80-100",2021,64,200,80,100,7.8,31,17,0.551,NA,436,0,0.514492713995025,NA,NA,NA,20,35.64,1.05
"740",740,"21.65.201.0-10",2021,65,201,0,10,7.5,121,64,9.217,2.9,1687,24,1.8495175790416,NA,NA,NA,10,64.06,1.05
"741",741,"21.65.201.10-20",2021,65,201,10,20,7.4,62,NA,3.601,NA,766,18,1.13898639546037,NA,NA,NA,10,39.45,1.05
"742",742,"21.65.201.20-40",2021,65,201,20,40,7.6,32,20,1.532,2.4,521,15,1.15414400908817,NA,NA,NA,20,79.95,1.05
"743",743,"21.65.201.40-60",2021,65,201,40,60,7.5,51,27,2.073,NA,501,16,0.396263327698188,NA,NA,NA,20,27.45,1.05
"744",744,"21.65.201.60-80",2021,65,201,60,80,7.7,32,23,1.686,2,429,12.5,0.792526655396377,NA,NA,NA,20,54.9,1.05
"745",745,"21.65.201.80-100",2021,65,201,80,100,7.8,9,9,1.167,4.2,547,20.5,1.84561990696588,NA,NA,NA,20,127.85,1.05
"746",746,"21.65.202.0-10",2021,65,202,0,10,7,239,NA,14.578,NA,3050,38.5,1.26890879798436,NA,NA,NA,10,43.95,1.05
"747",747,"21.65.202.10-20",2021,65,202,10,20,7.6,49,42,1.891,NA,503,22,1.43780792126556,NA,NA,NA,10,49.8,1.05
"748",748,"21.65.202.20-40",2021,65,202,20,40,7.2,116,NA,4.469,NA,817,27.5,0.846227915106295,NA,NA,NA,20,58.62,1.05
"749",749,"21.65.202.40-60",2021,65,202,40,60,7.4,98,NA,2.742,1.5,693,53,1.44069508576609,NA,NA,NA,20,99.8,1.05
"750",750,"21.65.202.60-80",2021,65,202,60,80,7.4,100,NA,3.803,NA,881,24,0.313546064757911,NA,NA,NA,20,21.72,1.05
"751",751,"21.65.202.80-100",2021,65,202,80,100,7.9,5,5,1.006,NA,365,8,0.728142887034485,NA,NA,NA,20,50.44,1.05
"752",752,"21.65.203.0-10",2021,65,203,0,10,7.6,12,10,1.31,NA,354,14,1.3676498239026,NA,NA,NA,10,47.37,1.05
"753",753,"21.65.203.10-20",2021,65,203,10,20,7.9,7,7,1.103,NA,462,8.5,1.04486483274298,NA,NA,NA,10,36.19,1.05
"754",754,"21.65.203.20-40",2021,65,203,20,40,7.9,3,4,1.052,NA,451,12,0.495726144741559,NA,NA,NA,20,34.34,1.05
"755",755,"21.65.203.40-60",2021,65,203,40,60,7.6,28,17,1.611,1.5,417,17.5,0.864561409684681,NA,NA,NA,20,59.89,1.05
"756",756,"21.65.203.60-80",2021,65,203,60,80,7.6,22,16,1.651,1.6,305,16,0.91956189341984,NA,NA,NA,20,63.7,1.05
"757",757,"21.65.203.80-100",2021,65,203,80,100,7.7,7,5,1.111,3.5,369,6,0.914220639093853,NA,NA,NA,20,63.33,1.05
"758",758,"21.66.204.0-10",2021,66,204,0,10,7,98,NA,7.352,NA,751,83,1.38006463125489,NA,NA,NA,10,47.8,1.05
"759",759,"21.66.204.10-20",2021,66,204,10,20,7,75,NA,7.41,NA,716,86,0.663181685772487,NA,NA,NA,10,22.97,1.05
"760",760,"21.66.204.20-40",2021,66,204,20,40,7.1,64,NA,5.169,NA,572,62.5,0.615976546188769,NA,NA,NA,20,42.67,1.05
"761",761,"21.66.204.40-60",2021,66,204,40,60,7.1,25,NA,2.497,NA,348,38,1.4304456517892,NA,NA,NA,20,99.09,1.05
"762",762,"21.66.204.60-80",2021,66,204,60,80,7.1,29,NA,1.49,NA,288,15,0.725111364308925,NA,NA,NA,20,50.23,1.05
"763",763,"21.66.205.0-10",2021,66,205,0,10,7,31,NA,5.028,NA,493,56.5,1.04284381759261,NA,NA,NA,10,36.12,1.05
"764",764,"21.66.205.10-20",2021,66,205,10,20,7.3,15,NA,3.569,NA,337,31,1.45599705761892,NA,NA,NA,10,50.43,1.05
"765",765,"21.66.205.20-40",2021,66,205,20,40,7.5,3,3,2.179,0.2,216,53.5,1.30009017459012,NA,NA,NA,20,90.06,1.05
"766",766,"21.66.205.40-60",2021,66,205,40,60,7.6,10,8,1.108,0.2,329,16,1.61031600017242,NA,NA,NA,20,111.55,1.05
"767",767,"21.66.205.60-80",2021,66,205,60,80,7.6,11,5,1.21,1.4,291,12.5,0.450542020308213,NA,NA,NA,20,31.21,1.05
"768",768,"21.66.206.0-10",2021,66,206,0,10,7,103,NA,6.213,1.2,690,77.5,0.883761053613227,NA,NA,NA,10,30.61,1.05
"769",769,"21.66.206.10-20",2021,66,206,10,20,7,96,NA,5.994,1.2,653,48.5,1.21001064217348,NA,NA,NA,10,41.91,1.05
"770",770,"21.66.206.20-40",2021,66,206,20,40,7.1,49,NA,1.35,NA,304,24,1.38656075138109,NA,NA,NA,20,96.05,1.05
"771",771,"21.66.206.40-60",2021,66,206,40,60,7.2,54,NA,1.58,NA,330,12.5,0.541776418525064,NA,NA,NA,20,37.53,1.05
"772",772,"21.66.206.60-80",2021,66,206,60,80,7.1,77,NA,2.851,NA,511,19.5,0.751528919488805,NA,NA,NA,20,52.06,1.05
"773",773,"21.66.206.80-100",2021,66,206,80,100,7.3,23,NA,0.305,NA,246,0,2.01567389604729,NA,NA,NA,20,139.63,1.05
"774",774,"21.67.207.0-10",2021,67,207,0,10,7.2,52,NA,7.961,NA,545,186,0.548849971551371,NA,NA,NA,10,19.01,1.05
"775",775,"21.67.207.10-20",2021,67,207,10,20,7.2,28,NA,6.707,NA,557,206,0.89530971161536,NA,NA,NA,10,31.01,1.05
"776",776,"21.67.207.20-40",2021,67,207,20,40,7.4,16,NA,8.756,NA,251,102,0.800321999547817,NA,NA,NA,20,55.44,1.05
"777",777,"21.67.207.40-60",2021,67,207,40,60,7.6,14,5,4.36,NA,259,74.5,1.76578980852613,NA,NA,NA,20,122.32,1.05
"778",778,"21.67.207.60-80",2021,67,207,60,80,7.6,20,10,4.148,NA,339,58.5,2.63006250176076,NA,NA,NA,20,182.19,1.05
"779",779,"21.67.207.80-100",2021,67,207,80,100,7.5,14,8,2.705,NA,281,23.5,3.79099134742518,NA,NA,NA,20,262.61,1.05
"780",780,"21.67.208.0-10",2021,67,208,0,10,5.8,25,NA,3.201,NA,449,87,1.05612477429506,NA,NA,NA,10,36.58,1.05
"781",781,"21.67.208.10-20",2021,67,208,10,20,6.4,20,NA,2.522,NA,421,95.5,1.47938309007324,NA,NA,NA,10,51.24,1.05
"782",782,"21.67.208.20-40",2021,67,208,20,40,7.4,21,NA,1.194,NA,324,40.5,1.51258548182937,NA,NA,NA,20,104.78,1.05
"783",783,"21.67.208.40-60",2021,67,208,40,60,7,16,NA,0.31,NA,195,0,1.86886158119517,NA,NA,NA,20,129.46,1.05
"784",784,"21.67.208.60-80",2021,67,208,60,80,7,18,NA,0.601,NA,256,19,1.32174390834412,NA,NA,NA,20,91.56,1.05
"785",785,"21.67.208.80-100",2021,67,208,80,100,7.2,20,NA,0.423,NA,238,12.5,1.5278874536822,NA,NA,NA,20,105.84,1.05
"786",786,"21.67.209.0-10",2021,67,209,0,10,6.3,349,NA,3.62,NA,1438,102,1.04486483274298,NA,NA,NA,10,36.19,1.05
"787",787,"21.67.209.10-20",2021,67,209,10,20,6.5,241,NA,3.077,NA,1003,83,2.00195986466975,NA,NA,NA,10,69.34,1.05
"788",788,"21.67.209.20-40",2021,67,209,20,40,6.7,224,NA,2.051,NA,910,61,1.49930452512692,NA,NA,NA,20,103.86,1.05
"789",789,"21.67.209.40-60",2021,67,209,40,60,6.8,255,NA,2.111,NA,684,30,0.952475568725919,NA,NA,NA,20,65.98,1.05
"790",790,"21.67.209.60-80",2021,67,209,60,80,7.2,141,NA,0.716,NA,706,9,2.25256574331604,NA,NA,NA,20,156.04,1.05
"791",791,"21.67.209.80-100",2021,67,209,80,100,6.7,292,NA,1.472,NA,895,31.5,2.67481355151903,NA,NA,NA,20,185.29,1.05
"792",792,"21.68.210.0-10",2021,68,210,0,10,6.7,50,NA,4.062,NA,534,35,1.03620333924138,NA,NA,NA,10,35.89,1.05
"793",793,"21.68.210.10-20",2021,68,210,10,20,6.8,29,NA,3.149,NA,437,29.5,1.57899026534163,NA,NA,NA,10,54.69,1.05
"794",794,"21.68.210.20-40",2021,68,210,20,40,7.1,10,NA,1.216,NA,351,12,1.25490605015678,NA,NA,NA,20,86.93,1.05
"795",795,"21.68.210.40-60",2021,68,210,40,60,7.2,11,NA,1.02,NA,373,10,0.611790157662995,NA,NA,NA,20,42.38,1.05
"796",796,"21.68.210.60-80",2021,68,210,60,80,7.3,6,NA,0.383,NA,323,0,1.52341234870637,NA,NA,NA,20,105.53,1.05
"797",797,"21.68.210.80-100",2021,68,210,80,100,7,10,NA,0.317,NA,273,0,1.05266017689442,NA,NA,NA,20,72.92,1.05
"798",798,"21.68.211.0-10",2021,68,211,0,10,7.2,170,NA,5.777,NA,720,47,0.661449387072167,NA,NA,NA,10,22.91,1.05
"799",799,"21.68.211.10-20",2021,68,211,10,20,7.1,154,NA,5.073,NA,823,46.5,1.34686223949876,NA,NA,NA,10,46.65,1.05
"800",800,"21.68.211.20-40",2021,68,211,20,40,7.2,117,NA,2.425,NA,686,36.5,1.36750546567757,NA,NA,NA,20,94.73,1.05
"801",801,"21.68.211.40-60",2021,68,211,40,60,7.5,65,30,1.694,1,449,27,1.39709890180804,NA,NA,NA,20,96.78,1.05
"802",802,"21.68.211.60-80",2021,68,211,60,80,7.6,65,37,2.48,2.5,530,28,1.5148952134298,NA,NA,NA,20,104.94,1.05
"803",803,"21.68.211.80-100",2021,68,211,80,100,7.5,90,46,3.108,2.6,634,26.5,1.24133637700427,NA,NA,NA,20,85.99,1.05
"804",804,"21.68.212.0-10",2021,68,212,0,10,7.9,34,20,1.951,NA,378,35.5,1.52586643853182,NA,NA,NA,10,52.85,1.05
"805",805,"21.68.212.10-20",2021,68,212,10,20,7.7,26,14,1.964,NA,509,44,1.33848946244721,NA,NA,NA,10,46.36,1.05
"806",806,"21.68.212.20-40",2021,68,212,20,40,7.9,23,15,0.641,0.1,430,14,0.914653713768933,NA,NA,NA,20,63.36,1.05
"807",807,"21.68.212.40-60",2021,68,212,40,60,8,25,18,0.291,0.1,433,0,1.70674729449023,NA,NA,NA,20,118.23,1.05
"808",808,"21.68.212.60-80",2021,68,212,60,80,8.1,31,17,1.636,1.1,404,15,1.24826557180555,NA,NA,NA,20,86.47,1.05
"809",809,"21.68.212.80-100",2021,68,212,80,100,7.7,39,17,2.064,0.2,514,53,1.68162896333559,NA,NA,NA,20,116.49,1.05
"810",810,"21.69.213.0-10",2021,69,213,0,10,7.1,78,NA,8.628,NA,754,34.5,0.969509839279065,NA,NA,NA,10,33.58,1.05
"811",811,"21.69.213.10-20",2021,69,213,10,20,7.2,37,NA,8.373,NA,1049,46,0.844784332856029,NA,NA,NA,10,29.26,1.05
"812",812,"21.69.213.20-40",2021,69,213,20,40,7.2,13,NA,9.147,NA,712,36.5,0.657262998546394,NA,NA,NA,20,45.53,1.05
"813",813,"21.69.213.40-60",2021,69,213,40,60,7.3,1,NA,8.946,NA,584,39.5,0.973696227804838,NA,NA,NA,20,67.45,1.05
"814",814,"21.69.213.60-80",2021,69,213,60,80,7.3,1,NA,12.456,NA,515,28,0.742723067762178,NA,NA,NA,20,51.45,1.05
"815",815,"21.69.213.80-100",2021,69,213,80,100,7.3,0,NA,15.526,NA,533,24.5,0.764088085066124,NA,NA,NA,20,52.93,1.05
"816",816,"21.69.214.0-10",2021,69,214,0,10,6.8,34,NA,19.54,NA,897,49,0.375331385069322,NA,NA,NA,10,13,1.05
"817",817,"21.69.214.10-20",2021,69,214,10,20,7.3,9,NA,5.542,NA,456,25,1.29142868108852,NA,NA,NA,10,44.73,1.05
"818",818,"21.69.214.20-40",2021,69,214,20,40,7.4,2,NA,6.916,3.8,402,51.5,1.35956576330111,NA,NA,NA,20,94.18,1.05
"819",819,"21.69.214.40-60",2021,69,214,40,60,7.4,0,NA,8.046,14.8,339,21.5,1.00040249943477,NA,NA,NA,20,69.3,1.05
"820",820,"21.69.214.60-80",2021,69,214,60,80,7.2,1,NA,15.606,NA,460,18.5,0.859797588258801,NA,NA,NA,20,59.56,1.05
"821",821,"21.69.214.80-100",2021,69,214,80,100,7.1,6,NA,16.093,NA,301,42,0.609769142512622,NA,NA,NA,20,42.24,1.05
"822",822,"21.69.215.0-10",2021,69,215,0,10,6.7,30,NA,27.266,NA,1128,28,1.6107490748475,NA,NA,NA,10,55.79,1.05
"823",823,"21.69.215.10-20",2021,69,215,10,20,7.2,60,NA,4.179,NA,465,31.5,0.281787255252045,NA,NA,NA,10,9.76,1.05
"824",824,"21.69.215.20-40",2021,69,215,20,40,7.3,22,NA,6.314,NA,365,32.5,1.68754765056168,NA,NA,NA,20,116.9,1.05
"825",825,"21.69.215.40-60",2021,69,215,40,60,7.3,18,NA,7.462,NA,512,45.5,1.18489231101885,NA,NA,NA,20,82.08,1.05
"826",826,"21.69.215.60-80",2021,69,215,60,80,7.1,55,NA,10.207,NA,645,40,0.419649360152508,NA,NA,NA,20,29.07,1.05
"827",827,"21.69.215.80-100",2021,69,215,80,100,7.1,10,NA,8.51,NA,630,33,0.595477678234983,NA,NA,NA,20,41.25,1.05
"828",828,"21.70.216.0-10",2021,70,216,0,10,7.2,81,NA,8.031,NA,853,81,1.02378853188909,NA,NA,NA,10,35.46,1.05
"829",829,"21.70.216.10-20",2021,70,216,10,20,7.1,92,NA,8.385,NA,851,91.5,1.00531067908568,NA,NA,NA,10,34.82,1.05
"830",830,"21.70.216.20-40",2021,70,216,20,40,7.3,68,NA,5.423,NA,673,184,1.29113996463847,NA,NA,NA,20,89.44,1.05
"831",831,"21.70.216.40-60",2021,70,216,40,60,7.4,38,NA,4.299,1.4,618,1595,1.62850513652578,NA,NA,NA,20,112.81,1.05
"832",832,"21.70.216.60-80",2021,70,216,60,80,7.3,88,NA,4.854,NA,746,144.5,1.21203165732386,NA,NA,NA,20,83.96,1.05
"833",833,"21.70.216.80-100",2021,70,216,80,100,7.4,54,NA,1.436,0.7,441,24.5,3.35474079139461,NA,NA,NA,20,232.39,1.05
"834",834,"21.70.217.0-10",2021,70,217,0,10,7.1,98,NA,7.668,NA,1003,76.5,0.831792092603629,NA,NA,NA,10,28.81,1.05
"835",835,"21.70.217.10-20",2021,70,217,10,20,7.3,55,NA,5.665,NA,879,51.5,2.15122626934732,NA,NA,NA,10,74.51,1.05
"836",836,"21.70.217.20-40",2021,70,217,20,40,7.1,57,NA,5.57,NA,717,89.5,1.83782456281444,NA,NA,NA,20,127.31,1.05
"837",837,"21.70.217.40-60",2021,70,217,40,60,7.2,101,NA,5.912,NA,832,328.5,2.71638872032671,NA,NA,NA,20,188.17,1.05
"838",838,"21.70.217.60-80",2021,70,217,60,80,7.2,89,NA,5.719,NA,651,204.5,3.16288871033417,NA,NA,NA,20,219.1,1.05
"839",839,"21.70.218.0-10",2021,70,218,0,10,7.4,19,NA,5.459,NA,547,47.5,0.835256690004269,NA,NA,NA,10,28.93,1.05
"840",840,"21.70.218.10-20",2021,70,218,10,20,7.5,26,15,5.361,NA,767,136,1.0336048911909,NA,NA,NA,10,35.8,1.05
"841",841,"21.70.218.20-40",2021,70,218,20,40,7.5,96,31,5.088,4,899,411.5,1.78830969163029,NA,NA,NA,20,123.88,1.05
"842",842,"21.70.218.40-60",2021,70,218,40,60,7.5,34,13,7.919,2.1,435,321,2.03530661465091,NA,NA,NA,20,140.99,1.05
"843",843,"21.70.218.60-80",2021,70,218,60,80,7.5,30,14,3.915,1,503,306.5,1.36736110745255,NA,NA,NA,20,94.72,1.05
"844",844,"21.70.218.80-100",2021,70,218,80,100,7.7,53,25,1.37,0.8,353,58,1.34411943322325,NA,NA,NA,20,93.11,1.05
"845",845,"21.71.219.0-10",2021,71,219,0,10,7.3,167,NA,6.687,NA,1300,72,0.974129302479918,NA,NA,NA,10,33.74,1.05
"846",846,"21.71.219.10-20",2021,71,219,10,20,7.3,166,NA,6.309,NA,982,54,1.57148363764025,NA,NA,NA,10,54.43,1.05
"847",847,"21.71.219.20-40",2021,71,219,20,40,7.6,59,45,3.35,6.5,622,27,1.92660487120584,NA,NA,NA,20,133.46,1.05
"848",848,"21.71.219.40-60",2021,71,219,40,60,7.6,17,65,5.842,11.5,574,40,1.97381001078956,NA,NA,NA,20,136.73,1.05
"849",849,"21.71.219.60-80",2021,71,219,60,80,7.6,27,61,4.35,11.5,574,50.5,1.84100044376503,NA,NA,NA,20,127.53,1.05
"850",850,"21.71.219.80-100",2021,71,219,80,100,7.7,26,66,4.462,12.5,592,33,1.59616889411981,NA,NA,NA,20,110.57,1.05
"851",851,"21.71.220.0-10",2021,71,220,0,10,7.2,133,NA,4.512,NA,770,128.5,1.12917003615855,NA,NA,NA,10,39.11,1.05
"852",852,"21.71.220.10-20",2021,71,220,10,20,7.1,201,NA,3.728,NA,915,116.5,1.44473711606684,NA,NA,NA,10,50.04,1.05
"853",853,"21.71.220.20-40",2021,71,220,20,40,7.2,186,NA,2.047,NA,745,63,1.78932019920548,NA,NA,NA,20,123.95,1.05
"854",854,"21.71.220.40-60",2021,71,220,40,60,7.2,154,NA,1.266,NA,607,29.5,1.94464964933417,NA,NA,NA,20,134.71,1.05
"855",855,"21.71.220.60-80",2021,71,220,60,80,7.2,130,NA,1.123,NA,523,20,1.86294289396908,NA,NA,NA,20,129.05,1.05
"856",856,"21.71.220.80-100",2021,71,220,80,100,7.3,106,NA,2.115,NA,634,27.5,1.48977688227516,NA,NA,NA,20,103.2,1.05
"857",857,"21.71.221.0-10",2021,71,221,0,10,7.3,151,NA,12.852,NA,1060,45,0.617275770214009,NA,NA,NA,10,21.38,1.05
"858",858,"21.71.221.10-20",2021,71,221,10,20,7.4,121,NA,5.533,NA,869,44,1.25764885643228,NA,NA,NA,10,43.56,1.05
"859",859,"21.71.221.20-40",2021,71,221,20,40,7.6,59,40,3.17,3.9,579,43.5,1.27901387373623,NA,NA,NA,20,88.6,1.05
"860",860,"21.71.221.40-60",2021,71,221,40,60,7.6,40,37,4.401,9.8,577,116,1.36216421135159,NA,NA,NA,20,94.36,1.05
"861",861,"21.71.221.60-80",2021,71,221,60,80,7.7,2,38,5.37,NA,563,31.5,0.658562222571634,NA,NA,NA,20,45.62,1.05
"862",862,"21.71.221.80-100",2021,71,221,80,100,7.9,3,23,6.428,26.1,377,21.5,1.43621998079026,NA,NA,NA,20,99.49,1.05
"863",863,"21.72.222.0-10",2021,72,222,0,10,7.3,102,NA,10.226,NA,917,65.5,0.80061071599787,NA,NA,NA,10,27.73,1.05
"864",864,"21.72.222.10-20",2021,72,222,10,20,7.3,81,NA,7.351,NA,823,72,1.16006269631426,NA,NA,NA,10,40.18,1.05
"865",865,"21.72.222.20-40",2021,72,222,20,40,7.6,36,24,3.002,NA,662,26.5,1.21722855342482,NA,NA,NA,20,84.32,1.05
"866",866,"21.72.222.40-60",2021,72,222,40,60,8,2,12,3.756,10.3,474,16,1.69216711376254,NA,NA,NA,20,117.22,1.05
"867",867,"21.72.222.60-80",2021,72,222,60,80,8,5,3,5.461,NA,672,41,1.08254232947494,NA,NA,NA,20,74.99,1.05
"868",868,"21.72.223.0-10",2021,72,223,0,10,7.1,103,NA,9.654,NA,921,48,0.866149350159975,NA,NA,NA,10,30,1.05
"869",869,"21.72.223.10-20",2021,72,223,10,20,7.2,101,NA,4.913,NA,724,44,1.39334558795735,NA,NA,NA,10,48.26,1.05
"870",870,"21.72.223.20-40",2021,72,223,20,40,7.4,59,NA,3.632,6.5,550,29,1.981605354941,NA,NA,NA,20,137.27,1.05
"871",871,"21.72.223.40-60",2021,72,223,40,60,7.5,46,37,3.652,4.1,634,23,2.03169765902525,NA,NA,NA,20,140.74,1.05
"872",872,"21.72.223.60-80",2021,72,223,60,80,7.6,30,24,3.043,5.2,544,13,2.67827814891967,NA,NA,NA,20,185.53,1.05
"873",873,"21.72.223.80-100",2021,72,223,80,100,NA,NA,NA,NA,NA,NA,0,0.00765098592641311,NA,NA,NA,20,0.53,1.05
"874",874,"21.72.224.0-10",2021,72,224,0,10,7.2,139,NA,8.172,NA,1252,74.5,0.909456817667973,NA,NA,NA,10,31.5,1.05
"875",875,"21.72.224.10-20",2021,72,224,10,20,7.3,142,NA,6.968,NA,1084,65.5,1.20567989542268,NA,NA,NA,10,41.76,1.05
"876",876,"21.72.224.20-40",2021,72,224,20,40,7.5,84,54,4.04,4.6,729,127,1.42048493426236,NA,NA,NA,20,98.4,1.05
"877",877,"21.72.224.40-60",2021,72,224,40,60,7.5,86,50,4.203,5.1,737,43.5,2.20564932018238,NA,NA,NA,20,152.79,1.05
"878",878,"21.72.224.60-80",2021,72,224,60,80,7.6,NA,42,3.749,4.6,NA,23,1.60410859649627,NA,NA,NA,20,111.12,1.05
"879",879,"C22.01.01.0-10",2022,1,1,0,10,6.5,35,NA,3.214,NA,490,0,0.546540239950944,NA,NA,NA,10,18.93,1.05
"880",880,"C22.01.01.10-20",2022,1,1,10,20,NA,NA,NA,NA,NA,NA,7,0.500923040842519,NA,NA,NA,10,17.35,1.05
"881",881,"C22.01.01.20-40",2022,1,1,20,40,7.1,26,NA,0.444,NA,344,0,0.880873889112694,NA,NA,NA,20,61.02,1.05
"882",882,"C22.01.01.40-60",2022,1,1,40,60,7.1,28,NA,0.309,NA,311,0,1.2333966746278,NA,NA,NA,20,85.44,1.05
"883",883,"C22.01.01.60-80",2022,1,1,60,80,7.1,48,NA,0.503,NA,413,0,1.96716953243833,NA,NA,NA,20,136.27,1.05
"884",884,"C22.01.02.0-10",2022,1,2,0,10,7.6,47,21,2.147,NA,483,14,1.21896085212514,NA,NA,NA,10,42.22,1.05
"885",885,"C22.01.02.10-20",2022,1,2,10,20,7.8,26,10,0.379,NA,266,9,1.21809470277498,NA,NA,NA,10,42.19,1.05
"886",886,"C22.01.02.20-40",2022,1,2,20,40,7.3,45,NA,1.996,NA,504,22,0.627958278865982,NA,NA,NA,20,43.5,1.05
"887",887,"C22.01.02.40-60",2022,1,2,40,60,7.3,66,NA,1.528,NA,488,13,0.732906708460365,NA,NA,NA,20,50.77,1.05
"888",888,"C22.01.02.60-80",2022,1,2,60,80,7.2,88,NA,0.976,NA,546,12,0.913354489743693,NA,NA,NA,20,63.27,1.05
"889",889,"C22.01.02.80-100",2022,1,2,80,100,7.2,53,NA,0.741,NA,297,10,1.2523076021063,NA,NA,NA,20,86.75,1.05
"890",890,"C22.01.03.0-10",2022,1,3,0,10,7.3,61,NA,3.399,NA,603,16,1.61190394064771,NA,NA,NA,10,55.83,1.05
"891",891,"C22.01.03.10-20",2022,1,3,10,20,7.2,51,NA,1.131,NA,374,14,1.45657449051902,NA,NA,NA,10,50.45,1.05
"892",892,"C22.01.03.20-40",2022,1,3,20,40,7.2,48,NA,1.156,NA,517,6,1.47909437362318,NA,NA,NA,20,102.46,1.05
"893",893,"C22.01.03.40-60",2022,1,3,40,60,7.7,37,14,0.289,NA,491,9,1.16843547336581,NA,NA,NA,20,80.94,1.05
"894",894,"C22.01.04.0-10",2022,1,4,0,10,6.4,321,NA,6.952,NA,1458,0,0.423258315778174,NA,NA,NA,10,14.66,1.05
"895",895,"C22.01.04.10-20",2022,1,4,10,20,6.8,153,NA,4.985,NA,713,12,0.665780133822967,NA,NA,NA,10,23.06,1.05
"896",896,"C22.01.04.20-40",2022,1,4,20,40,6.9,140,NA,3.47,NA,661,12,0.402037656699255,NA,NA,NA,20,27.85,1.05
"897",897,"C22.01.04.40-60",2022,1,4,40,60,7.7,22,14,2.815,NA,271,9,1.04515354919304,NA,NA,NA,20,72.4,1.05
"898",898,"C22.01.04.60-80",2022,1,4,60,80,7.2,51,NA,0.665,NA,304,9,1.25808193110736,NA,NA,NA,20,87.15,1.05
"899",899,"C22.02.01.0-10",2022,2,1,0,10,7.4,21,NA,3.272,NA,614,19,0.585805677158196,NA,NA,NA,10,20.29,1.05
"900",900,"C22.02.01.10-20",2022,2,1,10,20,7.8,8,5,1.39,3,508,13,2.11542542954071,NA,NA,NA,10,73.27,1.05
"901",901,"C22.02.01.20-40",2022,2,1,20,40,8,19,12,1.408,0.7,385,16,1.41485496348632,NA,NA,NA,20,98.01,1.05
"902",902,"C22.02.01.40-60",2022,2,1,40,60,7.9,26,18,3.147,0.6,463,28,1.41485496348632,NA,NA,NA,20,98.01,1.05
"903",903,"C22.02.01.60-80",2022,2,1,60,80,7.9,19,11,5.149,NA,360,31,1.03894614551689,NA,NA,NA,20,71.97,1.05
"904",904,"C22.02.02.0-10",2022,2,2,0,10,6.3,6,NA,2.811,NA,448,26,1.03129515959048,NA,NA,NA,10,35.72,1.05
"905",905,"C22.02.02.10-20",2022,2,2,10,20,6.4,4,NA,1.858,NA,376,17,1.18633589326911,NA,NA,NA,10,41.09,1.05
"906",906,"C22.02.02.20-40",2022,2,2,20,40,6.8,6,NA,0.972,NA,308,15,1.11762137815642,NA,NA,NA,20,77.42,1.05
"907",907,"C22.02.02.40-60",2022,2,2,40,60,6.9,16,NA,0.559,NA,357,16,1.1613619203395,NA,NA,NA,20,80.45,1.05
"908",908,"C22.02.02.60-80",2022,2,2,60,80,6.8,20,NA,0.392,NA,412,16,1.26501112590864,NA,NA,NA,20,87.63,1.05
"909",909,"C22.02.02.80-100",2022,2,2,80,100,6.7,19,NA,0.337,NA,497,14,1.47938309007324,NA,NA,NA,20,102.48,1.05
"910",910,"C22.02.03.0-10",2022,2,3,0,10,7.1,16,NA,2.705,NA,538,25,1.229065927877,NA,NA,NA,10,42.57,1.05
"911",911,"C22.02.03.10-20",2022,2,3,10,20,7.4,10,NA,1.436,NA,441,19,1.44387096671668,NA,NA,NA,10,50.01,1.05
"912",912,"C22.02.03.20-40",2022,2,3,20,40,7.6,11,6,0.964,1.1,420,18,1.56224471123854,NA,NA,NA,20,108.22,1.05
"913",913,"C22.02.03.40-60",2022,2,3,40,60,7.4,22,NA,1.48,0.5,276,13,1.49425198725098,NA,NA,NA,20,103.51,1.05
"914",914,"C22.02.03.60-80",2022,2,3,60,80,7.5,31,20,1.032,NA,401,12,0.612656307013155,NA,NA,NA,20,42.44,1.05
"915",915,"C22.02.03.80-100",2022,2,3,80,100,7.5,40,25,0.871,NA,558,7,1.19312072984537,NA,NA,NA,20,82.65,1.05
"916",916,"C22.03.01.0-10",2022,3,1,0,10,7.5,33,18,5.815,0.8,410,142,3.90777715147175,NA,NA,NA,10,135.35,1.05
"917",917,"C22.03.01.10-20",2022,3,1,10,20,7.6,12,12,2.379,0.2,381,147,4.90933451670674,NA,NA,NA,10,170.04,1.05
"918",918,"C22.03.01.20-40",2022,3,1,20,40,7.8,12,9,2.793,1.2,482,159,3.67261760290332,NA,NA,NA,20,254.41,1.05
"919",919,"C22.03.02.20-40",2022,3,2,20,40,7.6,21,13,5.821,NA,524,134,0.836122839354429,NA,NA,NA,20,57.92,1.05
"920",920,"C22.03.03.0-10",2022,3,3,0,10,7.6,29,12,5.999,NA,450,119,0.743444858887312,NA,NA,NA,10,25.75,1.05
"921",921,"C22.03.03.10-20",2022,3,3,10,20,7.6,18,7,3.848,NA,317,136,1.55820268093779,NA,NA,NA,10,53.97,1.05
"922",922,"C22.04.01.0-10",2022,4,1,0,10,7.2,17,NA,3.351,NA,452,106,1.13581051450978,NA,NA,NA,10,39.34,1.05
"923",923,"C22.04.01.10-20",2022,4,1,10,20,7.5,14,7,2.641,NA,434,117,0.575123168506223,NA,NA,NA,10,19.92,1.05
"924",924,"C22.04.01.20-40",2022,4,1,20,40,7.9,11,5,2.451,2.9,363,206,1.54521044068539,NA,NA,NA,20,107.04,1.05
"925",925,"C22.04.01.40-60",2022,4,1,40,60,7.6,10,5,2.423,1.5,414,170,1.28652050143762,NA,NA,NA,20,89.12,1.05
"926",926,"C22.04.01.60-80",2022,4,1,60,80,7.8,7,8,4.593,4,453,364,0.914653713768933,NA,NA,NA,20,63.36,1.05
"927",927,"C22.04.01.80-100",2022,4,1,80,100,8,1,9,4.834,NA,509,1598,0.598509200960542,NA,NA,NA,20,41.46,1.05
"928",928,"C22.04.02.0-10",2022,4,2,0,10,7.4,42,NA,3.369,NA,401,40,0.879141590412374,NA,NA,NA,10,30.45,1.05
"929",929,"C22.04.02.10-20",2022,4,2,10,20,7.5,23,11,1.832,NA,411,25,1.84547554874085,NA,NA,NA,10,63.92,1.05
"930",930,"C22.04.02.20-40",2022,4,2,20,40,7.9,NA,10,3.022,5.7,NA,46,2.20117421520655,NA,NA,NA,20,152.48,1.05
"931",931,"C22.04.02.40-60",2022,4,2,40,60,7.8,22,14,2.54,NA,464,41,0.537878746449344,NA,NA,NA,20,37.26,1.05
"932",932,"C22.04.03.0-10",2022,4,3,0,10,7.6,32,12,3.281,NA,526,46,1.04688584789336,NA,NA,NA,10,36.26,1.05
"933",933,"C22.04.03.10-20",2022,4,3,10,20,7.7,29,10,2.155,NA,460,56,1.13638794740989,NA,NA,NA,10,39.36,1.05
"934",934,"C22.04.03.20-40",2022,4,3,20,40,8,16,8,2.113,4.8,400,72,1.60266501424601,NA,NA,NA,20,111.02,1.05
"935",935,"C22.04.03.40-60",2022,4,3,40,60,8.1,13,11,2.255,4.2,413,94,2.11297133971526,NA,NA,NA,20,146.37,1.05
"936",936,"C22.04.03.60-80",2022,4,3,60,80,8,14,11,3.623,NA,321,70,0.824429823127269,NA,NA,NA,20,57.11,1.05
"937",937,"C22.05.01.0-10",2022,5,1,0,10,7.6,31,20,2.131,NA,487,34,0.578010333006756,NA,NA,NA,10,20.02,1.05
"938",938,"C22.05.01.10-20",2022,5,1,10,20,7.5,36,22,2.053,NA,486,36,0.747198172738005,NA,NA,NA,10,25.88,1.05
"939",939,"C22.05.01.20-40",2022,5,1,20,40,7.6,40,25,1.686,NA,582,35,0.666790641398154,NA,NA,NA,20,46.19,1.05
"940",940,"C22.05.01.40-60",2022,5,1,40,60,7.9,43,27,1.038,1.6,400,23,1.52817617013225,NA,NA,NA,20,105.86,1.05
"941",941,"C22.05.01.60-80",2022,5,1,60,80,7.9,40.5,25,2.379,2.7,448,43,1.01021885873658,NA,NA,NA,20,69.98,1.05
"942",942,"C22.05.01.80-100",2022,5,1,80,100,7.9,51,34,0.829,1.8,408,24,1.90134218182617,NA,NA,NA,20,131.71,1.05
"943",943,"C22.06.01.0-10",2022,6,1,0,10,7.7,76,55,5.363,NA,761,66,1.58967277399361,NA,NA,NA,10,55.06,1.05
"944",944,"C22.06.01.10-20",2022,6,1,10,20,7.7,62,50,5.486,NA,677,62,0.836988988704589,NA,NA,NA,10,28.99,1.05
"945",945,"C22.06.01.20-40",2022,6,1,20,40,8,36,23,2.23,2.9,366,11,1.33011668539567,NA,NA,NA,20,92.14,1.05
"946",946,"C22.06.01.40-60",2022,6,1,40,60,7.7,59,30,2.117,1.6,396,13,1.98362637009137,NA,NA,NA,20,137.41,1.05
"947",947,"C22.06.01.60-80",2022,6,1,60,80,7.7,39,20,1.073,0.7,286,10,1.93440021535728,NA,NA,NA,20,134,1.05
"948",948,"C22.06.01.80-100",2022,6,1,80,100,7.7,21,14,0.615,0.4,278,11,2.02909921097477,NA,NA,NA,20,140.56,1.05
"949",949,"C22.06.02.0-10",2022,6,2,0,10,7.5,96,58,4.853,NA,772,196,1.31192754904231,NA,NA,NA,10,45.44,1.05
"950",950,"C22.06.02.10-20",2022,6,2,10,20,7.6,100,52,4.093,NA,651,275,0.927068521121226,NA,NA,NA,10,32.11,1.05
"951",951,"C22.06.02.20-40",2022,6,2,20,40,7.7,121,37,2.721,1.9,612,395,1.92633059057829,NA,NA,NA,20,133.441,1.05
"952",952,"C22.06.02.40-60",2022,6,2,40,60,7.7,124,37,1.246,0.6,611,120,1.98768283621462,NA,NA,NA,20,137.691,1.05
"953",953,"C22.06.02.60-80",2022,6,2,60,80,7.8,94,38,1.474,0.2,364,58,1.97151471501163,NA,NA,NA,20,136.571,1.05
"954",954,"C22.06.02.80-100",2022,6,2,80,100,8.1,83,34,0.799,0.5,390,49,1.24553720135255,NA,NA,NA,20,86.281,1.05
"955",955,"C22.06.03.0-10",2022,6,3,0,10,7.5,45,18,3.485,1,520,96,1.62463633609506,NA,NA,NA,10,56.271,1.05
"956",956,"C22.06.03.10-20",2022,6,3,10,20,7.6,42,15,2.26,NA,420,72,1.16182386665958,NA,NA,NA,10,40.241,1.05
"957",957,"C22.06.03.20-40",2022,6,3,20,40,7.8,43,18,1.106,0.5,338,60,1.76898012529922,NA,NA,NA,20,122.541,1.05
"958",958,"C22.06.03.40-60",2022,6,3,40,60,7.7,33,16,0.715,0.1,296,23,1.53338750205571,NA,NA,NA,20,106.221,1.05
"959",959,"C22.06.03.60-80",2022,6,3,60,80,7.7,30,11,0.666,0.4,262,34,1.94928354835753,NA,NA,NA,20,135.031,1.05
"960",960,"C22.07.01.0-10",2022,7,1,0,10,7.6,20,8,4.124,NA,503,96,0.924787661165805,NA,NA,NA,10,32.031,1.05
"961",961,"C22.07.01.10-20",2022,7,1,10,20,7.6,20,9,3.088,NA,448,68,1.1629787324598,NA,NA,NA,10,40.281,1.05
"962",962,"C22.07.01.20-40",2022,7,1,20,40,7.6,21,8,2.557,NA,457,76,1.02192631078625,NA,NA,NA,20,70.791,1.05
"963",963,"C22.07.01.40-60",2022,7,1,40,60,7.6,26,13,1.231,NA,619,70,1.13192727825656,NA,NA,NA,20,78.411,1.05
"964",964,"C22.07.01.60-80",2022,7,1,60,80,7.6,30,14,3.067,NA,649,83,0.915534298941596,NA,NA,NA,20,63.421,1.05
"965",965,"C22.07.02.0-10",2022,7,2,0,10,7.5,19,8,4.327,NA,450,156,1.33851833409222,NA,NA,NA,10,46.361,1.05
"966",966,"C22.07.02.10-20",2022,7,2,10,20,7.6,16,6,3.977,NA,443,96,1.12429072815265,NA,NA,NA,10,38.941,1.05
"967",967,"C22.07.02.20-40",2022,7,2,20,40,7.8,15,6,3.364,4.4,411,77,1.60080279314316,NA,NA,NA,20,110.891,1.05
"968",968,"C22.07.02.40-60",2022,7,2,40,60,7.8,23,9,2.342,4.2,299,54,1.73534465886801,NA,NA,NA,20,120.211,1.05
"969",969,"C22.07.02.60-80",2022,7,2,60,80,7.7,21,9,2.404,3.5,395,65,1.2826372651844,NA,NA,NA,20,88.851,1.05
"970",970,"C22.07.02.80-100",2022,7,2,80,100,7.6,26,10.5,1.696,0.7,252,36,1.68395313075852,NA,NA,NA,20,116.651,1.05
"971",971,"C22.07.03.0-10",2022,7,3,0,10,7.4,13,NA,2.775,NA,351,94,1.45054031671291,NA,NA,NA,10,50.241,1.05
"972",972,"C22.07.03.10-20",2022,7,3,10,20,7.5,14,6,2.868,NA,360,65,1.6015390200908,NA,NA,NA,10,55.471,1.05
"973",973,"C22.07.03.20-40",2022,7,3,20,40,7.2,15,NA,2.181,NA,294,41,0.690046751449949,NA,NA,NA,20,47.801,1.05
"974",974,"C22.07.03.40-60",2022,7,3,40,60,7.4,20,NA,2.142,NA,339,36,0.290896259251227,NA,NA,NA,20,20.151,1.05
"975",975,"C22.07.03.60-80",2022,7,3,60,80,7.6,22,8,0.995,NA,384,43,1.25390997840409,NA,NA,NA,20,86.861,1.05
"976",976,"C22.07.03.80-100",2022,7,3,80,100,7.7,16,6,1.6,NA,432,27,1.17898805961525,NA,NA,NA,20,81.671,1.05
"977",977,"C22.08.01.0-10",2022,8,1,0,10,7.4,51,NA,3.289,NA,536,43,1.52040969762581,NA,NA,NA,10,52.661,1.05
"978",978,"C22.08.01.10-20",2022,8,1,10,20,7.3,34,NA,2.631,NA,403,37,1.7060543750101,NA,NA,NA,10,59.091,1.05
"979",979,"C22.08.01.20-40",2022,8,1,20,40,7.3,16,NA,4.447,NA,500,86,1.13423700985699,NA,NA,NA,20,78.571,1.05
"980",980,"C22.08.01.40-60",2022,8,1,40,60,7.7,33,14,3.812,NA,426,54,1.01470839953491,NA,NA,NA,20,70.291,1.05
"981",981,"C22.08.01.60-80",2022,8,1,60,80,7.8,30,9,0.805,1.4,340,18,1.52111705292844,NA,NA,NA,20,105.371,1.05
"982",982,"C22.08.01.80-100",2022,8,1,80,100,7.8,26,10,0.816,1,361,16,1.48257340684633,NA,NA,NA,20,102.701,1.05
"983",983,"C22.08.02.0-10",2022,8,2,0,10,7.4,51,NA,4.706,NA,636,48,0.461975191730325,NA,NA,NA,10,16.001,1.05
"984",984,"C22.08.02.10-20",2022,8,2,10,20,7.8,19,12,1.377,NA,392,26,1.55736540323264,NA,NA,NA,10,53.941,1.05
"985",985,"C22.08.02.20-40",2022,8,2,20,40,7.7,24,17,2.051,NA,385,29,0.978763201503274,NA,NA,NA,20,67.801,1.05
"986",986,"C22.08.02.40-60",2022,8,2,40,60,NA,NA,NA,NA,NA,NA,134,1.36780861795013,NA,NA,NA,20,94.751,1.05
"987",987,"C22.08.03.0-10",2022,8,3,0,10,7.2,53,NA,3.443,NA,550,65,1.02583841868447,NA,NA,NA,10,35.531,1.05
"988",988,"C22.08.03.10-20",2022,8,3,10,20,7.4,23,NA,2.483,NA,472,60,1.76524124727103,NA,NA,NA,10,61.141,1.05
"989",989,"C22.08.03.20-40",2022,8,3,20,40,7.4,23,NA,2.541,0.5,385,36,0.89546850566289,NA,NA,NA,20,62.031,1.05
"990",990,"C22.08.03.40-60",2022,8,3,40,60,7.5,23,15,2.186,0.2,430,33,1.32782138961774,NA,NA,NA,20,91.981,1.05
"991",991,"C22.08.03.60-80",2022,8,3,60,80,7.5,22,16,1.376,0.2,341,16,1.28581314613499,NA,NA,NA,20,89.071,1.05
"992",992,"C22.08.03.80-100",2022,8,3,80,100,7.5,33,21,0.807,0.2,345,13,1.06465634539414,NA,NA,NA,20,73.751,1.05
"993",993,"C22.09.01.0-10",2022,9,1,0,10,7.4,20,NA,8.24,NA,919,150,0.724995877728904,NA,NA,NA,10,25.111,1.05
"994",994,"C22.09.01.10-20",2022,9,1,10,20,7.5,18,10,5.65,NA,476,238,1.2495936674758,NA,NA,NA,10,43.281,1.05
"995",995,"C22.09.01.20-40",2022,9,1,20,40,7.5,17,13,5.826,1.4,605,198,1.08804237784846,NA,NA,NA,20,75.371,1.05
"996",996,"C22.09.01.40-60",2022,9,1,40,60,7.5,16,12,6.908,NA,486,220,0.749089265485854,NA,NA,NA,20,51.891,1.05
"997",997,"C22.09.01.60-80",2022,9,1,60,80,7.1,15,NA,9.409,NA,598,153,0.847541574954038,NA,NA,NA,20,58.711,1.05
"998",998,"C22.09.01.80-100",2022,9,1,80,100,7,8,NA,17.164,NA,670,98,0.797434835047283,NA,NA,NA,20,55.24,1.05
"999",999,"C22.09.02.0-10",2022,9,2,0,10,7.2,13,NA,9.623,NA,623,132,0.656858795516319,NA,NA,NA,10,22.751,1.05
"1000",1000,"C22.09.02.10-20",2022,9,2,10,20,7.4,9,NA,6.642,NA,485,159,1.05615364594007,NA,NA,NA,10,36.581,1.05
"1001",1001,"C22.09.02.20-40",2022,9,2,20,40,7.5,11,7,5.5,NA,448,208,0.751687713536334,NA,NA,NA,20,52.071,1.05
"1002",1002,"C22.09.02.40-60",2022,9,2,40,60,7.6,10,7,5.419,1.5,470,171,1.0915069752491,NA,NA,NA,20,75.611,1.05
"1003",1003,"C22.09.02.60-80",2022,9,2,60,80,7.7,12,10,5.532,2.4,470,260,1.23918543945137,NA,NA,NA,20,85.841,1.05
"1004",1004,"C22.09.02.80-100",2022,9,2,80,100,7.6,10,13,4.174,1.9,544,265,1.64829664917693,NA,NA,NA,20,114.181,1.05
"1005",1005,"C22.09.03.0-10",2022,9,3,0,10,7.4,12,NA,6.249,NA,531,231,0.917281033464418,NA,NA,NA,10,31.771,1.05
"1006",1006,"C22.09.03.10-20",2022,9,3,10,20,7.6,17,7,4.518,NA,512,107,1.17539353981209,NA,NA,NA,10,40.711,1.05
"1007",1007,"C22.09.03.20-40",2022,9,3,20,40,7.8,12,6,5.371,2.3,476,255,1.17913241784028,NA,NA,NA,20,81.681,1.05
"1008",1008,"C22.09.03.40-60",2022,9,3,40,60,7.7,11,10,4.142,2.9,479,200,1.567456043162,NA,NA,NA,20,108.581,1.05
"1009",1009,"C22.09.03.60-80",2022,9,3,60,80,7.7,8,10,5.244,NA,518,267,0.884785997010917,NA,NA,NA,20,61.291,1.05
"1010",1010,"C22.09.03.80-100",2022,9,3,80,100,7.6,8,15,5.492,1.8,552,239,1.17956549251536,NA,NA,NA,20,81.711,1.05
"1011",1011,"C22.10.01.0-10",2022,10,1,0,10,7.6,33,16,1.377,NA,381,22,1.44389983836168,NA,NA,NA,10,50.011,1.05
"1012",1012,"C22.10.01.10-20",2022,10,1,10,20,7.7,14,8,1.068,0.3,366,14,1.55505567163221,NA,NA,NA,10,53.861,1.05
"1013",1013,"C22.10.01.20-40",2022,10,1,20,40,8.1,8,2,1.086,2.7,270,0,1.91925703755198,NA,NA,NA,20,132.951,1.05
"1014",1014,"C22.10.01.40-60",2022,10,1,40,60,8,8,4,1.203,3.5,237,0,2.92602573471043,NA,NA,NA,20,202.692,1.05
"1015",1015,"C22.10.01.60-80",2022,10,1,60,80,8.1,7,4,0.952,3.6,353,12,3.66916744132518,NA,NA,NA,20,254.171,1.05
"1016",1016,"C22.10.02.0-10",2022,10,2,0,10,7.5,32,16,1.428,NA,430,23,1.32119534708902,NA,NA,NA,10,45.761,1.05
"1017",1017,"C22.10.02.10-20",2022,10,2,10,20,7.6,15,8,1.122,NA,321,16,1.42802043360875,NA,NA,NA,10,49.461,1.05
"1018",1018,"C22.10.02.20-40",2022,10,2,20,40,7.8,19,7,1.85,3,249,6,1.77186728979976,NA,NA,NA,20,122.741,1.05
"1019",1019,"C22.10.02.40-60",2022,10,2,40,60,7.9,17,8,1.677,2.8,586,12,2.9583475412939,NA,NA,NA,20,204.931,1.05
"1020",1020,"C22.10.02.60-80",2022,10,2,60,80,8,15,8,2.101,3.3,269,8,4.11768844648302,NA,NA,NA,20,285.241,1.05
"1021",1021,"C22.10.02.80-100",2022,10,2,80,100,8,19,8,2.007,3.1,287,7,4.317913304595,NA,NA,NA,20,299.111,1.05
"1022",1022,"C22.10.03.0-10",2022,10,3,0,10,7.5,36,21,1.344,NA,445,16,1.49240420197064,NA,NA,NA,10,51.691,1.05
"1023",1023,"C22.10.03.10-20",2022,10,3,10,20,7.6,19,12,1.257,NA,395,12,1.39568419120278,NA,NA,NA,10,48.341,1.05
"1024",1024,"C22.10.03.20-40",2022,10,3,20,40,8,28,13,3.135,3.5,327,57,1.76522681144853,NA,NA,NA,20,122.281,1.05
"1025",1025,"C22.10.03.40-60",2022,10,3,40,60,8.1,32,16,2.611,3.8,277,16,3.20332344916414,NA,NA,NA,20,221.901,1.05
"1026",1026,"C22.10.03.60-80",2022,10,3,60,80,8.2,15,8,3.415,5.9,259,11,4.01678204718939,NA,NA,NA,20,278.251,1.05
"1027",1027,"C22.10.03.80-100",2022,10,3,80,100,8.1,19,10,3.068,4.6,149,11,3.95976054830385,NA,NA,NA,20,274.301,1.05
"1028",1028,"C22.11.01.0-10",2022,11,1,0,10,7.5,30,17,4.958,NA,376,16,0.63087431501152,NA,NA,NA,10,21.851,1.05
"1029",1029,"C22.11.01.10-20",2022,11,1,10,20,7.7,20,11,4.03,1.5,230,29,1.61857329064394,NA,NA,NA,10,56.061,1.05
"1030",1030,"C22.11.01.20-40",2022,11,1,20,40,7.8,16,9,1.659,3.6,593,10,1.6296744381485,NA,NA,NA,20,112.891,1.05
"1031",1031,"C22.11.01.40-60",2022,11,1,40,60,8.1,10,5,1.115,3.7,326,0,2.35117684683175,NA,NA,NA,20,162.871,1.05
"1032",1032,"C22.11.01.60-80",2022,11,1,60,80,8,13,6,1.208,4.4,277,7,3.48554377909127,NA,NA,NA,20,241.451,1.05
"1033",1033,"C22.11.01.80-100",2022,11,1,80,100,8,14,6,1.545,3.2,266,0,4.20343723214886,NA,NA,NA,20,291.181,1.05
"1034",1034,"C22.11.02.0-10",2022,11,2,0,10,7.7,21,10,2.482,NA,353,32,1.29925289688497,NA,NA,NA,10,45.001,1.05
"1035",1035,"C22.11.02.10-20",2022,11,2,10,20,7.7,19,8,1.766,NA,372,16,1.51117077122411,NA,NA,NA,10,52.341,1.05
"1036",1036,"C22.11.02.20-40",2022,11,2,20,40,7.6,16,8,2.424,2.2,360,11,1.44749435816485,NA,NA,NA,20,100.271,1.05
"1037",1037,"C22.11.02.40-60",2022,11,2,40,60,7.5,16,10,3.678,2,357,23,1.09814745360032,NA,NA,NA,20,76.071,1.05
"1038",1038,"C22.11.02.60-80",2022,11,2,60,80,7.8,12,4.5,2.022,5.3,315,13,1.60701019681931,NA,NA,NA,20,111.321,1.05
"1039",1039,"C22.11.02.80-100",2022,11,2,80,100,7.9,8,2,1.284,5.1,283,13,1.78644747052745,NA,NA,NA,20,123.751,1.05
"1040",1040,"C22.11.03.0-10",2022,11,3,0,10,7.7,16,7,2.948,NA,373,67,1.66736637070296,NA,NA,NA,10,57.751,1.05
"1041",1041,"C22.11.03.10-20",2022,11,3,10,20,7.7,14,4,3.119,1.7,331,21,2.91519886783343,NA,NA,NA,10,100.971,1.05
"1042",1042,"C22.11.03.20-40",2022,11,3,20,40,7.9,11,5,1.743,2.7,315,12,1.90626479729958,NA,NA,NA,20,132.051,1.05
"1043",1043,"C22.11.03.40-60",2022,11,3,40,60,8,7,2,1.558,3.8,238,8,2.28693743669489,NA,NA,NA,20,158.421,1.05
"1044",1044,"C22.11.03.60-80",2022,11,3,60,80,7.7,15,7,2.486,NA,298,14,0.829785513275758,NA,NA,NA,20,57.481,1.05
"1045",1045,"C22.11.03.80-100",2022,11,3,80,100,7.4,29,NA,4.662,2,440,25,1.3952366807052,NA,NA,NA,20,96.651,1.05
"1046",1046,"C22.12.01.0-10",2022,12,1,0,10,6.7,14,NA,1.73,NA,342,41,1.36190436654654,NA,NA,NA,10,47.171,1.05
"1047",1047,"C22.12.01.10-20",2022,12,1,10,20,6.6,16,NA,2.01,NA,297,31,0.624522553110347,NA,NA,NA,10,21.631,1.05
"1048",1048,"C22.12.01.20-40",2022,12,1,20,40,8.2,3,0,0.292,NA,352,0,1.31439607469026,NA,NA,NA,20,91.051,1.05
"1049",1049,"C22.12.01.40-60",2022,12,1,40,60,7.2,10,NA,0.394,NA,230,9,3.25745778354914,NA,NA,NA,20,225.651,1.05
"1050",1050,"C22.12.01.60-80",2022,12,1,60,80,7.6,5,1,0.247,NA,203,0,1.94957226480758,NA,NA,NA,20,135.051,1.05
"1051",1051,"C22.12.02.0-10",2022,12,2,0,10,6.4,9,NA,1.805,NA,369,17,0.892451418759833,NA,NA,NA,10,30.911,1.05
"1052",1052,"C22.12.02.10-20",2022,12,2,10,20,6.7,17,NA,1.144,NA,343,44,1.34948955919425,NA,NA,NA,10,46.741,1.05
"1053",1053,"C22.12.02.20-40",2022,12,2,20,40,7,2,NA,0.38,NA,309,7,1.3936487402299,NA,NA,NA,20,96.541,1.05
"1054",1054,"C22.12.02.40-60",2022,12,2,40,60,7.8,2,0,0.476,NA,321,11,2.00904785351856,NA,NA,NA,20,139.171,1.05
"1055",1055,"C22.12.02.60-80",2022,12,2,60,80,7.9,2,0,0.516,NA,335,9,1.92864032217871,NA,NA,NA,20,133.601,1.05
"1056",1056,"C22.12.02.80-100",2022,12,2,80,100,8,2,1,0.461,NA,274,0,1.94206563710619,NA,NA,NA,20,134.531,1.05
"1057",1057,"C22.12.03.0-10",2022,12,3,0,10,6.8,5,NA,1.202,NA,316,18,1.41300717820598,NA,NA,NA,10,48.941,1.05
"1058",1058,"C22.12.03.10-20",2022,12,3,10,20,7,2,NA,0.63,NA,287,12,1.32148406353907,NA,NA,NA,10,45.771,1.05
"1059",1059,"C22.12.03.20-40",2022,12,3,20,40,7.5,3,1,0.235,NA,234,10,2.04672535025052,NA,NA,NA,20,141.781,1.05
"1060",1060,"C22.12.03.40-60",2022,12,3,40,60,7.9,3,1,0.3,NA,225,0,1.7802400668513,NA,NA,NA,20,123.321,1.05
"1061",1061,"C22.12.03.60-80",2022,12,3,60,80,7.9,3,1,0.254,NA,220,0,1.77042370754949,NA,NA,NA,20,122.641,1.05
"1062",1062,"C22.12.03.80-100",2022,12,3,80,100,7.9,3,12,0.31,NA,216,0,1.73014776276705,NA,NA,NA,20,119.851,1.05
"1063",1063,"C22.13.01.0-10",2022,13,1,0,10,7.2,24,NA,3.588,NA,497,16,1.63647371054725,NA,NA,NA,10,56.681,1.05
"1064",1064,"C22.13.01.10-20",2022,13,1,10,20,7.3,27,NA,3.25,NA,544,34,1.65524027980072,NA,NA,NA,10,57.331,1.05
"1065",1065,"C22.13.01.20-40",2022,13,1,20,40,7.3,24,NA,2.645,NA,534,28,1.57756111891387,NA,NA,NA,20,109.281,1.05
"1066",1066,"C22.13.01.40-60",2022,13,1,40,60,7.1,15,NA,1.753,NA,398,23,0.428036573026557,NA,NA,NA,20,29.651,1.05
"1067",1067,"C22.13.01.60-80",2022,13,1,60,80,6.6,11,NA,0.893,NA,365,12,0.787632911567973,NA,NA,NA,20,54.561,1.05
"1068",1068,"C22.13.01.80-100",2022,13,1,80,100,5.6,13,NA,0.721,NA,363,15,1.18418495571621,NA,NA,NA,20,82.031,1.05
"1069",1069,"C22.13.02.0-10",2022,13,2,0,10,7.3,37,NA,2.668,NA,470,25,1.19675855711604,NA,NA,NA,10,41.451,1.05
"1070",1070,"C22.13.02.10-20",2022,13,2,10,20,7.4,31,NA,1.712,NA,445,19,1.58161758503712,NA,NA,NA,10,54.781,1.05
"1071",1071,"C22.13.02.20-40",2022,13,2,20,40,7.2,48,NA,2.983,NA,580,36,1.03608785266136,NA,NA,NA,20,71.772,1.05
"1072",1072,"C22.13.02.40-60",2022,13,2,40,60,6.7,20,NA,2.494,NA,475,24,1.17133707368884,NA,NA,NA,20,81.141,1.05
"1073",1073,"C22.13.02.60-80",2022,13,2,60,80,6,14,NA,1.546,NA,376,14,1.33835954004469,NA,NA,NA,20,92.711,1.05
"1074",1074,"C22.13.02.80-100",2022,13,2,80,100,5.9,19,NA,1.26,NA,410,20,0.847974649629118,NA,NA,NA,20,58.741,1.05
"1075",1075,"C22.13.03.0-10",2022,13,3,0,10,7.6,33,20,2.204,NA,439,18,0.911795420913405,NA,NA,NA,10,31.581,1.05
"1076",1076,"C22.13.03.10-20",2022,13,3,10,20,7.6,34,17,1.252,NA,405,17,3.0471422855078,NA,NA,NA,10,105.541,1.05
"1077",1077,"C22.13.03.20-40",2022,13,3,20,40,7.8,30,NA,0.484,NA,287,10,0.455464635781623,NA,NA,NA,20,31.551,1.05
"1078",1078,"C22.13.03.40-60",2022,13,3,40,60,7.6,37,21,1.112,NA,354,32,0.42832528947661,NA,NA,NA,20,29.671,1.05
"1079",1079,"C22.13.03.60-80",2022,13,3,60,80,7.7,32.5,20,0.856,NA,292,10,0.787921628018026,NA,NA,NA,20,54.581,1.05
"1080",1080,"C22.13.03.80-100",2022,13,3,80,100,7.8,33,15,0.393,NA,235,8,1.18447367216627,NA,NA,NA,20,82.051,1.05
"1081",1081,"C22.13.03.0-7.profile",2022,13,3,0,7,5.8,57,NA,3.166,NA,486,18,3.74593095861329,NA,NA,NA,7,90.821,1.05
"1082",1082,"C22.13.03.7-15.profile",2022,13,3,7,15,7.6,32,22,0.88,NA,373,14,2.76052624762861,NA,NA,NA,8,76.491,1.05
"1083",1083,"C22.13.03.15-29.profile",2022,13,3,15,29,7.6,30,14,1.065,NA,449,21,2.62630918791007,NA,NA,NA,14,127.351,1.05
"1084",1084,"C22.13.03.29-54.profile",2022,13,3,29,54,7.3,25,NA,2.36,NA,535,36,0.769960577660209,NA,NA,NA,25,66.671,1.05
"1085",1085,"C22.13.03.54-68.profile",2022,13,3,54,68,6.5,10,NA,0.795,NA,430,15,1.14086305238571,NA,NA,NA,14,55.321,1.05
"1086",1086,"C22.13.03.68-89.profile",2022,13,3,68,89,7.3,18,NA,0.523,NA,498,10,1.3447449855317,NA,NA,NA,21,97.811,1.05
"1087",1087,"C22.13.03.89-102.profile",2022,13,3,89,102,7.7,27,15,0.333,NA,357,8,2.04946482518237,NA,NA,NA,13,92.281,1.05
"1088",1088,"C22.13.03.102-122.profile",2022,13,3,102,122,7.8,19,8,0.341,NA,176,0,1.5609599230358,NA,NA,NA,20,108.131,1.05
"1089",1089,"C22.14.01.0-10",2022,14,1,0,10,7.1,33,NA,2.235,NA,336,29,2.02450861941892,NA,NA,NA,10,70.121,1.05
"1090",1090,"C22.14.01.10-20",2022,14,1,10,20,6.7,25,NA,1.928,NA,325,28,1.26200847482809,NA,NA,NA,10,43.711,1.05
"1091",1091,"C22.14.01.20-40",2022,14,1,20,40,6.3,20,NA,0.895,NA,256,10,1.48762594472226,NA,NA,NA,20,103.051,1.05
"1092",1092,"C22.14.01.40-60",2022,14,1,40,60,6.3,17,NA,0.5,NA,162,12,1.68077724980793,NA,NA,NA,20,116.431,1.05
"1093",1093,"C22.14.01.60-80",2022,14,1,60,80,6.3,18,NA,0.463,NA,240,10,1.31482914936534,NA,NA,NA,20,91.081,1.05
"1094",1094,"C22.14.01.80-100",2022,14,1,80,100,5.9,16,NA,0.271,NA,315,0,1.75310072054629,NA,NA,NA,20,121.441,1.05
"1095",1095,"C22.14.02.0-10",2022,14,2,0,10,7.5,24,29,2.681,NA,425,22,1.25594542937697,NA,NA,NA,10,43.501,1.05
"1096",1096,"C22.14.02.10-20",2022,14,2,10,20,6.8,47,NA,3.785,NA,517,46,1.05701979529023,NA,NA,NA,10,36.611,1.05
"1097",1097,"C22.14.02.20-40",2022,14,2,20,40,6.6,27,NA,2.434,NA,495,26,1.17465731286445,NA,NA,NA,20,81.371,1.05
"1098",1098,"C22.14.02.40-60",2022,14,2,40,60,6.1,29,NA,1.127,NA,512,14,1.50740302155091,NA,NA,NA,20,104.421,1.05
"1099",1099,"C22.14.02.60-80",2022,14,2,60,80,6.3,25,NA,0.795,NA,293,9,1.85256353758966,NA,NA,NA,20,128.331,1.05
"1100",1100,"C22.14.02.80-100",2022,14,2,80,100,6.3,16,NA,1.116,NA,195,13,1.64800793272688,NA,NA,NA,20,114.161,1.05
"1101",1101,"C22.14.03.0-10",2022,14,3,0,10,6.7,84,NA,5.532,NA,771,39,1.17394995756182,NA,NA,NA,10,40.661,1.05
"1102",1102,"C22.14.03.10-20",2022,14,3,10,20,6.6,76,NA,7.016,NA,910,44,0.822293321396874,NA,NA,NA,10,28.481,1.05
"1103",1103,"C22.14.03.20-40",2022,14,3,20,40,5.9,25,NA,2.991,NA,495,11,0.839313156127518,NA,NA,NA,20,58.141,1.05
"1104",1104,"C22.14.03.40-60",2022,14,3,40,60,6.1,52,NA,1.74,NA,784,11,1.7694131999743,NA,NA,NA,20,122.571,1.05
"1105",1105,"C22.14.03.60-80",2022,14,3,60,80,6.2,42,NA,1.688,NA,410,8,1.2848026385598,NA,NA,NA,20,89.001,1.05
"1106",1106,"C22.14.03.80-100",2022,14,3,80,100,6.2,36,NA,1.453,NA,399,12,1.40129972615631,NA,NA,NA,20,97.071,1.05
"1107",1107,"C22.15.01.0-10",2022,15,1,0,10,7.4,16,NA,3.069,NA,575,38,1.4407239574111,NA,NA,NA,10,49.901,1.05
"1108",1108,"C22.15.01.10-20",2022,15,1,10,20,7.7,8,6,1.383,NA,490,15,2.14779054359169,NA,NA,NA,10,74.391,1.05
"1109",1109,"C22.15.01.20-40",2022,15,1,20,40,7.7,3,6,3.106,NA,537,75,1.24005158880153,NA,NA,NA,20,85.901,1.05
"1110",1110,"C22.15.01.40-60",2022,15,1,40,60,7.8,4,5,2.904,NA,560,50,1.30948789503936,NA,NA,NA,20,90.711,1.05
"1111",1111,"C22.15.01.60-80",2022,15,1,60,80,7.8,10,8,2.055,NA,636,30,0.973999380077394,NA,NA,NA,20,67.471,1.05
"1112",1112,"C22.15.01.80-100",2022,15,1,80,100,NA,NA,NA,NA,NA,NA,26,0.100199043991006,NA,NA,NA,20,6.941,1.05
"1113",1113,"C22.15.02.0-10",2022,15,2,0,10,7.5,25,12,2.667,NA,632,21,1.41791535785688,NA,NA,NA,10,49.111,1.05
"1114",1114,"C22.15.02.10-20",2022,15,2,10,20,7.6,14,8,1.88,NA,607,31,2.27338219936489,NA,NA,NA,10,78.741,1.05
"1115",1115,"C22.15.02.20-40",2022,15,2,20,40,7.7,11,7,1.653,NA,517,21,1.55099920550896,NA,NA,NA,20,107.441,1.05
"1116",1116,"C22.15.02.40-60",2022,15,2,40,60,7.8,10,6,1.484,NA,505,21,1.02409168416165,NA,NA,NA,20,70.941,1.05
"1117",1117,"C22.15.02.60-80",2022,15,2,60,80,7.8,9,5,1.245,NA,505,9,0.801924375845613,NA,NA,NA,20,55.551,1.05
"1118",1118,"C22.15.02.80-100",2022,15,2,80,100,7.9,11,7,1.031,NA,491,8,0.977752693928087,NA,NA,NA,20,67.731,1.05
"1119",1119,"C22.15.03.0-10",2022,15,3,0,10,7.5,12,8,3.063,NA,589,21,1.4369706435604,NA,NA,NA,10,49.771,1.05
"1120",1120,"C22.15.03.10-20",2022,15,3,10,20,7.8,5,3,1.285,NA,496,14,1.6708309681036,NA,NA,NA,10,57.871,1.05
"1121",1121,"C22.15.03.20-40",2022,15,3,20,40,7.9,6,3,1.202,NA,490,0,1.27079989073221,NA,NA,NA,20,88.031,1.05
"1122",1122,"C22.15.03.40-60",2022,15,3,40,60,7.9,6,NA,1.034,NA,474,10,1.46929245014387,NA,NA,NA,20,101.781,1.05
"1123",1123,"C22.15.03.60-80",2022,15,3,60,80,7.9,8,2,0.944,NA,450,0,0.87944474268493,NA,NA,NA,20,60.921,1.05
"1124",1124,"C22.15.03.80-100",2022,15,3,80,100,8,5,2,0.8,NA,462,0,1.40317638308166,NA,NA,NA,20,97.201,1.05
"1125",1125,"C22.16.01.0-10",2022,16,1,0,10,7.4,21,NA,7.05,NA,1028,29,0.673026916719306,NA,NA,NA,10,23.311,1.05
"1126",1126,"C22.16.01.10-20",2022,16,1,10,20,7.5,25,14,3.66,NA,705,34,0.969827427374124,NA,NA,NA,10,33.591,1.05
"1127",1127,"C22.16.01.20-40",2022,16,1,20,40,7.6,19,8,2.764,NA,384,17,1.67168268163125,NA,NA,NA,20,115.801,1.05
"1128",1128,"C22.16.01.40-60",2022,16,1,40,60,7.8,82,32,1.471,NA,605,98,2.18747461965152,NA,NA,NA,20,151.531,1.05
"1129",1129,"C22.16.01.60-80",2022,16,1,60,80,8.1,29,16,0.826,NA,262,12,1.91867960465187,NA,NA,NA,20,132.911,1.05
"1130",1130,"C22.16.01.80-100",2022,16,1,80,100,8,32,18,0.622,NA,345,11,2.17188393134864,NA,NA,NA,20,150.451,1.05
"1131",1131,"C22.16.02.0-10",2022,16,2,0,10,7.6,15,11,1.526,NA,403,18,1.53340193787821,NA,NA,NA,10,53.111,1.05
"1132",1132,"C22.16.02.10-20",2022,16,2,10,20,7.7,12,9,1.315,NA,407,11,2.11834146568625,NA,NA,NA,10,73.371,1.05
"1133",1133,"C22.16.02.20-40",2022,16,2,20,40,7.9,11,9,1.017,NA,369,15,1.30443535716342,NA,NA,NA,20,90.361,1.05
"1134",1134,"C22.16.03.0-10",2022,16,3,0,10,7.4,10,NA,4.188,NA,641,35,1.19791342291625,NA,NA,NA,10,41.491,1.05
"1135",1135,"C22.16.03.10-20",2022,16,3,10,20,7.8,27,18,1.85,NA,437,15,1.74647467801757,NA,NA,NA,10,60.491,1.05
"1136",1136,"C22.16.03.20-40",2022,16,3,20,40,8.1,18,13,1.153,NA,356,10,2.11356320843787,NA,NA,NA,20,146.411,1.05
"1137",1137,"C22.16.03.40-60",2022,16,3,40,60,8,27,17,0.966,NA,352,9,1.94307614468138,NA,NA,NA,20,134.601,1.05
"1138",1138,"C22.16.03.60-80",2022,16,3,60,80,7.5,41,26,1.599,NA,362,22,1.67846751820751,NA,NA,NA,20,116.271,1.05
"1139",1139,"C22.16.03.80-100",2022,16,3,80,100,8,30,21,1.786,NA,298,11,2.01684319767,NA,NA,NA,20,139.711,1.05
"1140",1140,"C22.17.01.0-10",2022,17,1,0,10,6.9,51,NA,3.738,NA,665,49,0.805259050843728,NA,NA,NA,10,27.891,1.05
"1141",1141,"C22.17.01.10-20",2022,17,1,10,20,6.9,58,NA,3.309,NA,660,46,1.16384488180996,NA,NA,NA,10,40.311,1.05
"1142",1142,"C22.17.01.20-40",2022,17,1,20,40,6.9,39,NA,1.906,NA,455,16,1.47044731594409,NA,NA,NA,20,101.861,1.05
"1143",1143,"C22.17.01.40-60",2022,17,1,40,60,7,37,NA,1.49,NA,411,15,1.73981976384384,NA,NA,NA,20,120.521,1.05
"1144",1144,"C22.17.01.60-80",2022,17,1,60,80,6.9,51,NA,2.279,NA,608,30,0.656122568568683,NA,NA,NA,20,45.451,1.05
"1145",1145,"C22.17.01.80-100",2022,17,1,80,100,7,46,NA,1.6,NA,459,25,0.870638890958304,NA,NA,NA,20,60.311,1.05
"1146",1146,"C22.17.02.0-10",2022,17,2,0,10,6.8,53,NA,4.466,NA,659,58,0.359480851961395,NA,NA,NA,10,12.451,1.05
"1147",1147,"C22.17.02.10-20",2022,17,2,10,20,6.7,52,NA,5.049,NA,824,76,0.926519959866125,NA,NA,NA,10,32.091,1.05
"1148",1148,"C22.17.02.20-40",2022,17,2,20,40,6.9,61,NA,2.388,NA,738,27,1.07057503262023,NA,NA,NA,20,74.161,1.05
"1149",1149,"C22.17.03.0-10",2022,17,3,0,10,6.4,33,NA,3.582,NA,552,52,1.10408057664892,NA,NA,NA,10,38.241,1.05
"1150",1150,"C22.17.03.10-20",2022,17,3,10,20,6.4,39,NA,3.072,NA,508,35,1.26114232547793,NA,NA,NA,10,43.681,1.05
"1151",1151,"C22.17.03.20-40",2022,17,3,20,40,6.3,52,NA,2.337,NA,476,20,1.52761317305464,NA,NA,NA,20,105.821,1.05
"1152",1152,"C22.17.03.40-60",2022,17,3,40,60,6.5,43,NA,1.603,NA,454,26,1.77995135040125,NA,NA,NA,20,123.301,1.05
"1153",1153,"C22.17.03.60-80",2022,17,3,60,80,6.3,43,NA,1.276,NA,407,21,1.4564445681165,NA,NA,NA,20,100.891,1.05
"1154",1154,"C22.17.03.80-100",2022,17,3,80,100,6.3,39,NA,1.509,NA,449,23,1.17018220788863,NA,NA,NA,20,81.061,1.05
"1155",1155,"C22.18.01.0-10",2022,18,1,0,10,6.7,55,NA,3.12,NA,664,30,1.39655034055294,NA,NA,NA,10,48.371,1.05
"1156",1156,"C22.18.01.10-20",2022,18,1,10,20,6.8,88,NA,2.311,NA,682,33,0.968961278023964,NA,NA,NA,10,33.561,1.05
"1157",1157,"C22.18.01.20-40",2022,18,1,20,40,7,147,NA,1.221,NA,837,21,1.56731168493698,NA,NA,NA,20,108.571,1.05
"1158",1158,"C22.18.01.40-60",2022,18,1,40,60,6.4,180,NA,2.582,NA,966,40,1.24828000762805,NA,NA,NA,20,86.471,1.05
"1159",1159,"C22.18.01.60-80",2022,18,1,60,80,7.2,33,NA,2.612,NA,555,23,1.09569336377487,NA,NA,NA,20,75.901,1.05
"1160",1160,"C22.18.02.0-10",2022,18,2,0,10,7.3,19,NA,5.069,NA,593,38,0.559272635398296,NA,NA,NA,10,19.371,1.05
"1161",1161,"C22.18.02.10-20",2022,18,2,10,20,7.3,18,NA,5.394,NA,539,20,2.05280283152415,NA,NA,NA,10,71.101,1.05
"1162",1162,"C22.18.02.20-40",2022,18,2,20,40,7.3,35,NA,4.016,NA,485,18,1.27498627925799,NA,NA,NA,20,88.321,1.05
"1163",1163,"C22.18.02.40-60",2022,18,2,40,60,7.3,49,NA,2.186,NA,344,14,1.23023522949972,NA,NA,NA,20,85.221,1.05
"1164",1164,"C22.18.02.60-80",2022,18,2,60,80,7.3,32,NA,1.609,NA,359,10,2.24348561096186,NA,NA,NA,20,155.411,1.05
"1165",1165,"C22.18.02.80-100",2022,18,2,80,100,7.1,21,NA,2.31,NA,485,17,1.67601342838205,NA,NA,NA,20,116.101,1.05
"1166",1166,"C22.18.03.0-10",2022,18,3,0,10,6.1,37,NA,5.191,NA,545,40,0.817385141745968,NA,NA,NA,10,28.311,1.05
"1167",1167,"C22.18.03.10-20",2022,18,3,10,20,6.4,41,NA,5.643,NA,522,53,1.21667999216972,NA,NA,NA,10,42.141,1.05
"1168",1168,"C22.18.03.20-40",2022,18,3,20,40,6.7,28,NA,4.21,NA,291,20,1.3979794869807,NA,NA,NA,20,96.841,1.05
"1169",1169,"C22.18.03.40-60",2022,18,3,40,60,6.1,13,NA,1.733,NA,162,9,1.07894780967178,NA,NA,NA,20,74.741,1.05
"1170",1170,"C22.18.03.60-80",2022,18,3,60,80,6.9,8,NA,1.624,NA,257,16,1.29230926626118,NA,NA,NA,20,89.521,1.05
"1171",1171,"C22.18.03.80-100",2022,18,3,80,100,6.6,11,NA,0.844,NA,306,14,1.68366441430847,NA,NA,NA,20,116.631,1.05
"1172",1172,"C22.19.01.0-10",2022,19,1,0,10,7.3,123,NA,10.566,NA,1185,37,0.673315633169359,NA,NA,NA,10,23.321,1.05
"1173",1173,"C22.19.01.10-20",2022,19,1,10,20,7.5,96,44,5.331,NA,523,30,1.23371426272286,NA,NA,NA,10,42.731,1.05
"1174",1174,"C22.19.01.20-40",2022,19,1,20,40,7.7,21,12,1.352,NA,458,14,1.8040591739807,NA,NA,NA,20,124.971,1.05
"1175",1175,"C22.19.01.40-60",2022,19,1,40,60,8.1,13.5,12,1.392,NA,343,11,1.8013163677052,NA,NA,NA,20,124.781,1.05
"1176",1176,"C22.19.01.60-80",2022,19,1,60,80,7.9,20,15,1.778,NA,309,11,2.06578063595404,NA,NA,NA,20,143.101,1.05
"1177",1177,"C22.19.01.80-100",2022,19,1,80,100,7.8,33,23,1.289,NA,485,11,1.49152361679798,NA,NA,NA,20,103.321,1.05
"1178",1178,"C22.19.02.0-10",2022,19,2,0,10,7.5,112,58,5.879,NA,797,25,1.04345012213772,NA,NA,NA,10,36.141,1.05
"1179",1179,"C22.19.02.10-20",2022,19,2,10,20,7.6,53,32,3.005,NA,821,19,1.23458041207302,NA,NA,NA,10,42.761,1.05
"1180",1180,"C22.19.02.20-40",2022,19,2,20,40,7.8,38,25,1.675,NA,489,10,1.80434789043076,NA,NA,NA,20,124.991,1.05
"1181",1181,"C22.19.02.40-60",2022,19,2,40,60,7.9,16,11,0.81,NA,421,0,1.80160508415525,NA,NA,NA,20,124.801,1.05
"1182",1182,"C22.19.02.60-80",2022,19,2,60,80,7.9,13,12,0.424,NA,506,7,2.06635806885415,NA,NA,NA,20,143.141,1.05
"1183",1183,"C22.19.02.80-100",2022,19,2,80,100,7.7,51,31,1.369,NA,429,8,1.49137925857295,NA,NA,NA,20,103.311,1.05
"1184",1184,"C22.19.03.0-10",2022,19,3,0,10,7.5,13,9,2.318,NA,438,21,1.13352965455436,NA,NA,NA,10,39.261,1.05
"1185",1185,"C22.19.03.10-20",2022,19,3,10,20,7.7,9,6,1.4,NA,394,18,0.895338583260366,NA,NA,NA,10,31.011,1.05
"1186",1186,"C22.19.03.20-40",2022,19,3,20,40,8.1,4,1,0.608,NA,299,7,1.66287682990463,NA,NA,NA,20,115.191,1.05
"1187",1187,"C22.19.03.40-60",2022,19,3,40,60,8.2,3,2,0.358,NA,307,6,1.78745797810264,NA,NA,NA,20,123.821,1.05
"1188",1188,"C22.19.03.60-80",2022,19,3,60,80,8.2,3,1,0.304,NA,336,7,1.99533382214103,NA,NA,NA,20,138.221,1.05
"1189",1189,"C22.19.03.80-100",2022,19,3,80,100,8.2,3,1,0.385,NA,324,0,1.04083723826474,NA,NA,NA,20,72.101,1.05
"1190",1190,"C22.20.01.0-10",2022,20,1,0,10,7.2,113,NA,7.026,NA,983,80,1.11245335370047,NA,NA,NA,10,38.531,1.05
"1191",1191,"C22.20.01.10-20",2022,20,1,10,20,7.2,113,NA,6.116,NA,906,84,1.18838578006449,NA,NA,NA,10,41.161,1.05
"1192",1192,"C22.20.01.20-40",2022,20,1,20,40,7,75,NA,2.218,NA,478,50,1.04994624226392,NA,NA,NA,20,72.732,1.05
"1193",1193,"C22.20.01.40-60",2022,20,1,40,60,7.4,76,NA,1.089,NA,396,29,1.80968914475674,NA,NA,NA,20,125.361,1.05
"1194",1194,"C22.20.01.60-80",2022,20,1,60,80,7.3,72,NA,1.05,NA,356,12,2.04268331994978,NA,NA,NA,20,141.501,1.05
"1195",1195,"C22.20.01.80-100",2022,20,1,80,100,7.3,74,NA,1.43,NA,385,14,1.28768980306033,NA,NA,NA,20,89.201,1.05
"1196",1196,"C22.20.02.0-10",2022,20,2,0,10,7.4,124,NA,8.559,NA,1015,50,1.01602205938266,NA,NA,NA,10,35.191,1.05
"1197",1197,"C22.20.02.10-20",2022,20,2,10,20,7.4,82,NA,4.078,NA,666,85,1.28221862633182,NA,NA,NA,10,44.411,1.05
"1198",1198,"C22.20.02.20-40",2022,20,2,20,40,7.5,88,42,3.302,NA,606,52,0.897778237263316,NA,NA,NA,20,62.191,1.05
"1199",1199,"C22.20.02.40-60",2022,20,2,40,60,7.4,88,NA,1.308,NA,471,29,1.45528970231629,NA,NA,NA,20,100.811,1.05
"1200",1200,"C22.20.02.60-80",2022,20,2,60,80,7.6,94,40,1.031,NA,388,23,1.60672148036926,NA,NA,NA,20,111.301,1.05
"1201",1201,"C22.20.02.80-100",2022,20,2,80,100,7.7,103,47,1.109,NA,454,18,1.22720370677416,NA,NA,NA,20,85.011,1.05
"1202",1202,"C22.20.03.0-10",2022,20,3,0,10,7.1,93,NA,5.284,NA,683,99,1.2501711003759,NA,NA,NA,10,43.301,1.05
"1203",1203,"C22.20.03.10-20",2022,20,3,10,20,7.1,80,NA,3.498,NA,609,92,1.52676145952699,NA,NA,NA,10,52.881,1.05
"1204",1204,"C22.20.03.20-40",2022,20,3,20,40,7.2,89,NA,1.602,NA,605,52,1.50350534947519,NA,NA,NA,20,104.151,1.05
"1205",1205,"C22.20.03.40-60",2022,20,3,40,60,7.2,83,NA,1.37,NA,402,32,2.11630601471337,NA,NA,NA,20,146.601,1.05
"1206",1206,"C22.20.03.60-80",2022,20,3,60,80,7.2,74,NA,1.54,NA,378,44,0.862121755681731,NA,NA,NA,20,59.721,1.05
"1207",1207,"C22.20.03.80-100",2022,20,3,80,100,7.3,71,NA,0.745,NA,519,9,1.14607438430918,NA,NA,NA,20,79.391,1.05
"1208",1208,"C22.21.01.0-10",2022,21,1,0,10,7.4,26,NA,3.199,NA,521,42,1.0373870766866,NA,NA,NA,10,35.931,1.05
"1209",1209,"C22.21.01.10-20",2022,21,1,10,20,7.7,37,22,2.112,NA,1218,75,1.5365778188288,NA,NA,NA,10,53.221,1.05
"1210",1210,"C22.21.01.20-40",2022,21,1,20,40,7.8,6,7,1.267,NA,394,19,1.85674992611544,NA,NA,NA,20,128.621,1.05
"1211",1211,"C22.21.01.40-60",2022,21,1,40,60,8,5,5,1.379,NA,409,17,1.82932186336037,NA,NA,NA,20,126.721,1.05
"1212",1212,"C22.21.01.60-80",2022,21,1,60,80,7.9,4,4,0.89,NA,571,14,1.80304866640552,NA,NA,NA,20,124.901,1.05
"1213",1213,"C22.21.01.80-100",2022,21,1,80,100,7.8,3,3,0.901,NA,386,13,1.81098836878198,NA,NA,NA,20,125.451,1.05
"1214",1214,"C22.21.02.0-10",2022,21,2,0,10,7.5,187,104,5.739,NA,854,41,0.808434931794315,NA,NA,NA,10,28.001,1.05
"1215",1215,"C22.21.02.10-20",2022,21,2,10,20,7.4,222,NA,7.04,NA,1310,44,1.65148696595002,NA,NA,NA,10,57.201,1.05
"1216",1216,"C22.21.02.20-40",2022,21,2,20,40,7.6,95,64,2.81,NA,478,59,2.49351405670804,NA,NA,NA,20,172.731,1.05
"1217",1217,"C22.21.02.40-60",2022,21,2,40,60,7.6,88,68,3.521,NA,593,51,1.67226011453136,NA,NA,NA,20,115.841,1.05
"1218",1218,"C22.21.02.60-80",2022,21,2,60,80,7.7,14,14,1.285,NA,452,26,2.35752860873293,NA,NA,NA,20,163.311,1.05
"1219",1219,"C22.21.03.0-10",2022,21,3,0,10,8.1,261,102,8.157,NA,1133,21,0.608643148357414,NA,NA,NA,10,21.081,1.05
"1220",1220,"C22.21.03.10-20",2022,21,3,10,20,8.1,118,76,6.974,NA,870,18,1.74474237931725,NA,NA,NA,10,60.431,1.05
"1221",1221,"C22.21.03.20-40",2022,21,3,20,40,7.9,19,7.5,2.117,NA,422,95,0.250475956243762,NA,NA,NA,20,17.351,1.05
"1222",1222,"C22.22.01.0-10",2022,22,1,0,10,7.6,106,52,4,NA,598,57,1.96445559780783,NA,NA,NA,10,68.041,1.05
"1223",1223,"C22.22.01.10-20",2022,22,1,10,20,7.7,59,28,4.109,NA,344,67,1.73839061741607,NA,NA,NA,10,60.211,1.05
"1224",1224,"C22.22.01.20-40",2022,22,1,20,40,7.8,48,25,1.327,NA,316,16,2.17462673762415,NA,NA,NA,20,150.641,1.05
"1225",1225,"C22.22.01.40-60",2022,22,1,40,60,7.6,39,26,1.75,NA,488,18,1.69781152036108,NA,NA,NA,20,117.611,1.05
"1226",1226,"C22.22.01.60-80",2022,22,1,60,80,7.5,41,21,2.114,NA,369,10,1.34312336147057,NA,NA,NA,20,93.041,1.05
"1227",1227,"C22.22.01.80-100",2022,22,1,80,100,7.6,36,18,1.119,NA,241,8,1.80156177668774,NA,NA,NA,20,124.798,1.05
"1228",1228,"C22.22.02.0-10",2022,22,2,0,10,7.3,40,NA,4.858,NA,613,46,1.33418758734142,NA,NA,NA,10,46.211,1.05
"1229",1229,"C22.22.02.10-20",2022,22,2,10,20,7.4,46,NA,5.451,NA,576,47,1.13988141645553,NA,NA,NA,10,39.481,1.05
"1230",1230,"C22.22.02.20-40",2022,22,2,20,40,7.3,39,NA,3.293,NA,582,36,1.11330506722812,NA,NA,NA,20,77.121,1.05
"1231",1231,"C22.22.02.40-60",2022,22,2,40,60,7.1,29,NA,2.084,NA,325,28,1.36419966232446,NA,NA,NA,20,94.501,1.05
"1232",1232,"C22.22.02.60-80",2022,22,2,60,80,6.6,29,NA,1.123,NA,560,22,1.27946138423381,NA,NA,NA,20,88.631,1.05
"1233",1233,"C22.22.02.80-100",2022,22,2,80,100,7.8,14,13,1.785,NA,735,13,1.33633852489432,NA,NA,NA,20,92.571,1.05
"1234",1234,"C22.22.03.0-10",2022,22,3,0,10,7.3,38,NA,7.048,NA,441,31,0.546857828046003,NA,NA,NA,10,18.941,1.05
"1235",1235,"C22.22.03.10-20",2022,22,3,10,20,7.2,41,NA,7.27,NA,547,36,0.722397429678424,NA,NA,NA,10,25.021,1.05
"1236",1236,"C22.22.03.20-40",2022,22,3,20,40,7.5,47,20,3.521,NA,330,21,0.708091529578282,NA,NA,NA,20,49.051,1.05
"1237",1237,"C22.23.01.0-10",2022,23,1,0,10,7.1,33,NA,6.94,NA,725,94,0.837595293249701,NA,NA,NA,10,29.011,1.05
"1238",1238,"C22.23.01.10-20",2022,23,1,10,20,7.2,38,NA,5.988,NA,781,46,1.25219211552628,NA,NA,NA,10,43.371,1.05
"1239",1239,"C22.23.01.20-40",2022,23,1,20,40,7.3,38,NA,5.74,NA,598,64,0.953789228573661,NA,NA,NA,20,66.071,1.05
"1240",1240,"C22.23.01.40-60",2022,23,1,40,60,7.3,32,NA,8.435,NA,682,50,0.687881378074549,NA,NA,NA,20,47.651,1.05
"1241",1241,"C22.23.01.60-80",2022,23,1,60,80,6.6,29,NA,12.045,NA,1146,48,0.569507633552686,NA,NA,NA,20,39.451,1.05
"1242",1242,"C22.23.01.80-100",2022,23,1,80,100,7.2,9,NA,10.539,NA,756,59,0.667238151895736,NA,NA,NA,20,46.221,1.05
"1243",1243,"C22.23.02.0-10",2022,23,2,0,10,7.3,6,NA,7.953,NA,830,84,0.823159470747035,NA,NA,NA,10,28.511,1.05
"1244",1244,"C22.23.02.10-20",2022,23,2,10,20,7.5,36,20,4.623,NA,679,130,1.19704727356609,NA,NA,NA,10,41.461,1.05
"1245",1245,"C22.23.02.20-40",2022,23,2,20,40,7.3,30,NA,3.84,NA,589,118,1.17249193948905,NA,NA,NA,20,81.221,1.05
"1246",1246,"C22.23.02.40-60",2022,23,2,40,60,7.1,34,NA,3.514,NA,496,91,1.2220068106732,NA,NA,NA,20,84.651,1.05
"1247",1247,"C22.23.02.60-80",2022,23,2,60,80,7.1,15,NA,6.609,NA,549,92,0.612382026385605,NA,NA,NA,20,42.421,1.05
"1248",1248,"C22.23.02.80-100",2022,23,2,80,100,6.9,8,NA,13.091,NA,809,78,0.456763859806863,NA,NA,NA,20,31.641,1.05
"1249",1249,"C22.23.03.0-10",2022,23,3,0,10,7.1,31,NA,6.317,NA,790,82,0.532133289093283,NA,NA,NA,10,18.431,1.05
"1250",1250,"C22.23.03.10-20",2022,23,3,10,20,7.2,54,NA,5.763,NA,803,131,1.05932952689065,NA,NA,NA,10,36.691,1.05
"1251",1251,"C22.23.03.20-40",2022,23,3,20,40,7.2,39,NA,2.53,NA,446,51,1.1678724762882,NA,NA,NA,20,80.901,1.05
"1252",1252,"C22.23.03.40-60",2022,23,3,40,60,6.5,25,NA,5.672,NA,517,52,0.848407724304198,NA,NA,NA,20,58.771,1.05
"1253",1253,"C22.23.03.60-80",2022,23,3,60,80,4.8,35,NA,18.416,NA,764,69,0.622631460362498,NA,NA,NA,20,43.131,1.05
"1254",1254,"C22.23.03.80-100",2022,23,3,80,100,5.4,29,NA,14.637,NA,743,104,0.474808637935195,NA,NA,NA,20,32.891,1.05
"1255",1255,"C22.24.01.0-10",2022,24,1,0,10,7.3,8,NA,5.44,NA,485,48,1.13728296840505,NA,NA,NA,10,39.391,1.05
"1256",1256,"C22.24.01.10-20",2022,24,1,10,20,7.3,17,NA,2.479,NA,344,40,2.07272426657782,NA,NA,NA,10,71.791,1.05
"1257",1257,"C22.24.01.20-40",2022,24,1,20,40,7.3,31,NA,0.429,NA,216,11,1.56500195333655,NA,NA,NA,20,108.411,1.05
"1258",1258,"C22.24.01.40-60",2022,24,1,40,60,7.1,34,NA,0.358,NA,160,6,2.41541625696862,NA,NA,NA,20,167.321,1.05
"1259",1259,"C22.24.01.60-80",2022,24,1,60,80,6.9,55,NA,0.491,NA,1230,49,1.91131733517551,NA,NA,NA,20,132.401,1.05
"1260",1260,"C22.24.01.80-100",2022,24,1,80,100,6.9,62,NA,0.376,NA,231,25,3.89970752669276,NA,NA,NA,20,270.141,1.05
"1261",1261,"C22.24.02.0-10",2022,24,2,0,10,7.2,32,NA,4.782,NA,563,34,1.1196712649518,NA,NA,NA,10,38.781,1.05
"1262",1262,"C22.24.02.10-20",2022,24,2,10,20,7.3,22,NA,3.494,NA,526,24,1.37374174099872,NA,NA,NA,10,47.581,1.05
"1263",1263,"C22.24.02.20-40",2022,24,2,20,40,7.6,16,6,1.008,NA,262,19,1.72163062749048,NA,NA,NA,20,119.261,1.05
"1264",1264,"C22.24.02.40-60",2022,24,2,40,60,7.3,26,NA,2.816,NA,465,59,0.728590397532068,NA,NA,NA,20,50.471,1.05
"1265",1265,"C22.24.02.60-80",2022,24,2,60,80,7.6,25,5,1.17,NA,267,60,0.449834665005583,NA,NA,NA,20,31.161,1.05
"1266",1266,"C22.24.02.80-100",2022,24,2,80,100,7.2,38,NA,0.255,NA,232,11,1.91492629080118,NA,NA,NA,20,132.651,1.05
"1267",1267,"C22.24.03.0-10",2022,24,3,0,10,7.1,23,NA,3.992,NA,444,37,1.16817562856076,NA,NA,NA,10,40.461,1.05
"1268",1268,"C22.24.03.10-20",2022,24,3,10,20,7.3,45,NA,1.167,NA,351,17,2.46682222090061,NA,NA,NA,10,85.441,1.05
"1269",1269,"C22.24.03.20-40",2022,24,3,20,40,7.5,52,15,0.349,NA,200,8,1.6475748580518,NA,NA,NA,20,114.131,1.05
"1270",1270,"C22.24.03.40-60",2022,24,3,40,60,7.5,62,17,0.6,NA,260,0,2.02319495957118,NA,NA,NA,20,140.151,1.05
"1271",1271,"C22.24.03.60-80",2022,24,3,60,80,7.4,114,NA,0.323,NA,338,6,1.34398951082073,NA,NA,NA,20,93.101,1.05
"1272",1272,"C22.24.03.80-100",2022,24,3,80,100,7.5,73,20,0.338,NA,251,10,1.22056322842293,NA,NA,NA,20,84.551,1.05
"1273",1273,"C22.25.01.0-10",2022,25,1,0,10,6.3,15,NA,3.379,NA,551,52,1.27240226703001,NA,NA,NA,10,44.071,1.05
"1274",1274,"C22.25.01.10-20",2022,25,1,10,20,6.8,10,NA,2.059,NA,456,45,1.33736346829201,NA,NA,NA,10,46.321,1.05
"1275",1275,"C22.25.01.20-40",2022,25,1,20,40,7,14,NA,1.54,NA,358,21,1.26574735285628,NA,NA,NA,20,87.681,1.05
"1276",1276,"C22.25.01.40-60",2022,25,1,40,60,7.1,52,NA,1.537,NA,509,21,1.3692522002004,NA,NA,NA,20,94.851,1.05
"1277",1277,"C22.25.01.60-80",2022,25,1,60,80,7.3,154,NA,0.827,NA,987,12,1.41198223480829,NA,NA,NA,20,97.811,1.05
"1278",1278,"C22.25.01.80-100",2022,25,1,80,100,7.3,89,NA,0.856,NA,482,14,1.41559119043395,NA,NA,NA,20,98.061,1.05
"1279",1279,"C22.25.02.0-10",2022,25,2,0,10,7,12,NA,2.721,NA,566,78,1.10408057664892,NA,NA,NA,10,38.241,1.05
"1280",1280,"C22.25.02.10-20",2022,25,2,10,20,7.1,10,NA,2.282,NA,556,61,1.55592182098237,NA,NA,NA,10,53.891,1.05
"1281",1281,"C22.25.02.20-40",2022,25,2,20,40,7.4,10,NA,1.434,NA,509,29,1.56240350528607,NA,NA,NA,20,108.231,1.05
"1282",1282,"C22.25.02.40-60",2022,25,2,40,60,7.3,18,NA,1.656,NA,428,19,1.42800599778625,NA,NA,NA,20,98.921,1.05
"1283",1283,"C22.25.02.60-80",2022,25,2,60,80,7.3,44,NA,1.028,NA,393,19,1.46611656919329,NA,NA,NA,20,101.561,1.05
"1284",1284,"C22.25.02.80-100",2022,25,2,80,100,7.3,55,NA,0.674,NA,468,14,1.39913435278092,NA,NA,NA,20,96.921,1.05
"1285",1285,"C22.25.03.0-10",2022,25,3,0,10,6.2,69,NA,3.5,NA,682,55,1.05066803338905,NA,NA,NA,10,36.391,1.05
"1286",1286,"C22.25.03.10-20",2022,25,3,10,20,6.4,58,NA,2.312,NA,587,87,1.46064539246478,NA,NA,NA,10,50.591,1.05
"1287",1287,"C22.25.03.20-40",2022,25,3,20,40,6.6,43,NA,1.447,NA,490,53,1.5284793224048,NA,NA,NA,20,105.881,1.05
"1288",1288,"C22.25.03.40-60",2022,25,3,40,60,6.8,35,NA,0.938,NA,403,39,1.334606226194,NA,NA,NA,20,92.451,1.05
"1289",1289,"C22.25.03.60-80",2022,25,3,60,80,6.8,38,NA,0.877,NA,488,18,1.68481928010868,NA,NA,NA,20,116.711,1.05
"1290",1290,"C22.25.03.80-100",2022,25,3,80,100,6.5,44,NA,1.227,NA,651,40,1.52270499340374,NA,NA,NA,20,105.481,1.05
"1291",1291,"C22.26.01.0-10",2022,26,1,0,10,6.7,36,NA,2.043,NA,583,16,1.38240323450032,NA,NA,NA,10,47.881,1.05
"1292",1292,"C22.26.01.10-20",2022,26,1,10,20,7.2,29,NA,0.721,NA,439,16,1.62896708284586,NA,NA,NA,10,56.421,1.05
"1293",1293,"C22.26.01.20-40",2022,26,1,20,40,7.2,65,NA,0.855,NA,458,32,1.47896445122066,NA,NA,NA,20,102.451,1.05
"1294",1294,"C22.26.01.40-60",2022,26,1,40,60,6.9,124,NA,1.248,NA,903,36,1.91651423127647,NA,NA,NA,20,132.761,1.05
"1295",1295,"C22.26.01.60-80",2022,26,1,60,80,6.9,130,NA,1.11,NA,675,17,0.679797317473056,NA,NA,NA,20,47.091,1.05
"1296",1296,"C22.26.01.80-100",2022,26,1,80,100,6.9,38,NA,0.588,NA,266,8,2.00413967386766,NA,NA,NA,20,138.831,1.05
"1297",1297,"C22.26.02.0-10",2022,26,2,0,10,6.6,23,NA,2.04,NA,482,16,1.44851930156254,NA,NA,NA,10,50.171,1.05
"1298",1298,"C22.26.02.10-20",2022,26,2,10,20,7,18,NA,0.85,NA,342,16,1.38529039900086,NA,NA,NA,10,47.981,1.05
"1299",1299,"C22.26.02.20-40",2022,26,2,20,40,7.1,53,NA,0.727,NA,466,25,1.45875429971693,NA,NA,NA,20,101.051,1.05
"1300",1300,"C22.26.02.40-60",2022,26,2,40,60,6.7,132,NA,2.038,NA,1149,41,1.5517209966341,NA,NA,NA,20,107.491,1.05
"1301",1301,"C22.26.02.60-80",2022,26,2,60,80,6.6,69,NA,1.651,NA,521,16,0.878289876884717,NA,NA,NA,20,60.841,1.05
"1302",1302,"C22.26.02.80-100",2022,26,2,80,100,6.9,31,NA,0.527,NA,195,0,2.25258017913854,NA,NA,NA,20,156.041,1.05
"1303",1303,"C22.26.03.0-10",2022,26,3,0,10,6.7,34,NA,1.915,NA,462,11,1.56747047898451,NA,NA,NA,10,54.291,1.05
"1304",1304,"C22.26.03.10-20",2022,26,3,10,20,7.2,13,NA,0.717,NA,310,12,1.12660045975308,NA,NA,NA,10,39.021,1.05
"1305",1305,"C22.26.03.20-40",2022,26,3,20,40,7.4,80,NA,0.6,NA,469,15,1.69766716213605,NA,NA,NA,20,117.601,1.05
"1306",1306,"C22.26.03.40-60",2022,26,3,40,60,7.5,90,72,0.469,NA,545,22,1.75613224327185,NA,NA,NA,20,121.651,1.05
"1307",1307,"C22.26.03.60-80",2022,26,3,60,80,7.2,98,NA,0.877,NA,669,19,1.95303686220822,NA,NA,NA,20,135.291,1.05
"1308",1308,"C22.26.03.80-100",2022,26,3,80,100,6.7,143,NA,1.466,NA,928,38,2.0038509574176,NA,NA,NA,20,138.811,1.05
"1309",1309,"C22.27.01.0-10",2022,27,1,0,10,7.2,18,NA,5.178,NA,523,111,1.30127391203534,NA,NA,NA,10,45.071,1.05
"1310",1310,"C22.27.01.10-20",2022,27,1,10,20,7.3,10,NA,2.838,NA,356,81,1.38990986220171,NA,NA,NA,10,48.141,1.05
"1311",1311,"C22.27.01.20-40",2022,27,1,20,40,7.9,15,8,1.924,NA,337,59,1.27917266778376,NA,NA,NA,20,88.611,1.05
"1312",1312,"C22.27.02.0-10",2022,27,2,0,10,7.4,22,NA,7.876,NA,673,96,0.926808676316178,NA,NA,NA,10,32.101,1.05
"1313",1313,"C22.27.02.10-20",2022,27,2,10,20,7.5,18,11,5.01,NA,469,106,1.29665444883449,NA,NA,NA,10,44.911,1.05
"1314",1314,"C22.27.02.20-40",2022,27,2,20,40,7.9,12,8,1.737,NA,406,28,1.78716926165258,NA,NA,NA,20,123.801,1.05
"1315",1315,"C22.27.03.0-10",2022,27,3,0,10,7.4,12,NA,5.44,NA,414,78,0.681688410220905,NA,NA,NA,10,23.611,1.05
"1316",1316,"C22.27.03.10-20",2022,27,3,10,20,7.2,9,NA,6.011,NA,492,86,1.04893573468873,NA,NA,NA,10,36.331,1.05
"1317",1317,"C22.27.03.20-40",2022,27,3,20,40,7.6,14,6,2.011,NA,760,52,1.33706031601945,NA,NA,NA,20,92.621,1.05
"1318",1318,"C22.27.03.40-60",2022,27,3,40,60,7.8,6,4,2.322,NA,379,33,1.71080376061348,NA,NA,NA,20,118.511,1.05
"1319",1319,"C22.28.01.0-10",2022,28,1,0,10,6.3,43,NA,5.592,NA,839,55,0.900535479361325,NA,NA,NA,10,31.191,1.05
"1320",1320,"C22.28.01.10-20",2022,28,1,10,20,6.5,32,NA,3.422,NA,782,61,1.55072492488141,NA,NA,NA,10,53.711,1.05
"1321",1321,"C22.28.01.20-40",2022,28,1,20,40,6.6,51,NA,1.549,NA,726,26,1.11893503800416,NA,NA,NA,20,77.511,1.05
"1322",1322,"C22.28.01.40-60",2022,28,1,40,60,6.7,64,NA,0.629,NA,491,8,1.43753364063801,NA,NA,NA,20,99.581,1.05
"1323",1323,"C22.28.01.60-80",2022,28,1,60,80,6.5,70,NA,0.761,NA,560,16,1.5733747303881,NA,NA,NA,20,108.991,1.05
"1324",1324,"C22.28.01.80-100",2022,28,1,80,100,6.3,71,NA,1.083,NA,754,19,0.683406273098723,NA,NA,NA,20,47.341,1.05
"1325",1325,"C22.28.02.0-10",2022,28,2,0,10,6.3,38,NA,4.78,NA,851,111,1.15143007445766,NA,NA,NA,10,39.881,1.05
"1326",1326,"C22.28.02.10-20",2022,28,2,10,20,6.3,29,NA,3.696,NA,817,79,1.70951897241074,NA,NA,NA,10,59.211,1.05
"1327",1327,"C22.28.02.20-40",2022,28,2,20,40,6.7,23,NA,1.115,NA,403,27,1.27065553250719,NA,NA,NA,20,88.021,1.05
"1328",1328,"C22.28.02.40-60",2022,28,2,40,60,6.8,18,NA,0.648,NA,363,11,1.27195475653243,NA,NA,NA,20,88.111,1.05
"1329",1329,"C22.28.02.60-80",2022,28,2,60,80,6.7,35,NA,1.861,NA,561,27,0.190567292857697,NA,NA,NA,20,13.201,1.05
"1330",1330,"C22.28.02.80-100",2022,28,2,80,100,6.5,50,NA,1.264,NA,448,25,0.522735568644047,NA,NA,NA,20,36.211,1.05
"1331",1331,"C22.28.03.0-10",2022,28,3,0,10,6.3,35,NA,2.98,NA,478,65,1.36796741199766,NA,NA,NA,10,47.381,1.05
"1332",1332,"C22.28.03.10-20",2022,28,3,10,20,6.2,17,NA,1.235,NA,331,16,1.61337639454298,NA,NA,NA,10,55.881,1.05
"1333",1333,"C22.28.03.20-40",2022,28,3,20,40,6.3,15,NA,0.897,NA,328,15,0.98930135193022,NA,NA,NA,20,68.531,1.05
"1334",1334,"C22.29.01.0-10",2022,29,1,0,10,6.9,33,NA,4.363,NA,605,44,NA,NA,NA,NA,10,NA,1.05
"1335",1335,"C22.29.01.10-20",2022,29,1,10,20,7.1,16,NA,2.9,NA,482,43,NA,NA,NA,NA,10,NA,1.05
"1336",1336,"C22.29.01.20-40",2022,29,1,20,40,7.4,30,NA,3.693,NA,459,55,NA,NA,NA,NA,20,NA,1.05
"1337",1337,"C22.29.01.40-60",2022,29,1,40,60,7.5,26,12,3.17,NA,438,57,NA,NA,NA,NA,20,NA,1.05
"1338",1338,"C22.29.01.60-80",2022,29,1,60,80,7.3,23,NA,2.974,NA,503,28,NA,NA,NA,NA,20,NA,1.05
"1339",1339,"C22.29.01.80-100",2022,29,1,80,100,7.2,15,NA,1.689,NA,483,12,NA,NA,NA,NA,20,NA,1.05
"1340",1340,"C22.29.02.0-10",2022,29,2,0,10,6.6,14,NA,4.419,NA,534,34,0.906021091912339,NA,NA,NA,10,31.381,1.05
"1341",1341,"C22.29.02.10-20",2022,29,2,10,20,6.8,7,NA,3.876,NA,429,46,1.18261145106342,NA,NA,NA,10,40.961,1.05
"1342",1342,"C22.29.02.20-40",2022,29,2,20,40,6.8,5,NA,2.829,NA,404,24,1.12788524795582,NA,NA,NA,20,78.131,1.05
"1343",1343,"C22.29.02.40-60",2022,29,2,40,60,6.1,7,NA,1.741,NA,401,13,1.3909059339544,NA,NA,NA,20,96.351,1.05
"1344",1344,"C22.29.02.60-80",2022,29,2,60,80,6,8,NA,1.01,NA,371,12,1.29418592318653,NA,NA,NA,20,89.651,1.05
"1345",1345,"C22.29.02.80-100",2022,29,2,80,100,5.9,11,NA,0.61,NA,295,12,1.42511883328571,NA,NA,NA,20,98.721,1.05
"1346",1346,"C22.29.03.0-10",2022,29,3,0,10,6.3,8,NA,3.829,NA,498,27,1.02641585158458,NA,NA,NA,10,35.551,1.05
"1347",1347,"C22.29.03.10-20",2022,29,3,10,20,6.4,5,NA,3.668,NA,465,42,1.12082613075201,NA,NA,NA,10,38.821,1.05
"1348",1348,"C22.29.03.20-40",2022,29,3,20,40,6.4,4,NA,2.031,NA,413,14,1.15473587781078,NA,NA,NA,20,79.991,1.05
"1349",1349,"C22.29.03.40-60",2022,29,3,40,60,6.1,4,NA,1.37,NA,363,18,0.944694660396982,NA,NA,NA,20,65.441,1.05
"1350",1350,"C22.29.03.60-80",2022,29,3,60,80,6.1,7,NA,0.519,NA,300,9,1.12557551635539,NA,NA,NA,20,77.971,1.05
"1351",1351,"C22.29.03.80-100",2022,29,3,80,100,6.4,13,NA,2.438,NA,388,20,0.137732182497939,NA,NA,NA,20,9.541,1.05
"1352",1352,"C22.30.01.0-10",2022,30,1,0,10,7.3,61,NA,3.753,NA,685,NA,0.96867256157391,NA,NA,NA,10,33.551,1.05
"1353",1353,"C22.30.01.10-20",2022,30,1,10,20,7.4,51,NA,3.925,NA,724,46,1.13410708745447,NA,NA,NA,10,39.281,1.05
"1354",1354,"C22.30.01.20-40",2022,30,1,20,40,7.9,22,11,6.114,NA,305,26,1.78312723135184,NA,NA,NA,20,123.521,1.05
"1355",1355,"C22.30.01.40-60",2022,30,1,40,60,7.9,11,6,1.4,NA,390,8,1.82917750513534,NA,NA,NA,20,126.711,1.05
"1356",1356,"C22.30.01.60-80",2022,30,1,60,80,7.8,8,5,0.902,NA,339,8,1.32854318074288,NA,NA,NA,20,92.031,1.05
"1357",1357,"C22.30.01.80-100",2022,30,1,80,100,7.9,8,4,0.586,NA,308,0,1.65031766432731,NA,NA,NA,20,114.321,1.05
"1358",1358,"C22.31.01.0-10",2022,31,1,0,10,7.6,15,20,4.841,NA,459,24,1.07405406584337,NA,NA,NA,10,37.201,1.05
"1359",1359,"C22.31.01.10-20",2022,31,1,10,20,7.8,31,18,5.634,NA,520,26,0.455623429829152,NA,NA,NA,10,15.781,1.05
"1360",1360,"C22.31.01.20-40",2022,31,1,20,40,7.4,12,NA,4.271,NA,431,44,1.33056419589325,NA,NA,NA,20,92.171,1.05
"1361",1361,"C22.31.01.40-60",2022,31,1,40,60,7.5,11,10,4.505,NA,372,78,1.94870611545742,NA,NA,NA,20,134.991,1.05
"1362",1362,"C22.31.02.0-10",2022,31,2,0,10,7.6,28,19,3.128,NA,258,22,0.862136191504233,NA,NA,NA,10,29.861,1.05
"1363",1363,"C22.31.02.10-20",2022,31,2,10,20,7.6,32,26,2.779,NA,475,31,1.17481610691198,NA,NA,NA,10,40.691,1.05
"1364",1364,"C22.31.02.20-40",2022,31,2,20,40,7.5,14,11,3.998,NA,567,53,1.1375572490326,NA,NA,NA,20,78.801,1.05
"1365",1365,"C22.32.01.0-10",2022,32,1,0,10,7.2,16,NA,2.42,NA,350,30,1.06625872169193,NA,NA,NA,10,36.931,1.05
"1366",1366,"C22.32.01.10-20",2022,32,1,10,20,7.3,13,NA,2.047,NA,328,26,1.84781415198628,NA,NA,NA,10,64.001,1.05
"1367",1367,"C22.32.01.20-40",2022,32,1,20,40,7.7,11,4,1.358,NA,314,43,1.76768090127398,NA,NA,NA,20,122.451,1.05
"1368",1368,"C22.32.01.40-60",2022,32,1,40,60,7.7,12,6,1.041,NA,312,43,2.04672535025052,NA,NA,NA,20,141.781,1.05
"1369",1369,"C22.32.02.0-10",2022,32,2,0,10,7.5,29,14,1.911,NA,397,13,1.15460595540825,NA,NA,NA,10,39.991,1.05
"1370",1370,"C22.32.02.10-20",2022,32,2,10,20,7.5,23,11,1.881,NA,396,20,1.99044007831263,NA,NA,NA,10,68.941,1.05
"1371",1371,"C22.32.02.20-40",2022,32,2,20,40,7.7,2,6,1.454,NA,335,31,0.682828840198616,NA,NA,NA,20,47.301,1.05
"1372",1372,"C22.32.03.0-10",2022,32,3,0,10,7.2,19,NA,2.919,NA,467,25,1.0373870766866,NA,NA,NA,10,35.931,1.05
"1373",1373,"C22.32.03.10-20",2022,32,3,10,20,7.5,16,8,2.423,NA,358,20,0.732791221880344,NA,NA,NA,10,25.381,1.05
"1374",1374,"C22.32.03.20-40",2022,32,3,20,40,7.2,8,NA,1.003,NA,245,30,1.30097075976278,NA,NA,NA,20,90.121,1.05
"1375",1375,"C22.33.01.0-10",2022,33,1,0,10,7.2,72,NA,4.61,NA,734,231,NA,NA,NA,NA,10,NA,1.05
"1376",1376,"C22.33.01.10-20",2022,33,1,10,20,NA,NA,NA,NA,NA,NA,258,NA,NA,NA,NA,10,NA,1.05
"1377",1377,"C22.33.01.20-40",2022,33,1,20,40,7.3,123,NA,4.201,NA,801,387,NA,NA,NA,NA,20,NA,1.05
"1378",1378,"C22.33.01.60-80",2022,33,1,40,60,7.1,108,NA,3.52,NA,856,264,NA,NA,NA,NA,20,NA,1.05
"1379",1379,"C22.33.01.80-100",2022,33,1,60,80,7.1,93,NA,4.109,NA,912,150,NA,NA,NA,NA,20,NA,1.05
"1380",1380,"C22.33.02.0-10",2022,33,2,0,10,7.2,124,NA,3.962,NA,803,184,NA,NA,NA,NA,10,NA,1.05
"1381",1381,"C22.33.02.10-20",2022,33,2,10,20,7.2,134,NA,3.098,NA,797,188,NA,NA,NA,NA,10,NA,1.05
"1382",1382,"C22.33.02.20-40",2022,33,2,20,40,7.1,157,NA,3.81,NA,869,165,NA,NA,NA,NA,20,NA,1.05
"1383",1383,"C22.34.01.0-10",2022,34,1,0,10,7,172,NA,2.262,NA,786,23,1.17103392141629,NA,NA,NA,10,40.56,1.05
"1384",1384,"C22.34.01.10-20",2022,34,1,10,20,7.1,193,NA,1.838,NA,733,20,1.41153472431071,NA,NA,NA,10,48.89,1.05
"1385",1385,"C22.34.01.20-40",2022,34,1,20,40,7.2,147,NA,1.224,NA,634,23,1.16872418981586,NA,NA,NA,20,80.96,1.05
"1386",1386,"C22.34.01.40-60",2022,34,1,40,60,6.6,53,NA,0.72,NA,492,15,1.32116647544401,NA,NA,NA,20,91.52,1.05
"1387",1387,"C22.34.01.60-80",2022,34,1,60,80,6.3,39,NA,0.459,NA,407,12,1.29734736831462,NA,NA,NA,20,89.87,1.05
"1388",1388,"C22.34.01.80-100",2022,34,1,80,100,7.4,15,NA,0.43,NA,286,7,1.75525165809919,NA,NA,NA,20,121.59,1.05
"1389",1389,"C22.34.02.0-10",2022,34,2,0,10,7.2,167,NA,2.243,NA,807,25,1.19470867032066,NA,NA,NA,10,41.38,1.05
"1390",1390,"C22.34.02.10-20",2022,34,2,10,20,7.1,174,NA,1.737,NA,744,25,1.42856899486385,NA,NA,NA,10,49.48,1.05
"1391",1391,"C22.34.02.20-40",2022,34,2,20,40,7.1,96,NA,0.982,NA,515,21,1.22314724065091,NA,NA,NA,20,84.73,1.05
"1392",1392,"C22.34.02.40-60",2022,34,2,40,60,7.2,44,NA,0.703,NA,411,12,1.21015500039851,NA,NA,NA,20,83.83,1.05
"1393",1393,"C22.34.02.60-80",2022,34,2,60,80,7.1,34,NA,0.376,NA,437,16,0.89357741291504,NA,NA,NA,20,61.9,1.05
"1394",1394,"C22.35.01.0-10",2022,35,1,0,10,6.4,67,NA,3.262,NA,689,49,1.02468355288426,NA,NA,NA,10,35.491,1.05
"1395",1395,"C22.35.01.10-20",2022,35,1,10,20,6.7,70,NA,2.9,NA,795,31,1.63358654604672,NA,NA,NA,10,56.581,1.05
"1396",1396,"C22.35.01.20-40",2022,35,1,20,40,6.8,39,NA,0.6,NA,372,9,1.66157760587939,NA,NA,NA,20,115.101,1.05
"1397",1397,"C22.35.01.40-60",2022,35,1,40,60,7.1,28,NA,0.338,NA,274,9,1.72264113506567,NA,NA,NA,20,119.331,1.05
"1398",1398,"C22.35.01.60-80",2022,35,1,60,80,7.3,21,NA,0.216,NA,261,9,1.8690203752427,NA,NA,NA,20,129.471,1.05
"1399",1399,"C22.35.01.80-100",2022,35,1,80,100,7.5,17,5,0.262,NA,387,9,2.2664385687411,NA,NA,NA,20,157.001,1.05
"1400",1400,"C22.35.02.0-10",2022,35,2,0,10,6.3,58,NA,4.081,NA,940,36,1.08387042514519,NA,NA,NA,10,37.541,1.05
"1401",1401,"C22.35.02.10-20",2022,35,2,10,20,6.3,52,NA,4.093,NA,942,413,1.1023482779486,NA,NA,NA,10,38.181,1.05
"1402",1402,"C22.35.02.20-40",2022,35,2,20,40,6.7,20,NA,0.399,NA,258,12,1.43435775968742,NA,NA,NA,20,99.361,1.05
"1403",1403,"C22.35.02.40-60",2022,35,2,40,60,6.9,21,NA,0.189,NA,296,8,1.79352102355376,NA,NA,NA,20,124.241,1.05
"1404",1404,"C22.35.02.60-80",2022,35,2,60,80,7,21,NA,0.171,NA,295,8,1.97858826803794,NA,NA,NA,20,137.061,1.05
"1405",1405,"C22.35.02.80-100",2022,35,2,80,100,7.6,17,4,0.26,NA,469,12,1.838127715087,NA,NA,NA,20,127.331,1.05
"1406",1406,"C22.35.03.0-10",2022,35,3,0,10,6.4,54,NA,3.66,NA,818,53,1.09744009829769,NA,NA,NA,10,38.011,1.05
"1407",1407,"C22.35.03.10-20",2022,35,3,10,20,6.3,52,NA,4.268,NA,960,41,0.99465704207871,NA,NA,NA,10,34.451,1.05
"1408",1408,"C22.35.03.20-40",2022,35,3,20,40,6.5,27,NA,0.759,NA,350,18,1.23543212560068,NA,NA,NA,20,85.581,1.05
"1409",1409,"C22.35.03.40-60",2022,35,3,40,60,6.7,56,NA,0.538,NA,337,13,1.52746881482962,NA,NA,NA,20,105.811,1.05
"1410",1410,"C22.35.03.60-80",2022,35,3,60,80,6.8,31,NA,0.349,NA,279,0,1.35135178029709,NA,NA,NA,20,93.611,1.05
"1411",1411,"C22.35.03.80-100",2022,35,3,80,100,6.8,27,NA,0.218,NA,218,11,1.5934405236668,NA,NA,NA,20,110.381,1.05
"1412",1412,"C22.36.01.0-10",2022,36,1,0,10,7.6,36,17,1.427,NA,378,16,1.532247072078,NA,NA,NA,10,53.071,1.05
"1413",1413,"C22.36.01.10-20",2022,36,1,10,20,7.6,110,45,1.246,NA,482,13,1.8446382710357,NA,NA,NA,10,63.891,1.05
"1414",1414,"C22.36.01.20-40",2022,36,1,20,40,7.7,78.5,35,0.929,NA,341,18,1.80550275623097,NA,NA,NA,20,125.071,1.05
"1415",1415,"C22.36.01.40-60",2022,36,1,40,60,7.6,125,54,0.988,NA,502,45,0.987280336779847,NA,NA,NA,20,68.391,1.05
"1416",1416,"C22.36.01.60-80",2022,36,1,60,80,7.8,55,29,0.9,NA,347,24,2.67988052521746,NA,NA,NA,20,185.641,1.05
"1417",1417,"C22.36.02.0-10",2022,36,2,0,10,7.6,43,21,1.914,NA,382,44,2.61406761042781,NA,NA,NA,10,90.541,1.05
"1418",1418,"C22.36.02.10-20",2022,36,2,10,20,7.8,59,25,2.047,NA,460,152,3.15108020752699,NA,NA,NA,10,109.141,1.05
"1419",1419,"C22.36.02.20-40",2022,36,2,20,40,7.7,54,23,1.881,NA,470,78,1.70199790888685,NA,NA,NA,20,117.901,1.05
"1420",1420,"C22.36.02.40-60",2022,36,2,40,60,7.9,53,25,1.288,NA,369,77,2.28073003301874,NA,NA,NA,20,157.991,1.05
"1421",1421,"C22.36.03.0-10",2022,36,3,0,10,7.6,51,31,1.689,NA,401,17,1.13612810260484,NA,NA,NA,10,39.351,1.05
"1422",1422,"C22.36.03.10-20",2022,36,3,10,20,7.8,30,15,0.991,NA,241,11,2.82916136571754,NA,NA,NA,10,97.991,1.05
"1423",1423,"C22.36.03.20-40",2022,36,3,20,40,8.1,24,9,0.761,NA,282,11,2.39217458273933,NA,NA,NA,20,165.711,1.05
"1424",1424,"C22.36.03.40-60",2022,36,3,40,60,8,28,12,0.796,NA,268,10,2.20479760665472,NA,NA,NA,20,152.731,1.05
"1425",1425,"C22.37.01.0-10",2022,37,1,0,10,7.1,18,NA,3.585,NA,451,120,1.30358364363577,NA,NA,NA,10,45.151,1.05
"1426",1426,"C22.37.01.10-20",2022,37,1,10,20,7.5,16,7,2.15,NA,291,90,2.06492892242638,NA,NA,NA,10,71.521,1.05
"1427",1427,"C22.37.01.20-40",2022,37,1,20,40,8.1,20,11,1.06,NA,291,29,2.02290624312112,NA,NA,NA,20,140.131,1.05
"1428",1428,"C22.37.01.40-60",2022,37,1,40,60,8.2,16,7,0.745,NA,230,35,2.16105706447164,NA,NA,NA,20,149.701,1.05
"1429",1429,"C22.37.01.60-80",2022,37,1,60,80,8.5,11,6,0.185,NA,147,13,1.38773005300381,NA,NA,NA,20,96.131,1.05
"1430",1430,"C22.37.01.80-100",2022,37,1,80,100,8.6,15,6,0.361,NA,222,23,1.88706515337103,NA,NA,NA,20,130.721,1.05
"1431",1431,"C22.37.02.0-10",2022,37,2,0,10,7,10,NA,2.701,NA,399,61,1.32956812414057,NA,NA,NA,10,46.051,1.05
"1432",1432,"C22.37.02.10-20",2022,37,2,10,20,7.2,7,NA,1.948,NA,347,35,1.46468742276552,NA,NA,NA,10,50.731,1.05
"1433",1433,"C22.37.02.20-40",2022,37,2,20,40,7.7,9,4,0.909,NA,276,18,1.41616862333406,NA,NA,NA,20,98.101,1.05
"1434",1434,"C22.37.02.40-60",2022,37,2,40,60,7.6,22,12,0.568,NA,298,10,1.58030392518938,NA,NA,NA,20,109.471,1.05
"1435",1435,"C22.37.02.60-80",2022,37,2,60,80,7.6,25,12,0.424,NA,222,11,1.54002798040694,NA,NA,NA,20,106.681,1.05
"1436",1436,"C22.37.02.80-100",2022,37,2,80,100,7.7,19,10,0.21,NA,179,7,1.41198223480829,NA,NA,NA,20,97.811,1.05
"1437",1437,"C22.37.03.0-10",2022,37,3,0,10,6.8,16,NA,3.535,NA,410,100,1.26864895317931,NA,NA,NA,10,43.941,1.05
"1438",1438,"C22.37.03.10-20",2022,37,3,10,20,6.7,9,NA,1.899,NA,316,59,1.41878150720704,NA,NA,NA,10,49.141,1.05
"1439",1439,"C22.37.03.20-40",2022,37,3,20,40,7.2,24,NA,0.694,NA,271,20,1.06667736054451,NA,NA,NA,20,73.891,1.05
"1440",1440,"C22.37.03.40-60",2022,37,3,40,60,7.5,35,20,0.665,NA,269,13,1.46351812114281,NA,NA,NA,20,101.381,1.05
"1441",1441,"C22.37.03.60-80",2022,37,3,60,80,7.8,20,11,0.291,NA,211,9,1.56832219251216,NA,NA,NA,20,108.641,1.05
"1442",1442,"C22.37.03.80-100",2022,37,3,80,100,7.8,14,7,0.227,NA,183,10,1.53165520335539,NA,NA,NA,20,106.101,1.05
"1443",1443,"C22.38.01.0-10",2022,38,1,0,10,7.3,154,NA,6.497,NA,991,16,0.841926040000501,NA,NA,NA,10,29.161,1.05
"1444",1444,"C22.38.01.10-20",2022,38,1,10,20,7.3,124,NA,3.337,NA,686,19,1.3454475288935,NA,NA,NA,10,46.601,1.05
"1445",1445,"C22.38.01.20-40",2022,38,1,20,40,7.3,63,NA,2.017,NA,465,16,1.19457874791813,NA,NA,NA,20,82.751,1.05
"1446",1446,"C22.38.01.40-60",2022,38,1,40,60,7.3,75,NA,1.9,NA,522,11,1.5906977173913,NA,NA,NA,20,110.191,1.05
"1447",1447,"C22.38.01.60-80",2022,38,1,60,80,7.1,54,NA,1.052,NA,437,11,1.47145782351927,NA,NA,NA,20,101.931,1.05
"1448",1448,"C22.38.01.80-100",2022,38,1,80,100,7.2,42,NA,1.075,NA,405,7,1.29433028141156,NA,NA,NA,20,89.661,1.05
"1449",1449,"C22.38.02.0-10",2022,38,2,0,10,7.3,162,NA,6.306,NA,1000,22,0.850876249952154,NA,NA,NA,10,29.471,1.05
"1450",1450,"C22.38.02.10-20",2022,38,2,10,20,7.3,148,NA,4.519,NA,754,19,1.34256036439297,NA,NA,NA,10,46.501,1.05
"1451",1451,"C22.38.02.20-40",2022,38,2,20,40,7.4,76,NA,2.028,NA,510,19,1.20511689834508,NA,NA,NA,20,83.481,1.05
"1452",1452,"C22.38.02.40-60",2022,38,2,40,60,7.4,70,NA,1.495,NA,475,18,1.50032946852461,NA,NA,NA,20,103.931,1.05
"1453",1453,"C22.38.02.60-80",2022,38,2,60,80,7.1,62,NA,0.778,NA,560,7,1.44965973154025,NA,NA,NA,20,100.421,1.05
"1454",1454,"C22.38.02.80-100",2022,38,2,80,100,7.1,63,NA,0.778,NA,650,9,1.47420062979478,NA,NA,NA,20,102.121,1.05
"1455",1455,"C22.38.03.0-10",2022,38,3,0,10,7.7,231,121,15.083,NA,2002,26,1.16846434501081,NA,NA,NA,10,40.471,1.05
"1456",1456,"C22.38.03.10-20",2022,38,3,10,20,7.5,235,136,9.87,NA,1696,37,0.85145368285226,NA,NA,NA,10,29.491,1.05
"1457",1457,"C22.38.03.20-40",2022,38,3,20,40,7.3,243,NA,7.944,NA,1625,39,0.654823344543443,NA,NA,NA,20,45.361,1.05
"1458",1458,"C22.38.03.40-60",2022,38,3,40,60,7.2,239,NA,4.116,NA,973,27,0.843210828203238,NA,NA,NA,20,58.411,1.05
"1459",1459,"C22.39.01.0-10",2022,39,1,0,10,7.3,135,NA,8.483,NA,1079,31,0.444940921177179,NA,NA,NA,10,15.411,1.05
"1460",1460,"C22.39.01.10-20",2022,39,1,10,20,7.4,121,NA,4.688,NA,726,60,1.60875693134213,NA,NA,NA,10,55.721,1.05
"1461",1461,"C22.39.01.20-40",2022,39,1,20,40,7.5,82,49.5,3.605,NA,517,14,1.52905675530491,NA,NA,NA,20,105.921,1.05
"1462",1462,"C22.39.02.0-10",2022,39,2,0,10,7,172,NA,8.2,NA,957,67,0.938068617868258,NA,NA,NA,10,32.491,1.05
"1463",1463,"C22.39.02.10-20",2022,39,2,10,20,7.2,174,NA,3.672,NA,609,40,2.13999519944025,NA,NA,NA,10,74.121,1.05
"1464",1464,"C22.39.02.20-40",2022,39,2,20,40,7.4,86,NA,3.73,NA,514,376,2.08093824958184,NA,NA,NA,20,144.151,1.05
"1465",1465,"C22.39.02.40-60",2022,39,2,40,60,7.4,78,NA,2.209,NA,475,34,2.31508729057509,NA,NA,NA,20,160.371,1.05
"1466",1466,"C22.40.01.0-10",2022,40,1,0,10,7.4,145,NA,2.65,NA,582,17,1.223609186971,NA,NA,NA,10,42.381,1.05
"1467",1467,"C22.40.01.10-20",2022,40,1,10,20,7.4,121,NA,1.943,NA,696,27,1.56602689673424,NA,NA,NA,10,54.241,1.05
"1468",1468,"C22.40.01.20-40",2022,40,1,20,40,7.5,93,30,1.742,NA,499,22,0.875835787059264,NA,NA,NA,20,60.671,1.05
"1469",1469,"C22.40.01.40-60",2022,40,1,40,60,8,6,5,0.607,NA,422,11,2.07487520413072,NA,NA,NA,20,143.731,1.05
"1470",1470,"C22.40.01.60-80",2022,40,1,60,80,8,13,10,0.652,NA,376,11,1.86728807654238,NA,NA,NA,20,129.351,1.05
"1471",1471,"C22.40.01.80-100",2022,40,1,80,100,8.1,5,5,0.892,NA,435,11,1.06090303154344,NA,NA,NA,20,73.491,1.05
"1472",1472,"C22.40.02.0-10",2022,40,2,0,10,7.4,174,NA,2.544,NA,645,21,1.43061888165923,NA,NA,NA,10,49.551,1.05
"1473",1473,"C22.40.02.10-20",2022,40,2,10,20,7.5,86,40,1.767,NA,525,24,1.80479540092834,NA,NA,NA,10,62.511,1.05
"1474",1474,"C22.40.02.20-40",2022,40,2,20,40,7.9,29,23,0.753,NA,420,10,1.38137829110264,NA,NA,NA,20,95.691,1.05
"1475",1475,"C22.40.02.40-60",2022,40,2,40,60,7.8,48,30,1.017,NA,510,13,0.66146382289467,NA,NA,NA,20,45.821,1.05
"1476",1476,"C22.40.03.0-10",2022,40,3,0,10,7.4,200,NA,3.29,NA,675,23,1.86311612383911,NA,NA,NA,10,64.531,1.05
"1477",1477,"C22.40.03.10-20",2022,40,3,10,20,7.7,65,38,1.165,NA,465,16,1.96532174715799,NA,NA,NA,10,68.071,1.05
"1478",1478,"C22.40.03.20-40",2022,40,3,20,40,7.7,61,25,1.056,NA,387,29,0.726280665931641,NA,NA,NA,20,50.311,1.05
"1479",1479,"C22.40.03.40-60",2022,40,3,40,60,7.5,65,33,0.97,NA,399,15,1.66100017297928,NA,NA,NA,20,115.061,1.05
"1480",1480,"C22.40.03.60-80",2022,40,3,60,80,7.6,49,25,0.631,NA,384,8,2.02969107969738,NA,NA,NA,20,140.601,1.05
"1481",1481,"C22.40.03.80-100",2022,40,3,80,100,8,8,7,0.723,NA,596,0,1.93600259165507,NA,NA,NA,20,134.111,1.05
"1482",1482,"01.001.10",2020,1,1,0,10,7.35,17.5,NA,2.8615,NA,NA,11,2.93364784899183,NA,81.5,4.85,10,101.61,1.05
"1483",1483,"01.001.20",2020,1,1,10,20,8.2,21,13,1.18,NA,NA,4.5,3.30060645700961,NA,53,2,10,114.32,1.05
"1484",1484,"01.001.40",2020,1,1,20,40,8.3,12,6,1.062,NA,NA,11,1.54217891795983,NA,39,1.8,20,106.83,1.05
"1485",1485,"01.001.60",2020,1,1,40,60,8.1,10,6,1.416,NA,NA,11.5,0.983801303556705,NA,34,2.4,20,68.15,1.05
"1486",1486,"01.001.80",2020,1,1,60,80,7.8,14,8,1.475,NA,NA,12,1.73951661157128,NA,54,2.5,20,120.5,1.05
"1487",1487,"01.001.100",2020,1,1,80,100,7.9,13,8,1.003,NA,NA,12,1.58202178806719,NA,65,1.7,20,109.59,1.05
"1488",1488,"01.002.10",2020,1,2,0,10,6.3,17,NA,5.369,NA,NA,48,1.79928091673232,NA,74,9.1,10,62.32,1.05
"1489",1489,"01.002.20",2020,1,2,10,20,7,17,NA,2.537,NA,NA,24,2.79419780361608,NA,52,4.3,10,96.78,1.05
"1490",1490,"01.002.40",2020,1,2,20,40,7.3,19,NA,2.006,NA,NA,0,0.745321515812658,NA,50,3.4,20,51.63,1.05
"1491",1491,"01.002.60",2020,1,2,40,60,7.6,15,6,0.767,NA,NA,3.5,1.09697815197761,NA,35,1.3,20,75.99,1.05
"1492",1492,"01.002.80",2020,1,2,60,80,7.6,12,6,1.239,NA,NA,4,1.35812218105084,NA,44,2.1,20,94.08,1.05
"1493",1493,"01.002.100",2020,1,2,80,100,7.4,32,NA,1.416,NA,NA,9,0.657984789671527,NA,41,2.4,20,45.58,1.05
"1494",1494,"01.003.10",2020,1,3,0,10,6.7,156,NA,3.599,NA,NA,73.5,1.98636917636688,NA,137,6.1,10,68.8,1.05
"1495",1495,"01.003.20",2020,1,3,10,20,7.1,117,NA,2.242,NA,NA,25,2.66023337079134,NA,73,3.8,10,92.14,1.05
"1496",1496,"01.003.40",2020,1,3,20,40,7.7,46,20,0.767,NA,NA,10,1.41297830656097,NA,80,1.3,20,97.88,1.05
"1497",1497,"01.003.60",2020,1,3,40,60,7.8,37,18,0.767,NA,NA,40.5,0.89747508499076,NA,45,1.3,20,62.17,1.05
"1498",1498,"01.003.80",2020,1,3,60,80,8.1,18,10,0.295,NA,NA,0,0.695806644628513,NA,28,0.5,20,48.2,1.05
"1499",1499,"01.003.100",2020,1,3,80,100,7.7,26,14,1.121,NA,NA,7.5,2.02924356919979,NA,41,1.9,20,140.57,1.05
"1500",1500,"02.004.10",2020,2,4,0,10,6.2,43,NA,3.127,NA,NA,34.5,2.80834490966869,NA,87,5.3,10,97.27,1.05
"1501",1501,"02.004.20",2020,2,4,10,20,6.5,23,NA,2.065,NA,NA,21,2.02390231487381,NA,58,3.5,10,70.1,1.05
"1502",1502,"02.004.40",2020,2,4,20,40,7.4,12,NA,1.298,NA,NA,13,0.902383264641667,NA,49,2.2,20,62.51,1.05
"1503",1503,"02.004.60",2020,2,4,40,60,7.8,21,14,1.121,NA,NA,10,1.67585463433452,NA,40,1.9,20,116.09,1.05
"1504",1504,"02.004.80",2020,2,4,60,80,7.6,15.5,18,0.944,NA,NA,10,1.89975424135088,NA,79,1.6,20,131.6,1.05
"1505",1505,"02.004.100",2020,2,4,80,100,7.4,27,NA,1.239,NA,NA,11.5,1.39478917020761,NA,104,2.1,20,96.62,1.05
"1506",1506,"02.005.10",2020,2,5,0,10,6.8,158,NA,9.676,NA,NA,34.5,1.40171836500889,NA,624,16.4,10,48.55,1.05
"1507",1507,"02.005.20",2020,2,5,10,20,6.1,82,NA,5.546,NA,NA,31,2.94606265634413,NA,360,9.4,10,102.04,1.05
"1508",1508,"02.005.40",2020,2,5,20,40,6.2,67,NA,3.54,NA,NA,16,1.42409388988803,NA,115,6,20,98.65,1.05
"1509",1509,"02.005.60",2020,2,5,40,60,6.5,56,NA,2.183,NA,NA,9,1.48703407599965,NA,103,3.7,20,103.01,1.05
"1510",1510,"02.005.80",2020,2,5,60,80,5.8,29,NA,1.77,NA,NA,10.5,1.47635156734768,NA,117,3,20,102.27,1.05
"1511",1511,"02.005.100",2020,2,5,80,100,5.9,32,NA,1.888,NA,NA,9.5,1.47837258249805,NA,136,3.2,20,102.41,1.05
"1512",1512,"02.006.10",2020,2,6,0,10,6.6,35,NA,6.962,NA,NA,46.5,2.49075681461003,NA,89,11.8,10,86.27,1.05
"1513",1513,"02.006.20",2020,2,6,10,20,7.1,44,NA,4.425,NA,NA,79,2.12091104209172,NA,58,7.5,10,73.46,1.05
"1514",1514,"02.006.40",2020,2,6,20,40,7.4,51,NA,1.652,NA,NA,97.5,0.836844630479562,NA,44,2.8,20,57.97,1.05
"1515",1515,"02.006.60",2020,2,6,40,60,7.4,25,NA,0.767,NA,NA,31.5,1.52947539415749,NA,68,1.3,20,105.95,1.05
"1516",1516,"02.006.80",2020,2,6,60,80,7.2,23,NA,0.767,NA,NA,0,0.719192677082832,NA,73,1.3,20,49.82,1.05
"1517",1517,"02.006.100",2020,2,6,80,100,7.2,20,NA,1.062,NA,NA,22.5,2.48065173885817,NA,58,1.8,20,171.84,1.05
"1518",1518,"03.007.10",2020,3,7,0,10,7.1,23,NA,3.894,NA,NA,38.5,2.21214544030858,NA,141,6.6,10,76.62,1.05
"1519",1519,"03.007.20",2020,3,7,10,20,7.1,12,NA,3.068,NA,NA,57,2.4618851696047,NA,67,5.2,10,85.27,1.05
"1520",1520,"03.007.40",2020,3,7,20,40,7.2,15,NA,1.829,NA,NA,31,1.16294986081479,NA,52,3.1,20,80.56,1.05
"1521",1521,"03.007.60",2020,3,7,40,60,7.4,13,NA,0.531,NA,NA,13.5,1.7363407306207,NA,33,0.9,20,120.28,1.05
"1522",1522,"03.007.80",2020,3,7,60,80,7.6,13,5,0.413,NA,NA,12,1.19095535646997,NA,32,0.7,20,82.5,1.05
"1523",1523,"03.007.100",2020,3,7,80,100,7.6,25,12,0.59,NA,NA,10,1.4910761063004,NA,36,1,20,103.29,1.05
"1524",1524,"03.008.10",2020,3,8,0,10,7.2,83,NA,5.841,NA,NA,45.5,2.35332778438465,NA,130,9.9,10,81.51,1.05
"1525",1525,"03.008.20",2020,3,8,10,20,7.3,84,NA,5.251,NA,NA,38,2.15555701609812,NA,99,8.9,10,74.66,1.05
"1526",1526,"03.008.40",2020,3,8,20,40,7.2,54,NA,3.422,NA,NA,82,0.799455850197657,NA,90.5,5.8,20,55.38,1.05
"1527",1527,"03.008.60",2020,3,8,40,60,7.6,29,20,2.183,NA,NA,36,0.760767845890511,NA,125,3.7,20,52.7,1.05
"1528",1528,"03.008.80",2020,3,8,60,80,7.6,12,12,1.534,NA,NA,38,0.765676025541418,NA,131,2.6,20,53.04,1.05
"1529",1529,"03.008.100",2020,3,8,80,100,7.9,16,8,0.708,NA,NA,12.5,1.41398881413616,NA,38,1.2,20,97.95,1.05
"1530",1530,"03.009.10",2020,3,9,0,10,6.3,54,NA,2.301,NA,NA,136.5,2.2101244251582,NA,96,3.9,10,76.55,1.05
"1531",1531,"03.009.20",2020,3,9,10,20,6.3,41,NA,1.416,NA,NA,69.5,2.70902645085035,NA,47,2.4,10,93.83,1.05
"1532",1532,"03.009.40",2020,3,9,20,40,6.9,27,NA,0.472,NA,NA,68.5,1.50522321235301,NA,34,0.8,20,104.27,1.05
"1533",1533,"03.009.60",2020,3,9,40,60,7.1,91,NA,0.885,NA,NA,85,1.20654604477284,NA,31,1.5,20,83.58,1.05
"1534",1534,"03.009.80",2020,3,9,60,80,7,143,NA,1.062,NA,NA,26,1.5609454872133,NA,43,1.8,20,108.13,1.05
"1535",1535,"03.009.100",2020,3,9,80,100,7.2,124,NA,0.885,NA,NA,8.5,1.35321400139993,NA,39,1.5,20,93.74,1.05
"1536",1536,"04.010.10",2020,4,10,0,10,6.3,40,NA,3.717,NA,NA,74,2.13881146199503,NA,86,6.3,10,74.08,1.05
"1537",1537,"04.010.20",2020,4,10,10,20,6.1,30,NA,2.301,NA,NA,79.5,2.30366855497548,NA,50,3.9,10,79.79,1.05
"1538",1538,"04.010.40",2020,4,10,20,40,6.5,18,NA,1.829,NA,NA,36,0.763799368616071,NA,34,3.1,20,52.91,1.05
"1539",1539,"04.010.60",2020,4,10,40,60,7.3,11,NA,0.885,NA,NA,14.5,1.54982990388625,NA,21,1.5,20,107.36,1.05
"1540",1540,"04.010.80",2020,4,10,60,80,7.6,13,6,0.767,NA,NA,9.5,1.37342415290367,NA,24,1.3,20,95.14,1.05
"1541",1541,"04.010.100",2020,4,10,80,100,7.7,17,8,0.708,NA,NA,0,1.56224471123854,NA,19,1.2,20,108.22,1.05
"1542",1542,"04.011.10",2020,4,11,0,10,6.2,308,NA,20.827,NA,NA,32,0.880873889112694,NA,63,35.3,10,30.51,1.05
"1543",1543,"04.011.20",2020,4,11,10,20,5.7,77,NA,3.422,NA,NA,75,2.23293302471241,NA,59,5.8,10,77.34,1.05
"1544",1544,"04.011.40",2020,4,11,20,40,6,23,NA,2.065,NA,NA,20,1.26789829040918,NA,26,3.5,20,87.83,1.05
"1545",1545,"04.011.60",2020,4,11,40,60,5.9,9,NA,0.885,NA,NA,0,1.28998509883826,NA,24,1.5,20,89.36,1.05
"1546",1546,"04.011.80",2020,4,11,60,80,5.9,12,NA,0.826,NA,NA,15,1.01556011306257,NA,19,1.4,20,70.35,1.05
"1547",1547,"04.011.100",2020,4,11,80,100,6.3,10,NA,0.413,NA,NA,4,1.4375192048155,NA,18,0.7,20,99.58,1.05
"1548",1548,"04.012.10",2020,4,12,0,10,6,127.5,NA,3.4515,NA,NA,89,2.98013119745042,NA,107.5,5.85,10,103.22,1.05
"1549",1549,"04.012.20",2020,4,12,10,20,5.7,146,NA,2.478,NA,NA,67.5,2.33860324543193,NA,72,4.2,10,81,1.05
"1550",1550,"04.012.40",2020,4,12,20,40,5.5,113,NA,1.534,NA,NA,22.5,0.957528106601852,NA,44,2.6,20,66.33,1.05
"1551",1551,"04.012.60",2020,4,12,40,60,5.6,43,NA,0.944,NA,NA,5.5,1.49916016690189,NA,35,1.6,20,103.85,1.05
"1552",1552,"04.012.80",2020,4,12,60,80,6.1,52,NA,0.708,NA,NA,12.5,0.705334287480273,NA,35,1.2,20,48.86,1.05
"1553",1553,"04.012.100",2020,4,12,80,100,6.1,67,NA,0.944,NA,NA,17,1.16064012921437,NA,46,1.6,20,80.4,1.05
"1554",1554,"05.013.10",2020,5,13,0,10,7,58,NA,4.779,NA,NA,25.5,0.0303152272555991,NA,64,8.1,10,1.05,1.05
"1555",1555,"05.013.20",2020,5,13,10,20,7.1,51,NA,2.36,NA,NA,15.5,0.0303152272555991,NA,39,4,10,1.05,1.05
"1556",1556,"05.013.40",2020,5,13,20,40,7.2,24,NA,1.357,NA,NA,10.5,0.0151576136277996,NA,29,2.3,20,1.05,1.05
"1557",1557,"05.013.60",2020,5,13,40,60,7.2,14,NA,0.944,NA,NA,10.5,0.0151576136277996,NA,24,1.6,20,1.05,1.05
"1558",1558,"05.013.80",2020,5,13,60,80,7,15,NA,1.003,NA,NA,20.5,NA,NA,26,1.7,20,NA,1.05
"1559",1559,"05.013.100",2020,5,13,80,100,7.2,15,NA,0.531,NA,NA,8.5,NA,NA,17,0.9,20,NA,1.05
"1560",1560,"05.014.10",2020,5,14,0,10,5.3,257,NA,2.773,NA,NA,52.5,NA,NA,255,4.7,10,NA,1.05
"1561",1561,"05.014.20",2020,5,14,10,20,5.2,196,NA,1.711,NA,NA,40,NA,NA,82,2.9,10,NA,1.05
"1562",1562,"05.014.40",2020,5,14,20,40,6.1,139,NA,1.298,NA,NA,17,NA,NA,99,2.2,20,NA,1.05
"1563",1563,"05.014.60",2020,5,14,40,60,7.1,65,NA,0.413,NA,NA,3.5,NA,NA,47,0.7,20,NA,1.05
"1564",1564,"05.014.80",2020,5,14,60,80,7.3,66,NA,0.649,NA,NA,12,NA,NA,60,1.1,20,NA,1.05
"1565",1565,"05.014.100",2020,5,14,80,100,7.6,55,19,0.413,NA,NA,5,NA,NA,50,0.7,20,NA,1.05
"1566",1566,"05.015.10",2020,5,15,0,10,5.6,98,NA,4.307,NA,NA,42,NA,NA,154,7.3,10,NA,1.05
"1567",1567,"05.015.20",2020,5,15,10,20,5.4,104,NA,4.012,NA,NA,34,NA,NA,59,6.8,10,NA,1.05
"1568",1568,"05.015.40",2020,5,15,20,40,5.9,68,NA,2.773,NA,NA,22,NA,NA,33,4.7,20,NA,1.05
"1569",1569,"05.015.60",2020,5,15,40,60,5.9,32,NA,1.062,NA,NA,10,NA,NA,26,1.8,20,NA,1.05
"1570",1570,"05.015.80",2020,5,15,60,80,6.25,18,NA,0.7965,NA,NA,0,NA,NA,35.5,1.35,20,NA,1.05
"1571",1571,"05.015.100",2020,5,15,80,100,6.2,20,NA,0.767,NA,NA,13,NA,NA,52,1.3,20,NA,1.05
"1572",1572,"06.016.10",2020,6,16,0,10,5.8,101,NA,3.009,NA,NA,177.5,NA,NA,100,5.1,10,NA,1.05
"1573",1573,"06.016.20",2020,6,16,10,20,6.1,66,NA,1.947,NA,NA,118,NA,NA,80,3.3,10,NA,1.05
"1574",1574,"06.016.40",2020,6,16,20,40,6.3,36,NA,0.531,NA,NA,26,NA,NA,46,0.9,20,NA,1.05
"1575",1575,"06.016.60",2020,6,16,40,60,6.7,28,NA,0.413,NA,NA,12,NA,NA,42,0.7,20,NA,1.05
"1576",1576,"06.016.80",2020,6,16,60,80,7.1,22,NA,0.413,NA,NA,10.5,NA,NA,40,0.7,20,NA,1.05
"1577",1577,"06.016.100",2020,6,16,80,100,7.2,16,NA,0.354,NA,NA,27,NA,NA,31,0.6,20,NA,1.05
"1578",1578,"06.017.10",2020,6,17,0,10,5.5,98,NA,1.947,NA,NA,154,NA,NA,97,3.3,10,NA,1.05
"1579",1579,"06.017.20",2020,6,17,10,20,5.6,75,NA,1.475,NA,NA,104,NA,NA,58,2.5,10,NA,1.05
"1580",1580,"06.017.40",2020,6,17,20,40,6,70,NA,0.885,NA,NA,52.5,NA,NA,37,1.5,20,NA,1.05
"1581",1581,"06.017.60",2020,6,17,40,60,6.4,73,NA,0.708,NA,NA,19.5,NA,NA,46,1.2,20,NA,1.05
"1582",1582,"06.017.80",2020,6,17,60,80,6.5,68,NA,0.531,NA,NA,9,NA,NA,36,0.9,20,NA,1.05
"1583",1583,"06.017.100",2020,6,17,80,100,6.5,68,NA,0.472,NA,NA,8.5,NA,NA,34,0.8,20,NA,1.05
"1584",1584,"06.018.10",2020,6,18,0,10,7.6,134,84,4.307,NA,NA,38.5,NA,NA,368,7.3,10,NA,1.05
"1585",1585,"06.018.20",2020,6,18,10,20,7.5,160,87,4.189,NA,NA,34,NA,NA,360,7.1,10,NA,1.05
"1586",1586,"06.018.40",2020,6,18,20,40,6.8,150,NA,2.95,NA,NA,200.5,NA,NA,215,5,20,NA,1.05
"1587",1587,"06.018.60",2020,6,18,40,60,7.2,134,NA,1.416,NA,NA,263,NA,NA,101,2.4,20,NA,1.05
"1588",1588,"06.018.80",2020,6,18,60,80,7.5,135,45,1.062,NA,NA,105.5,NA,NA,119,1.8,20,NA,1.05
"1589",1589,"06.018.100",2020,6,18,80,100,7.4,101,NA,1.003,NA,NA,17.5,NA,NA,109,1.7,20,NA,1.05
"1590",1590,"07.019.10",2020,7,19,0,10,7.2,8,NA,2.773,NA,NA,25.5,2.1359242974945,NA,88,4.7,10,73.98,1.05
"1591",1591,"07.019.20",2020,7,19,10,20,7.3,7,NA,1.593,NA,NA,13,3.36123691152081,NA,63,2.7,10,116.42,1.05
"1592",1592,"07.019.40",2020,7,19,20,40,7.7,10.5,5,0.354,NA,NA,17,1.61017164194739,NA,32,0.6,20,111.54,1.05
"1593",1593,"07.019.60",2020,7,19,40,60,7.7,9,4,0.295,NA,NA,0,1.10347427210381,NA,34,0.5,20,76.44,1.05
"1594",1594,"07.019.80",2020,7,19,60,80,7.6,8,4,0.354,NA,NA,7,1.68740329233666,NA,26,0.6,20,116.89,1.05
"1595",1595,"07.019.100",2020,7,19,80,100,7.6,8,4,0.236,NA,NA,3,1.91808773592926,NA,17,0.4,20,132.87,1.05
"1596",1596,"07.020.10",2020,7,20,0,10,5.6,15,NA,3.068,NA,NA,91.5,2.8008382819673,NA,74,5.2,10,97.01,1.05
"1597",1597,"07.020.20",2020,7,20,10,20,5.3,14,NA,3.068,NA,NA,70,2.90160032303592,NA,46,5.2,10,100.5,1.05
"1598",1598,"07.020.40",2020,7,20,20,40,5.3,16,NA,2.773,NA,NA,0,1.29864659233986,NA,54,4.7,20,89.96,1.05
"1599",1599,"07.020.60",2020,7,20,40,60,5.3,12,NA,1.888,NA,NA,0,1.26674342460896,NA,51,3.2,20,87.75,1.05
"1600",1600,"07.020.80",2020,7,20,60,80,5.4,13,NA,1.003,NA,NA,9,1.29749172653964,NA,27,1.7,20,89.88,1.05
"1601",1601,"07.020.100",2020,7,20,80,100,5.6,11,NA,0.59,NA,NA,4.5,1.60569653697157,NA,31,1,20,111.23,1.05
"1602",1602,"07.021.10",2020,7,21,0,10,6.7,19,NA,2.301,NA,NA,46.5,NA,NA,71,3.9,10,NA,1.05
"1603",1603,"07.021.20",2020,7,21,10,20,6.4,10,NA,1.829,NA,NA,20.5,NA,NA,34,3.1,10,NA,1.05
"1604",1604,"07.021.40",2020,7,21,20,40,6,9,NA,2.124,NA,NA,0,NA,NA,36,3.6,20,NA,1.05
"1605",1605,"07.021.60",2020,7,21,40,60,6.2,15,NA,1.77,NA,NA,80,NA,NA,25,3,20,NA,1.05
"1606",1606,"07.021.80",2020,7,21,60,80,5.9,9,NA,0.944,NA,NA,24,NA,NA,32,1.6,20,NA,1.05
"1607",1607,"07.021.100",2020,7,21,80,100,6,8,NA,0.531,NA,NA,11,NA,NA,30,0.9,20,NA,1.05
"1608",1608,"08.022.10",2020,8,22,0,10,7.3,13,NA,3.422,NA,NA,68,2.75868568025952,NA,69,5.8,10,95.55,1.05
"1609",1609,"08.022.20",2020,8,22,10,20,7.5,13,6,1.593,NA,NA,37.5,2.15209241869748,NA,53,2.7,10,74.54,1.05
"1610",1610,"08.022.40",2020,8,22,20,40,7.8,9,4,0.413,NA,NA,11,1.18864562486954,NA,35,0.7,20,82.34,1.05
"1611",1611,"08.022.60",2020,8,22,40,60,7.8,12,5,0.236,NA,NA,12,1.75395243407395,NA,26,0.4,20,121.5,1.05
"1612",1612,"08.022.80",2020,8,22,60,80,7.9,10,4,0.236,NA,NA,0,1.61305880644793,NA,22,0.4,20,111.74,1.05
"1613",1613,"08.022.100",2020,8,22,80,100,8.2,8,2,0.177,NA,NA,3.5,1.68985738216211,NA,21,0.3,20,117.06,1.05
"1614",1614,"08.023.10",2020,8,23,0,10,7.1,14.5,NA,4.012,NA,NA,45,0.962291928027732,NA,52,6.8,10,33.33,1.05
"1615",1615,"08.023.20",2020,8,23,10,20,7.2,16,NA,4.366,NA,NA,83,1.63269152505155,NA,43,7.4,10,56.55,1.05
"1616",1616,"08.023.40",2020,8,23,20,40,7.5,11,7,2.478,NA,NA,75.5,0.845506123981162,NA,38,4.2,20,58.57,1.05
"1617",1617,"08.023.60",2020,8,23,40,60,7.6,17,9,1.593,NA,NA,24,0.80061071599787,NA,35,2.7,20,55.46,1.05
"1618",1618,"08.023.80",2020,8,23,60,80,7.7,12,7,1.121,NA,NA,10,1.1093929593299,NA,37,1.9,20,76.85,1.05
"1619",1619,"08.023.100",2020,8,23,80,100,7.6,14,8,0.649,NA,NA,59.5,1.33054976007075,NA,32,1.1,20,92.17,1.05
"1620",1620,"08.024.10",2020,8,24,0,10,6.3,69,NA,3.599,NA,NA,209,2.40356444669393,NA,72,6.1,10,83.25,1.05
"1621",1621,"08.024.20",2020,8,24,10,20,6.2,89,NA,3.127,NA,NA,129.5,2.51616386221473,NA,57,5.3,10,87.15,1.05
"1622",1622,"08.024.40",2020,8,24,20,40,6.2,69,NA,2.714,NA,NA,72.5,0.946268165049772,NA,54,4.6,20,65.55,1.05
"1623",1623,"08.024.60",2020,8,24,40,60,6.1,31,NA,1.416,NA,NA,21,1.18648025149414,NA,38,2.4,20,82.19,1.05
"1624",1624,"08.024.80",2020,8,24,60,80,6.3,36,NA,1.062,NA,NA,51,1.0113737245368,NA,33,1.8,20,70.06,1.05
"1625",1625,"08.024.100",2020,8,24,80,100,6.4,35,NA,1.298,NA,NA,34.5,0.628680069991115,NA,50,2.2,20,43.55,1.05
"1626",1626,"09.025.10",2020,9,25,0,10,7.5,11,6,2.596,NA,NA,48,2.76676974086101,NA,91,4.4,10,95.83,1.05
"1627",1627,"09.025.20",2020,9,25,10,20,7.7,18,8,1.121,NA,NA,53,2.70238597249912,NA,63,1.9,10,93.6,1.05
"1628",1628,"09.025.40",2020,9,25,20,40,7.7,16,8,1.18,NA,NA,60.5,1.46870058142126,NA,77,2,20,101.74,1.05
"1629",1629,"09.025.60",2020,9,25,40,60,7.8,26,9,0.826,NA,NA,46,1.4635036853203,NA,45,1.4,20,101.38,1.05
"1630",1630,"09.025.80",2020,9,25,60,80,7.8,29,15,0.826,NA,NA,92,1.16771368224067,NA,66,1.4,20,80.89,1.05
"1631",1631,"09.025.100",2020,9,25,80,100,8,18,11,0.885,NA,NA,48,1.18648025149414,NA,95,1.5,20,82.19,1.05
"1632",1632,"09.026.10",2020,9,26,0,10,7.4,18,NA,5.841,NA,NA,65.5,2.06461133433133,NA,146,9.9,10,71.51,1.05
"1633",1633,"09.026.20",2020,9,26,10,20,7.4,13,NA,2.36,NA,NA,61.5,2.22513768056097,NA,125,4,10,77.07,1.05
"1634",1634,"09.026.40",2020,9,26,20,40,7.8,9,4,0.944,NA,NA,55.5,1.3568229570256,NA,99,1.6,20,93.99,1.05
"1635",1635,"09.026.60",2020,9,26,40,60,8,4,2,0.413,NA,NA,24,1.56354393526378,NA,68,0.7,20,108.31,1.05
"1636",1636,"09.026.80",2020,9,26,60,80,8.1,6,2,0.354,NA,NA,19,1.36432958472699,NA,40,0.6,20,94.51,1.05
"1637",1637,"09.026.100",2020,9,26,80,100,8.2,6,2,0.295,NA,NA,12,1.87824486582191,NA,45,0.5,20,130.11,1.05
"1638",1638,"09.027.10",2020,9,27,0,10,7.1,21,NA,6.608,NA,NA,380,1.8451868322908,NA,94,11.2,10,63.91,1.05
"1639",1639,"09.027.20",2020,9,27,10,20,7.3,40,NA,2.537,NA,NA,91,2.49133424751014,NA,58,4.3,10,86.29,1.05
"1640",1640,"09.027.40",2020,9,27,20,40,7.6,45,11,0.708,NA,NA,99.5,0.625937263715608,NA,30,1.2,20,43.36,1.05
"1641",1641,"09.027.60",2020,9,27,40,60,7.6,92,36,0.59,NA,NA,46,0.92345956549556,NA,93,1,20,63.97,1.05
"1642",1642,"09.027.80",2020,9,27,60,80,7.8,13,13,0.472,NA,NA,15,1.68177332156062,NA,65,0.8,20,116.5,1.05
"1643",1643,"09.027.100",2020,9,27,80,100,7.6,21,24,1.239,NA,NA,NA,0.56833833192997,NA,83,2.1,20,39.37,1.05
"1644",1644,"10.028.10",2020,10,28,0,10,6.1,50,NA,1.416,NA,NA,24.5,2.99543316930325,NA,76,2.4,10,103.75,1.05
"1645",1645,"10.028.20",2020,10,28,10,20,6.4,39,NA,0.531,NA,NA,3.5,2.65301545954,NA,44,0.9,10,91.89,1.05
"1646",1646,"10.028.40",2020,10,28,20,40,6.5,43,NA,0.413,NA,NA,7.5,1.40778141046001,NA,54,0.7,20,97.52,1.05
"1647",1647,"10.028.60",2020,10,28,40,60,6.6,68,NA,0.531,NA,NA,7.5,1.74254813429684,NA,48,0.9,20,120.71,1.05
"1648",1648,"10.028.80",2020,10,28,60,80,6.7,51,NA,0.354,NA,NA,4,1.79018634855564,NA,35,0.6,20,124.01,1.05
"1649",1649,"10.028.100",2020,10,28,80,100,6.8,47,NA,0.354,NA,NA,7.5,1.29085124818842,NA,37,0.6,20,89.42,1.05
"1650",1650,"10.029.10",2020,10,29,0,10,5.9,100,NA,2.773,NA,NA,31.5,2.1705702715009,NA,228,4.7,10,75.18,1.05
"1651",1651,"10.029.20",2020,10,29,10,20,5.9,97,NA,0.885,NA,NA,10.5,2.59584960242944,NA,162,1.5,10,89.91,1.05
"1652",1652,"10.029.40",2020,10,29,20,40,6,129,NA,0.708,NA,NA,8.5,1.12094161733203,NA,182,1.2,20,77.65,1.05
"1653",1653,"10.029.60",2020,10,29,40,60,5.7,79,NA,0.531,NA,NA,3.5,0.994195095758624,NA,135,0.9,20,68.87,1.05
"1654",1654,"10.029.80",2020,10,29,60,80,6.1,75,NA,0.59,NA,NA,9,0.997226618484184,NA,125,1,20,69.08,1.05
"1655",1655,"10.029.100",2020,10,29,80,100,6.1,73,NA,0.472,NA,NA,0,0.820387792826523,NA,137,0.8,20,56.83,1.05
"1656",1656,"10.030.10",2020,10,30,0,10,6.8,146,NA,2.478,NA,NA,15,2.50172803971206,NA,255,4.2,10,86.65,1.05
"1657",1657,"10.030.20",2020,10,30,10,20,6.8,135,NA,2.242,NA,NA,28,2.92960581869109,NA,191,3.8,10,101.47,1.05
"1658",1658,"10.030.40",2020,10,30,20,40,6.9,138.5,NA,0.8555,NA,NA,14.5,1.22574568870139,NA,150.5,1.45,20,84.91,1.05
"1659",1659,"10.030.60",2020,10,30,40,60,6.9,126,NA,0.649,NA,NA,38,1.48255897102382,NA,95,1.1,20,102.7,1.05
"1660",1660,"10.030.80",2020,10,30,60,80,6.9,99,NA,0.413,NA,NA,5,1.63630048067722,NA,72,0.7,20,113.35,1.05
"1661",1661,"10.030.100",2020,10,30,80,100,7.2,126,NA,0.944,NA,NA,0,0.689743599177393,NA,111,1.6,20,47.78,1.05
"1662",1662,"11.031.10",2020,11,31,0,10,7.3,35.5,NA,3.068,NA,NA,85,2.05566112437967,NA,180,5.2,10,71.2,1.05
"1663",1663,"11.031.20",2020,11,31,10,20,7.8,8,5.5,0.944,NA,NA,34,2.20001934940634,NA,163,1.6,10,76.2,1.05
"1664",1664,"11.031.40",2020,11,31,20,40,7.8,3,3,0.767,NA,NA,23.5,1.17940669846783,NA,205,1.3,20,81.7,1.05
"1665",1665,"11.031.60",2020,11,31,40,60,7.8,8,4,1.298,NA,NA,30.5,0.607748127362249,NA,118,2.2,20,42.1,1.05
"1666",1666,"11.031.80",2020,11,31,60,80,7.9,11,5,1.18,NA,NA,98,1.05843450589549,NA,102,2,20,73.32,1.05
"1667",1667,"11.031.100",2020,11,31,80,100,7.9,13,5,0.944,NA,NA,77,1.10766066062958,NA,77,1.6,20,76.73,1.05
"1668",1668,"11.032.10",2020,11,32,0,10,7.4,76,62,3.835,NA,NA,42.5,1.22791106207679,NA,265,6.5,10,42.53,1.05
"1669",1669,"11.032.20",2020,11,32,10,20,7.5,2,35,2.301,NA,NA,17.5,1.93815352920797,NA,269,3.9,10,67.13,1.05
"1670",1670,"11.032.40",2020,11,32,20,40,7.1,45,NA,3.658,NA,NA,72,0.707644019080699,NA,222,6.2,20,49.02,1.05
"1671",1671,"11.032.60",2020,11,32,40,60,8,5,16,0.413,NA,NA,12,1.68105153043548,NA,91,0.7,20,116.45,1.05
"1672",1672,"11.032.80",2020,11,32,60,80,8.1,21,11,0.295,NA,NA,0,1.29907966701494,NA,56,0.5,20,89.99,1.05
"1673",1673,"11.032.100",2020,11,32,80,100,7.8,12,11,0.413,NA,NA,0,1.4391071452908,NA,80,0.7,20,99.69,1.05
"1674",1674,"11.033.10",2020,11,33,0,10,7.5,48,36,2.36,NA,NA,41.5,2.58054763057662,NA,203,4,10,89.38,1.05
"1675",1675,"11.033.20",2020,11,33,10,20,7.7,21,18,1.652,NA,NA,30,2.43561197264985,NA,169,2.8,10,84.36,1.05
"1676",1676,"11.033.40",2020,11,33,20,40,7.8,17,16,0.767,NA,NA,23.5,1.10881552642979,NA,119,1.3,20,76.81,1.05
"1677",1677,"11.033.60",2020,11,33,40,60,7.9,1,5,0.59,NA,NA,19.5,1.82295566563669,NA,114,1,20,126.28,1.05
"1678",1678,"11.033.80",2020,11,33,60,80,8,1,8,0.531,NA,NA,14,1.32448671461963,NA,79,0.9,20,91.75,1.05
"1679",1679,"11.033.100",2020,11,33,80,100,7.9,1,9,0.649,NA,NA,24,1.52889796125738,NA,109,1.1,20,105.91,1.05
"1680",1680,"12.034.10",2020,12,34,0,10,6.1,12,NA,3.363,NA,NA,34.5,2.01697312007253,NA,84,5.7,10,69.86,1.05
"1681",1681,"12.034.20",2020,12,34,10,20,5.8,16,NA,1.593,NA,NA,24.5,2.36401029303662,NA,52,2.7,10,81.88,1.05
"1682",1682,"12.034.40",2020,12,34,20,40,6.5,19,NA,0.649,NA,NA,9,1.37472337692891,NA,40,1.1,20,95.23,1.05
"1683",1683,"12.034.60",2020,12,34,40,60,6.4,35,NA,0.531,NA,NA,0,1.47115467124672,NA,74,0.9,20,101.91,1.05
"1684",1684,"12.034.80",2020,12,34,60,80,6.9,30.5,NA,0.472,NA,NA,0,1.32232134124423,NA,70,0.8,20,91.6,1.05
"1685",1685,"12.034.100",2020,12,34,80,100,7,24,NA,0.413,NA,NA,0,1.44820171346748,NA,59,0.7,20,100.32,1.05
"1686",1686,"12.035.10",2020,12,35,0,10,5.9,12,NA,2.773,NA,NA,162.5,3.05346517576396,NA,71,4.7,10,105.76,1.05
"1687",1687,"12.035.20",2020,12,35,10,20,6.1,10,NA,1.947,NA,NA,107,1.99098863956773,NA,52,3.3,10,68.96,1.05
"1688",1688,"12.035.40",2020,12,35,20,40,6.5,10,NA,1.18,NA,NA,55.5,1.19456431209563,NA,53,2,20,82.75,1.05
"1689",1689,"12.035.60",2020,12,35,40,60,6.8,16,NA,0.531,NA,NA,10.5,1.21029935862354,NA,84,0.9,20,83.84,1.05
"1690",1690,"12.035.80",2020,12,35,60,80,6.9,19,NA,0.413,NA,NA,7,1.24306867570459,NA,76,0.7,20,86.11,1.05
"1691",1691,"12.035.100",2020,12,35,80,100,6.7,28,NA,0.354,NA,NA,5,1.41615418751156,NA,57,0.6,20,98.1,1.05
"1692",1692,"12.036.10",2020,12,36,0,10,6.7,26,NA,3.068,NA,NA,60,1.77474001847779,NA,77,5.2,10,61.47,1.05
"1693",1693,"12.036.20",2020,12,36,10,20,6.5,26,NA,2.1535,NA,NA,54,3.15798053068327,NA,52,3.65,10,109.38,1.05
"1694",1694,"12.036.40",2020,12,36,20,40,6.6,23,NA,0.767,NA,NA,21.5,1.23325231640278,NA,45,1.3,20,85.43,1.05
"1695",1695,"12.036.60",2020,12,36,40,60,6.7,28,NA,0.531,NA,NA,0,0.659572730146821,NA,49,0.9,20,45.69,1.05
"1696",1696,"12.036.80",2020,12,36,60,80,6.8,21,NA,0.531,NA,NA,5.5,1.36519573407715,NA,67,0.9,20,94.57,1.05
"1697",1697,"12.036.100",2020,12,36,80,100,6.9,18,NA,0.413,NA,NA,1,1.29547071138927,NA,54,0.7,20,89.74,1.05
"1698",1698,"13.037.10",2020,13,37,0,10,5.6,90,NA,3.894,NA,NA,74.5,2.3839317280903,NA,55,6.6,10,82.57,1.05
"1699",1699,"13.037.20",2020,13,37,10,20,5.8,74,NA,2.065,NA,NA,60,2.47949687305795,NA,44,3.5,10,85.88,1.05
"1700",1700,"13.037.40",2020,13,37,20,40,6.3,42,NA,1.357,NA,NA,10,1.58288793741735,NA,38,2.3,20,109.65,1.05
"1701",1701,"13.037.60",2020,13,37,40,60,6.5,31,NA,1.357,NA,NA,15.5,1.71281033994135,NA,32,2.3,20,118.65,1.05
"1702",1702,"13.037.80",2020,13,37,60,80,6.2,40,NA,1.534,NA,NA,14.5,1.48616792664949,NA,99,2.6,20,102.95,1.05
"1703",1703,"13.037.100",2020,13,37,80,100,6.8,15,NA,1.003,NA,NA,8.5,1.60699576099681,NA,33,1.7,20,111.32,1.05
"1704",1704,"13.038.10",2020,13,38,0,10,6.7,41,NA,1.652,NA,NA,207,2.32734330387985,NA,76,2.8,10,80.61,1.05
"1705",1705,"13.038.20",2020,13,38,10,20,6.7,50,NA,1.475,NA,NA,255,2.40818390989478,NA,45,2.5,10,83.41,1.05
"1706",1706,"13.038.40",2020,13,38,20,40,7,31,NA,0.885,NA,NA,88.5,1.55979062141309,NA,41,1.5,20,108.05,1.05
"1707",1707,"13.038.60",2020,13,38,40,60,6.9,31,NA,0.885,NA,NA,32,1.61926621012407,NA,43,1.5,20,112.17,1.05
"1708",1708,"13.038.80",2020,13,38,60,80,7,36,NA,1.062,NA,NA,18,1.46263753597014,NA,31,1.8,20,101.32,1.05
"1709",1709,"13.038.100",2020,13,38,80,100,7.1,18,NA,0.708,NA,NA,14,1.33719023842197,NA,36,1.2,20,92.63,1.05
"1710",1710,"13.039.10",2020,13,39,0,10,7,59,NA,2.773,NA,NA,124,1.98146099671597,NA,111,4.7,10,68.63,1.05
"1711",1711,"13.039.20",2020,13,39,10,20,6.8,46,NA,2.183,NA,NA,112,3.44785184653681,NA,58,3.7,10,119.42,1.05
"1712",1712,"13.039.40",2020,13,39,20,40,6.9,42,NA,1.239,NA,NA,75.5,1.15847475583897,NA,30,2.1,20,80.25,1.05
"1713",1713,"13.039.60",2020,13,39,40,60,6.9,36,NA,0.826,NA,NA,16,1.17031213029115,NA,29,1.4,20,81.07,1.05
"1714",1714,"13.039.80",2020,13,39,60,80,6.9,27,NA,0.59,NA,NA,19.5,1.30976217566691,NA,32,1,20,90.73,1.05
"1715",1715,"13.039.100",2020,13,39,80,100,7,24,NA,0.236,NA,NA,13.5,1.39348994618237,NA,29,0.4,20,96.53,1.05
"1716",1716,"14.040.10",2020,14,40,0,10,7.3,9,NA,3.717,NA,NA,18.5,2.32358999002916,NA,88,6.3,10,80.48,1.05
"1717",1717,"14.040.20",2020,14,40,10,20,7.6,18,4,1.534,NA,NA,24.5,2.8608913035784,NA,80,2.6,10,99.09,1.05
"1718",1718,"14.040.40",2020,14,40,20,40,7.9,0,1,0.531,NA,NA,24.5,1.55820268093779,NA,71,0.9,20,107.94,1.05
"1719",1719,"14.040.60",2020,14,40,40,60,8.1,0,1,0.354,NA,NA,14,1.5003150327021,NA,56,0.6,20,103.93,1.05
"1720",1720,"14.040.80",2020,14,40,60,80,8.2,1,1,0.59,NA,NA,3,1.85124987774192,NA,48,1,20,128.24,1.05
"1721",1721,"14.040.100",2020,14,40,80,100,8.2,0,1,0.472,NA,NA,10,2.03761634625134,NA,41,0.8,20,141.15,1.05
"1722",1722,"14.041.10",2020,14,41,0,10,7.4,46,24,1.711,NA,NA,40,3.62829962782013,NA,110,2.9,10,125.67,1.05
"1723",1723,"14.041.20",2020,14,41,10,20,7.5,33,20,1.829,NA,NA,29.5,3.09128703072095,NA,111,3.1,10,107.07,1.05
"1724",1724,"14.041.40",2020,14,41,20,40,7.7,10,8,0.885,NA,NA,100,0.820532151051549,NA,145,1.5,20,56.84,1.05
"1725",1725,"14.041.60",2020,14,41,40,60,7.8,9,6,0.826,NA,NA,29,1.27641542568575,NA,204,1.4,20,88.42,1.05
"1726",1726,"14.041.80",2020,14,41,60,80,7.9,7,6,0.649,NA,NA,9,1.48703407599965,NA,157,1.1,20,103.01,1.05
"1727",1727,"14.041.100",2020,14,41,80,100,7.8,7,8,0.531,NA,NA,20.5,1.27352826118522,NA,80,0.9,20,88.22,1.05
"1728",1728,"14.042.10",2020,14,42,0,10,7.2,18,NA,3.363,NA,NA,70,2.2880778666726,NA,132,5.7,10,79.25,1.05
"1729",1729,"14.042.20",2020,14,42,10,20,7.5,8,6,1.239,NA,NA,104.5,2.5008618903619,NA,90,2.1,10,86.62,1.05
"1730",1730,"14.042.40",2020,14,42,20,40,7.6,17,7,1.18,NA,NA,28.5,1.29301662156382,NA,83,2,20,89.57,1.05
"1731",1731,"14.042.60",2020,14,42,40,60,7.6,9,7,0.59,NA,NA,7,1.63124794280129,NA,98,1,20,113,1.05
"1732",1732,"14.042.80",2020,14,42,60,80,7.5,9,8,0.649,NA,NA,2,1.41976314313723,NA,87,1.1,20,98.35,1.05
"1733",1733,"14.042.100",2020,14,42,80,100,7.5,18,11,0.708,NA,NA,2.5,1.35581244945041,NA,79,1.2,20,93.92,1.05
"1734",1734,"15.043.10",2020,15,43,0,10,6.8,67,NA,2.419,NA,NA,111.5,3.02921299395948,NA,81,4.1,10,104.92,1.05
"1735",1735,"15.043.20",2020,15,43,10,20,6.9,67,NA,2.006,NA,NA,148,2.07182924558266,NA,65,3.4,10,71.76,1.05
"1736",1736,"15.043.40",2020,15,43,20,40,7.3,68,NA,1.062,NA,NA,83,1.71887338539247,NA,44,1.8,20,119.07,1.05
"1737",1737,"15.043.60",2020,15,43,40,60,7.6,46,21,1.062,NA,NA,26.5,1.39103585635692,NA,43,1.8,20,96.36,1.05
"1738",1738,"15.043.80",2020,15,43,60,80,7.5,40,18,1.888,NA,NA,16,0.862396036309281,NA,55,3.2,20,59.74,1.05
"1739",1739,"15.043.100",2020,15,43,80,100,7.7,38,19,1.062,NA,NA,11,1.47303132817206,NA,52,1.8,20,102.04,1.05
"1740",1740,"15.044.10",2020,15,44,0,10,7.5,52,18,5.192,NA,NA,16,NA,NA,137,8.8,10,NA,1.05
"1741",1741,"15.044.20",2020,15,44,10,20,7.4,67,NA,4.779,NA,NA,25.5,1.59920041684537,NA,172,8.1,10,55.39,1.05
"1742",1742,"15.044.40",2020,15,44,20,40,6.7,66,NA,2.773,NA,NA,29,1.69317762133772,NA,215,4.7,20,117.29,1.05
"1743",1743,"15.044.60",2020,15,44,40,60,7.1,49,NA,1.18,NA,NA,26,1.28709793433772,NA,96,2,20,89.16,1.05
"1744",1744,"15.044.80",2020,15,44,60,80,7.1,94,NA,1.829,NA,NA,81.5,1.32506414751973,NA,87,3.1,20,91.79,1.05
"1745",1745,"15.044.100",2020,15,44,80,100,7,83,NA,2.596,NA,NA,14.5,1.21073243329862,NA,94,4.4,20,83.87,1.05
"1746",1746,"15.045.10",2020,15,45,0,10,6.8,82,NA,1.947,NA,NA,44.5,3.39184085522646,NA,162,3.3,10,117.48,1.05
"1747",1747,"15.045.20",2020,15,45,10,20,6.8,79,NA,1.475,NA,NA,29.5,2.32763202032991,NA,112,2.5,10,80.62,1.05
"1748",1748,"15.045.40",2020,15,45,20,40,6.7,63,NA,1.652,NA,NA,27.5,1.15457708376325,NA,75,2.8,20,79.98,1.05
"1749",1749,"15.045.60",2020,15,45,40,60,6.9,132,NA,1.711,NA,NA,108.5,1.37515645160399,NA,58,2.9,20,95.26,1.05
"1750",1750,"15.045.80",2020,15,45,60,80,6.8,91,NA,1.888,NA,NA,37.5,1.25562784128191,NA,57,3.2,20,86.98,1.05
"1751",1751,"15.045.100",2020,15,45,80,100,6.9,82,NA,1.121,NA,NA,11.5,1.18171643006826,NA,72,1.9,20,81.86,1.05
"1752",1752,"16.046.10",2020,16,46,0,10,6.4,21,NA,3.245,NA,NA,385.5,2.2404396524138,NA,78,5.5,10,77.6,1.05
"1753",1753,"16.046.20",2020,16,46,10,20,6.5,24,NA,2.891,NA,NA,327.5,2.38306557874014,NA,72,4.9,10,82.54,1.05
"1754",1754,"16.046.40",2020,16,46,20,40,6.5,27,NA,2.537,NA,NA,113,1.31149447436723,NA,51,4.3,20,90.85,1.05
"1755",1755,"16.046.60",2020,16,46,40,60,6.6,29,NA,2.36,NA,NA,73,0.630123652241382,NA,48,4,20,43.65,1.05
"1756",1756,"16.046.80",2020,16,46,60,80,5.9,12,NA,1.711,NA,NA,22,1.4001304245336,NA,42,2.9,20,96.99,1.05
"1757",1757,"16.046.100",2020,16,46,80,100,5.5,11,NA,1.416,NA,NA,34.5,0.90786887719268,NA,52,2.4,20,62.89,1.05
"1758",1758,"16.047.10",2020,16,47,0,10,7,256,NA,7.375,NA,NA,62.5,0.987410259182371,NA,256,12.5,10,34.2,1.05
"1759",1759,"16.047.20",2020,16,47,10,20,7.1,169,NA,5.546,NA,NA,104,1.25100837808106,NA,306,9.4,10,43.33,1.05
"1760",1760,"16.047.40",2020,16,47,20,40,6.9,273,NA,6.313,NA,NA,105,0.436683630705654,NA,436,10.7,20,30.25,1.05
"1761",1761,"16.047.60",2020,16,47,40,60,6.9,168,NA,4.071,NA,NA,150.5,0.773904444367937,NA,215,6.9,20,53.61,1.05
"1762",1762,"16.047.80",2020,16,47,60,80,6.9,160,NA,3.245,NA,NA,80.5,0.961281420452545,NA,155,5.5,20,66.59,1.05
"1763",1763,"16.047.100",2020,16,47,80,100,6.8,189,NA,4.779,NA,NA,72.5,1.55459372531213,NA,153,8.1,20,107.69,1.05
"1764",1764,"16.048.10",2020,16,48,0,10,6.7,259,NA,4.366,NA,NA,106.5,1.69389941246286,NA,230,7.4,10,58.67,1.05
"1765",1765,"16.048.20",2020,16,48,10,20,6.1,215,NA,2.714,NA,NA,532,2.87965787283186,NA,134,4.6,10,99.74,1.05
"1766",1766,"16.048.40",2020,16,48,20,40,6.7,138,NA,2.124,NA,NA,106.5,1.28334462048703,NA,105,3.6,20,88.9,1.05
"1767",1767,"16.048.60",2020,16,48,40,60,7,70,NA,1.534,NA,NA,81,0.606881978012089,NA,72,2.6,20,42.04,1.05
"1768",1768,"16.048.80",2020,16,48,60,80,7.1,31,NA,0.826,NA,NA,27,0.915375504894066,NA,46,1.4,20,63.41,1.05
"1769",1769,"16.048.100",2020,16,48,80,100,7.2,68,NA,1.534,NA,NA,NA,0.286695434902952,NA,67,2.6,20,19.86,1.05
"1770",1770,"17.049.10",2020,17,49,0,10,7.2,65,NA,2.655,NA,NA,165,3.00986899180591,NA,84,4.5,10,104.25,1.05
"1771",1771,"17.049.20",2020,17,49,10,20,7.1,65,NA,2.36,NA,NA,166.5,3.64129186807253,NA,80,4,10,126.12,1.05
"1772",1772,"17.049.40",2020,17,49,20,40,7.4,39,NA,1.121,NA,NA,102,1.12267391603235,NA,59,1.9,20,77.77,1.05
"1773",1773,"17.049.60",2020,17,49,40,60,7.6,32,17,0.649,NA,NA,29.5,1.51402906407964,NA,73,1.1,20,104.88,1.05
"1774",1774,"17.049.80",2020,17,49,60,80,7.5,25,14,1.003,NA,NA,53.5,1.08225361302489,NA,96,1.7,20,74.97,1.05
"1775",1775,"17.049.100",2020,17,49,80,100,7.5,49,18,1.239,NA,NA,30,0.766686533116604,NA,83,2.1,20,53.11,1.05
"1776",1776,"17.050.10",2020,17,50,0,10,7,130,NA,4.307,NA,NA,263,2.18904812430431,NA,169,7.3,10,75.82,1.05
"1777",1777,"17.050.20",2020,17,50,10,20,7.2,99,NA,2.832,NA,NA,225,2.26238210261785,NA,168,4.8,10,78.36,1.05
"1778",1778,"17.050.40",2020,17,50,20,40,7.3,81,NA,2.537,NA,NA,184.5,1.55372757596197,NA,143,4.3,20,107.63,1.05
"1779",1779,"17.050.60",2020,17,50,40,60,7.6,42,23,1.534,NA,NA,144,1.37761054142944,NA,144,2.6,20,95.43,1.05
"1780",1780,"17.050.80",2020,17,50,60,80,7.8,31,17,1.062,NA,NA,47.5,1.34686223949876,NA,142,1.8,20,93.3,1.05
"1781",1781,"17.050.100",2020,17,50,80,100,7.7,30,19,1.003,NA,NA,29,1.41240087366087,NA,121,1.7,20,97.84,1.05
"1782",1782,"17.051.10",2020,17,51,0,10,6.9,36,NA,1.888,NA,NA,65.5,3.64129186807253,NA,90,3.2,10,126.12,1.05
"1783",1783,"17.051.20",2020,17,51,10,20,7.1,40,NA,0.944,NA,NA,25.5,3.69326082908213,NA,83,1.6,10,127.92,1.05
"1784",1784,"17.051.40",2020,17,51,20,40,7.2,40,NA,1.239,NA,NA,32,1.57032877184003,NA,68,2.1,20,108.78,1.05
"1785",1785,"17.051.60",2020,17,51,40,60,7.8,19,11,0.708,NA,NA,215,1.69837451743868,NA,71,1.2,20,117.65,1.05
"1786",1786,"17.051.80",2020,17,51,60,80,7.8,1,11.5,0.9145,NA,NA,470,1.53019718528262,NA,60,1.55,20,106,1.05
"1787",1787,"17.051.100",2020,17,51,80,100,7.8,35,10,0.944,NA,NA,101.5,1.27915823196126,NA,68,1.6,20,88.61,1.05
"1788",1788,"18.052.10",2020,18,52,0,10,6.5,113,NA,5.192,NA,NA,102.5,2.72837045300392,NA,194,8.8,10,94.5,1.05
"1789",1789,"18.052.20",2020,18,52,10,20,6.7,104,NA,3.304,NA,NA,89,1.6632954687572,NA,116,5.6,10,57.61,1.05
"1790",1790,"18.052.40",2020,18,52,20,40,7.4,41,NA,0.885,NA,NA,37.5,1.09741122665269,NA,120,1.5,20,76.02,1.05
"1791",1791,"18.052.60",2020,18,52,40,60,7.5,55,25,1.062,NA,NA,103.5,1.36317471892677,NA,71,1.8,20,94.43,1.05
"1792",1792,"18.052.80",2020,18,52,60,80,7.6,51,19,0.472,NA,NA,85.5,1.6503032285048,NA,45,0.8,20,114.32,1.05
"1793",1793,"18.052.100",2020,18,52,80,100,7.6,37,16,0.413,NA,NA,14.5,1.4331884580647,NA,54,0.7,20,99.28,1.05
"1794",1794,"18.053.10",2020,18,53,0,10,7.2,145,NA,6.785,NA,NA,141,2.34726473893353,NA,219,11.5,10,81.3,1.05
"1795",1795,"18.053.20",2020,18,53,10,20,7.3,135,NA,6.785,NA,NA,127,1.36909340615287,NA,205,11.5,10,47.42,1.05
"1796",1796,"18.053.40",2020,18,53,20,40,7.4,111,NA,2.714,NA,NA,365,1.05583605784501,NA,145,4.6,20,73.14,1.05
"1797",1797,"18.053.60",2020,18,53,40,60,7.3,56,NA,0.708,NA,NA,60,1.34108791049769,NA,105,1.2,20,92.9,1.05
"1798",1798,"18.053.80",2020,18,53,60,80,7.9,18,7,0.177,NA,NA,1.5,1.47938309007324,NA,46,0.3,20,102.48,1.05
"1799",1799,"18.053.100",2020,18,53,80,100,7.7,26,12,0.472,NA,NA,15,1.6345681819769,NA,48,0.8,20,113.23,1.05
"1800",1800,"18.054.10",2020,18,54,0,10,7.1,160,NA,3.717,NA,NA,190.5,3.00842540955565,NA,520,6.3,10,104.2,1.05
"1801",1801,"18.054.20",2020,18,54,10,20,7.1,101,NA,2.006,NA,NA,95.5,1.87636820889656,NA,340,3.4,10,64.99,1.05
"1802",1802,"18.054.40",2020,18,54,20,40,7.2,72,NA,0.826,NA,NA,27,1.41557675461145,NA,448,1.4,20,98.06,1.05
"1803",1803,"18.054.60",2020,18,54,40,60,7,81,NA,0.767,NA,NA,23.5,1.58620817659297,NA,396,1.3,20,109.88,1.05
"1804",1804,"18.054.80",2020,18,54,60,80,7,90,NA,0.826,NA,NA,19.5,1.25403990080662,NA,372,1.4,20,86.87,1.05
"1805",1805,"18.054.100",2020,18,54,80,100,7.4,66,NA,0.826,NA,NA,50,0.649756370845008,NA,202,1.4,20,45.01,1.05
"1806",1806,"19.055.10",2020,19,55,0,10,7,28,NA,2.714,NA,NA,15,2.1359242974945,NA,88,4.6,10,73.98,1.05
"1807",1807,"19.055.20",2020,19,55,10,20,7.2,39,NA,1.357,NA,NA,29,1.76001547952507,NA,89,2.3,10,60.96,1.05
"1808",1808,"19.055.40",2020,19,55,20,40,7.6,26.5,8.5,0.59,NA,NA,NA,1.27583799278564,NA,61.5,1,20,88.38,1.05
"1809",1809,"19.055.60",2020,19,55,40,60,7.5,18,9,0.7375,NA,NA,23,1.81761441131071,NA,42,1.25,20,125.91,1.05
"1810",1810,"19.055.80",2020,19,55,60,80,7.5,18,6,0.59,NA,NA,0,0.663326043997514,NA,35,1,20,45.95,1.05
"1811",1811,"19.055.100",2020,19,55,80,100,7.7,21,11,0.826,NA,NA,17.5,1.41904135201209,NA,43,1.4,20,98.3,1.05
"1812",1812,"19.056.10",2020,19,56,0,10,7.2,34,NA,2.478,NA,NA,249.5,1.80880855958408,NA,64,4.2,10,62.65,1.05
"1813",1813,"19.056.20",2020,19,56,10,20,7.2,44,NA,2.655,NA,NA,338.5,1.52933103593246,NA,60,4.5,10,52.97,1.05
"1814",1814,"19.056.40",2020,19,56,20,40,7.4,22,NA,1.534,NA,NA,292,1.02176751673872,NA,36,2.6,20,70.78,1.05
"1815",1815,"19.056.60",2020,19,56,40,60,7.6,17,7,0.826,NA,NA,125.5,1.11949803508177,NA,32,1.4,20,77.55,1.05
"1816",1816,"19.056.80",2020,19,56,60,80,7.4,11,NA,1.003,NA,NA,19.5,1.44877914636758,NA,31,1.7,20,100.36,1.05
"1817",1817,"19.056.100",2020,19,56,80,100,7.3,14,NA,0.826,NA,NA,45,1.11978675153182,NA,39,1.4,20,77.57,1.05
"1818",1818,"19.057.10",2020,19,57,0,10,NA,NA,NA,NA,NA,NA,67.5,0.857776573108428,NA,NA,NA,10,29.71,1.05
"1819",1819,"19.057.20",2020,19,57,10,20,7.3,77,NA,5.605,NA,NA,94.5,1.63355767440171,NA,292,9.5,10,56.58,1.05
"1820",1820,"19.057.40",2020,19,57,20,40,6.8,25,NA,2.301,NA,NA,159.5,1.01916906868824,NA,73,3.9,20,70.6,1.05
"1821",1821,"19.057.60",2020,19,57,40,60,6.9,23,NA,1.711,NA,NA,206.5,0.641239235568435,NA,47,2.9,20,44.42,1.05
"1822",1822,"19.057.80",2020,19,57,60,80,7,19,NA,1.475,NA,NA,78.5,0.992895871733384,NA,35,2.5,20,68.78,1.05
"1823",1823,"19.057.100",2020,19,57,80,100,7,15,NA,1.534,NA,NA,24.5,1.31726880336829,NA,42,2.6,20,91.25,1.05
"1824",1824,"20.058.10",2020,20,58,0,10,5.9,63,NA,2.006,NA,NA,116,3.19580238564025,NA,80,3.4,10,110.69,1.05
"1825",1825,"20.058.20",2020,20,58,10,20,6.6,71,NA,1.18,NA,NA,14.5,2.15873289704871,NA,67,2,10,74.77,1.05
"1826",1826,"20.058.40",2020,20,58,20,40,6.8,79,NA,0.59,NA,NA,0,0.967777540578745,NA,49,1,20,67.04,1.05
"1827",1827,"20.058.60",2020,20,58,40,60,6.9,59,NA,0.413,NA,NA,0,0.971097779754358,NA,57,0.7,20,67.27,1.05
"1828",1828,"20.058.80",2020,20,58,60,80,6.8,48,NA,0.295,NA,NA,0,0.985966676932104,NA,49,0.5,20,68.3,1.05
"1829",1829,"20.058.100",2020,20,58,80,100,6.8,37,NA,0.177,NA,NA,0,1.21347523957412,NA,39,0.3,20,84.06,1.05
"1830",1830,"20.059.10",2020,20,59,0,10,NA,NA,NA,NA,NA,NA,21.5,0.696095361078566,NA,NA,NA,10,24.11,1.05
"1831",1831,"20.059.20",2020,20,59,10,20,6.8,463,NA,4.602,NA,NA,18.5,2.09463784513687,NA,528,7.8,10,72.55,1.05
"1832",1832,"20.059.40",2020,20,59,20,40,6.2,391,NA,2.124,NA,NA,20,0.732906708460365,NA,95,3.6,20,50.77,1.05
"1833",1833,"20.059.60",2020,20,59,40,60,5.8,232,NA,0.767,NA,NA,5,1.37385722757875,NA,79,1.3,20,95.17,1.05
"1834",1834,"20.059.80",2020,20,59,60,80,4.9,106,NA,0.531,NA,NA,0,1.36923776437789,NA,69,0.9,20,94.85,1.05
"1835",1835,"20.059.100",2020,20,59,80,100,4.9,51,NA,0.531,NA,NA,0,1.41456624703627,NA,75,0.9,20,97.99,1.05
"1836",1836,"20.060.10",2020,20,60,0,10,6.4,92,NA,1.5045,NA,NA,15,3.3470898054682,NA,94,2.55,10,115.93,1.05
"1837",1837,"20.060.20",2020,20,60,10,20,6.2,57,NA,0.767,NA,NA,11,3.65168566027445,NA,63,1.3,10,126.48,1.05
"1838",1838,"20.060.40",2020,20,60,20,40,6.4,51,NA,0.531,NA,NA,5,1.0249433976893,NA,45,0.9,20,71,1.05
"1839",1839,"20.060.60",2020,20,60,40,60,6.4,70,NA,0.472,NA,NA,6,1.09842173422787,NA,40,0.8,20,76.09,1.05
"1840",1840,"20.060.80",2020,20,60,60,80,6.3,85,NA,0.649,NA,NA,13.5,0.910322967018133,NA,37,1.1,20,63.06,1.05
"1841",1841,"20.060.100",2020,20,60,80,100,5.6,71,NA,0.708,NA,NA,0,1.9123134069282,NA,41,1.2,20,132.47,1.05
"1842",1842,"21.061.10",2020,21,61,0,10,7,55,NA,3.776,NA,NA,243,2.6091305591319,NA,110,6.4,10,90.37,1.05
"1843",1843,"21.061.20",2020,21,61,10,20,7,50,NA,2.832,NA,NA,190,2.90593106978671,NA,85,4.8,10,100.65,1.05
"1844",1844,"21.061.40",2020,21,61,20,40,7.3,53,NA,1.357,NA,NA,24,0.759612980090298,NA,51,2.3,20,52.62,1.05
"1845",1845,"21.061.60",2020,21,61,40,60,7.5,68,20,1.18,NA,NA,31.5,0.927934670471386,NA,45,2,20,64.28,1.05
"1846",1846,"21.061.80",2020,21,61,60,80,7.6,132,42,1.829,NA,NA,108.5,1.15472144198827,NA,44,3.1,20,79.99,1.05
"1847",1847,"21.061.100",2020,21,61,80,100,7.5,109,68,3.127,NA,NA,129,1.12267391603235,NA,47,5.3,20,77.77,1.05
"1848",1848,"21.062.10",2020,21,62,0,10,6.9,68,NA,3.009,NA,NA,453.5,2.57852661542624,NA,84,5.1,10,89.31,1.05
"1849",1849,"21.062.20",2020,21,62,10,20,7.1,79,NA,2.36,NA,NA,180.5,2.8002608490672,NA,82,4,10,96.99,1.05
"1850",1850,"21.062.40",2020,21,62,20,40,NA,NA,NA,NA,NA,NA,68.5,0.45674942398436,NA,NA,NA,20,31.64,1.05
"1851",1851,"21.062.60",2020,21,62,40,60,7,48,NA,1.239,NA,NA,19.5,1.03100644314042,NA,48,2.1,20,71.42,1.05
"1852",1852,"21.062.80",2020,21,62,60,80,7,36,NA,0.649,NA,NA,10,1.6632954687572,NA,45,1.1,20,115.22,1.05
"1853",1853,"21.062.100",2020,21,62,80,100,7.1,44,NA,0.885,NA,NA,35.5,0.558521972628157,NA,48,1.5,20,38.69,1.05
"1854",1854,"21.063.10",2020,21,63,0,10,7.1,148,NA,7.788,NA,NA,177,1.6979414427636,NA,181,13.2,10,58.81,1.05
"1855",1855,"21.063.20",2020,21,63,10,20,7.3,97.5,NA,2.8615,NA,NA,127,3.36008204572059,NA,118.5,4.85,10,116.38,1.05
"1856",1856,"21.063.40",2020,21,63,20,40,7.3,145,NA,2.537,NA,NA,760,1.28305590403698,NA,145,4.3,20,88.88,1.05
"1857",1857,"21.063.60",2020,21,63,40,60,7.3,147,NA,2.183,NA,NA,220,1.11054782513011,NA,234,3.7,20,76.93,1.05
"1858",1858,"21.063.80",2020,21,63,60,80,7.4,90,NA,1.062,NA,NA,29,1.82194515806151,NA,156,1.8,20,126.21,1.05
"1859",1859,"21.063.100",2020,21,63,80,100,7.3,117,NA,2.773,NA,NA,100,1.25779321465731,NA,155,4.7,20,87.13,1.05
"1860",1860,"22.064.10",2020,22,64,0,10,7.2,60,NA,3.068,NA,NA,35.5,2.9041987710864,NA,82,5.2,10,100.59,1.05
"1861",1861,"22.064.20",2020,22,64,10,20,7.2,40,NA,1.652,NA,NA,39,2.59036398987843,NA,73,2.8,10,89.72,1.05
"1862",1862,"22.064.40",2020,22,64,20,40,7.5,31,16,0.885,NA,NA,20,1.29936838346499,NA,58,1.5,20,90.01,1.05
"1863",1863,"22.064.60",2020,22,64,40,60,7.6,40,24,0.59,NA,NA,4.5,1.75005476199823,NA,39,1,20,121.23,1.05
"1864",1864,"22.064.80",2020,22,64,60,80,7.7,45,20,0.531,NA,NA,9.5,1.70804651851547,NA,47,0.9,20,118.32,1.05
"1865",1865,"22.064.100",2020,22,64,80,100,7.8,24,12,0.295,NA,NA,3.5,1.77228592865233,NA,38,0.5,20,122.77,1.05
"1866",1866,"22.065.10",2020,22,65,0,10,6.6,76,NA,2.242,NA,NA,59.5,3.14903032073161,NA,136,3.8,10,109.07,1.05
"1867",1867,"22.065.20",2020,22,65,10,20,6.7,68,NA,1.652,NA,NA,42.5,2.06720978238181,NA,128,2.8,10,71.6,1.05
"1868",1868,"22.065.40",2020,22,65,20,40,6.8,66,NA,1.357,NA,NA,38,1.12960311083363,NA,59,2.3,20,78.25,1.05
"1869",1869,"22.065.60",2020,22,65,40,60,7.2,67,NA,0.885,NA,NA,18,1.32925053604551,NA,66,1.5,20,92.08,1.05
"1870",1870,"22.065.80",2020,22,65,60,80,7.1,69,NA,1.18,NA,NA,15.5,1.21997135970032,NA,53,2,20,84.51,1.05
"1871",1871,"22.065.100",2020,22,65,80,100,7.2,46,NA,0.59,NA,NA,7.5,1.35364707607501,NA,51,1,20,93.77,1.05
"1872",1872,"22.066.10",2020,22,66,0,10,6.4,97,NA,3.304,NA,NA,107,1.79061942323072,NA,111,5.6,10,62.02,1.05
"1873",1873,"22.066.20",2020,22,66,10,20,6.5,94,NA,2.183,NA,NA,94,2.58978655697832,NA,57,3.7,10,89.7,1.05
"1874",1874,"22.066.40",2020,22,66,20,40,6.5,72,NA,1.298,NA,NA,38,0.952042494050839,NA,52,2.2,20,65.95,1.05
"1875",1875,"22.066.60",2020,22,66,40,60,7.2,45,NA,1.003,NA,NA,22.5,1.13999690303555,NA,43,1.7,20,78.97,1.05
"1876",1876,"22.066.80",2020,22,66,60,80,7.4,61,NA,1.298,NA,NA,26,1.26212396140811,NA,47,2.2,20,87.43,1.05
"1877",1877,"22.066.100",2020,22,66,80,100,7.4,43.5,NA,0.531,NA,NA,8,1.41167908253573,NA,42,0.9,20,97.79,1.05
"1878",1878,"23.067.10",2020,23,67,0,10,6,87,NA,2.95,NA,NA,92,2.39114963934164,NA,79,5,10,82.82,1.05
"1879",1879,"23.067.20",2020,23,67,10,20,6.5,43,NA,2.419,NA,NA,70.5,2.22917971086172,NA,65,4.1,10,77.21,1.05
"1880",1880,"23.067.40",2020,23,67,20,40,6.8,15,NA,1.947,NA,NA,37,1.27728157503591,NA,60,3.3,20,88.48,1.05
"1881",1881,"23.067.60",2020,23,67,40,60,7.1,9,NA,2.95,NA,NA,12,0.870624455135801,NA,91,5,20,60.31,1.05
"1882",1882,"23.067.80",2020,23,67,60,80,7.6,4,4,1.18,NA,NA,9,1.23469589865304,NA,64,2,20,85.53,1.05
"1883",1883,"23.067.100",2020,23,67,80,100,7.9,7,2,0.177,NA,NA,7.5,1.75958240484999,NA,24,0.3,20,121.89,1.05
"1884",1884,"23.068.10",2020,23,68,0,10,7.2,78,NA,3.363,NA,NA,129,2.42781662849841,NA,115,5.7,10,84.09,1.05
"1885",1885,"23.068.20",2020,23,68,10,20,7.5,51,25,2.478,NA,NA,98.5,2.3319627670807,NA,61,4.2,10,80.77,1.05
"1886",1886,"23.068.40",2020,23,68,20,40,7.8,8,27,1.652,NA,NA,82,1.07979952319944,NA,55,2.8,20,74.8,1.05
"1887",1887,"23.068.60",2020,23,68,40,60,7.6,23,29,2.065,NA,NA,29.5,1.20827834347316,NA,55,3.5,20,83.7,1.05
"1888",1888,"23.068.80",2020,23,68,60,80,7.5,36,24,1.239,NA,NA,13.5,1.19976120819659,NA,68,2.1,20,83.11,1.05
"1889",1889,"23.068.100",2020,23,68,80,100,7.7,9,4,0.472,NA,NA,9.5,1.3459960901486,NA,44,0.8,20,93.24,1.05
"1890",1890,"23.069.10",2020,23,69,0,10,NA,NA,NA,NA,NA,NA,20.5,0.880007739762534,NA,NA,NA,10,30.48,1.05
"1891",1891,"23.069.20",2020,23,69,10,20,7.2,82,NA,5.723,NA,NA,44.5,1.09712251020263,NA,504,9.7,10,38,1.05
"1892",1892,"23.069.40",2020,23,69,20,40,7.4,80,NA,1.18,NA,NA,25.5,1.27482748521046,NA,107,2,20,88.31,1.05
"1893",1893,"23.069.60",2020,23,69,40,60,7.3,59,NA,0.649,NA,NA,10,1.33675716374689,NA,54,1.1,20,92.6,1.05
"1894",1894,"23.069.80",2020,23,69,60,80,7.2,50,NA,0.295,NA,NA,7.5,1.35927704685105,NA,34,0.5,20,94.16,1.05
"1895",1895,"23.069.100",2020,23,69,80,100,7.4,66,NA,0.531,NA,NA,4,1.11978675153182,NA,60,0.9,20,77.57,1.05
"1896",1896,"24.070.10",2020,24,70,0,10,6.7,31,NA,3.481,NA,NA,36,2.49826344231142,NA,105,5.9,10,86.53,1.05
"1897",1897,"24.070.20",2020,24,70,10,20,6.8,24,NA,2.773,NA,NA,34,2.6047998123811,NA,64,4.7,10,90.22,1.05
"1898",1898,"24.070.40",2020,24,70,20,40,7.2,29,NA,1.18,NA,NA,22.5,1.38049770592997,NA,34,2,20,95.63,1.05
"1899",1899,"24.070.60",2020,24,70,40,60,7.3,70,NA,1.003,NA,NA,11.5,1.09250304700178,NA,32,1.7,20,75.68,1.05
"1900",1900,"24.070.80",2020,24,70,60,80,7.5,97,57.5,0.531,NA,NA,7.5,1.29171739753858,NA,38,0.9,20,89.48,1.05
"1901",1901,"24.070.100",2020,24,70,80,100,7.5,83,61,0.59,NA,NA,11,1.17420980236687,NA,48,1,20,81.34,1.05
"1902",1902,"24.071.10",2020,24,71,0,10,6.6,28,NA,2.36,NA,NA,96,2.6481072798891,NA,117,4,10,91.72,1.05
"1903",1903,"24.071.20",2020,24,71,10,20,6.8,25,NA,1.475,NA,NA,82.5,2.63338274093638,NA,76,2.5,10,91.21,1.05
"1904",1904,"24.071.40",2020,24,71,20,40,7,32,NA,0.531,NA,NA,21,1.28810844191291,NA,53,0.9,20,89.23,1.05
"1905",1905,"24.071.60",2020,24,71,40,60,6.9,16,NA,0.708,NA,NA,33,1.19398687919553,NA,60,1.2,20,82.71,1.05
"1906",1906,"24.071.80",2020,24,71,60,80,7,11,NA,0.944,NA,NA,40,1.10708322772947,NA,56,1.6,20,76.69,1.05
"1907",1907,"24.071.100",2020,24,71,80,100,7,20,NA,0.649,NA,NA,12,1.38843740830644,NA,51,1.1,20,96.18,1.05
"1908",1908,"24.072.10",2020,24,72,0,10,6.9,113,NA,8.555,NA,NA,89,1.54925247098614,NA,143,14.5,10,53.66,1.05
"1909",1909,"24.072.20",2020,24,72,10,20,7,128,NA,7.257,NA,NA,66,2.5355078643683,NA,136,12.3,10,87.82,1.05
"1910",1910,"24.072.40",2020,24,72,20,40,NA,NA,NA,NA,NA,NA,62.5,0.223755248791327,NA,NA,NA,20,15.5,1.05
"1911",1911,"24.027.60",2020,24,72,40,60,7.2,72,NA,2.655,NA,NA,124,1.28334462048703,NA,117,4.5,20,88.9,1.05
"1912",1912,"24.027.80",2020,24,72,60,80,7.3,80,NA,1.0325,NA,NA,20.5,1.84995065371668,NA,108,1.75,20,128.15,1.05
"1913",1913,"24.027.100",2020,24,72,80,100,6.9,66,NA,1.062,NA,NA,32,1.67888615706008,NA,63,1.8,20,116.3,1.05
"1914",1914,"25.073.10",2020,25,73,0,10,7.1,68,NA,4.071,NA,NA,148,2.76503744216069,NA,112,6.9,10,95.77,1.05
"1915",1915,"25.073.20",2020,25,73,10,20,7.3,75,NA,3.068,NA,NA,143,1.95027962011021,NA,78,5.2,10,67.55,1.05
"1916",1916,"25.073.40",2020,25,73,20,40,7.3,43,NA,2.36,NA,NA,59.5,1.08210925479986,NA,55,4,20,74.96,1.05
"1917",1917,"25.073.60",2020,25,73,40,60,7.2,32,NA,2.301,NA,NA,12.5,1.12714902100818,NA,38,3.9,20,78.08,1.05
"1918",1918,"25.073.80",2020,25,73,60,80,6.9,20,NA,1.357,NA,NA,11.5,1.04111151889229,NA,38.5,2.3,20,72.12,1.05
"1919",1919,"25.073.100",2020,25,73,80,100,6.7,29,NA,1.357,NA,NA,0,0.298965884030218,NA,49,2.3,20,20.71,1.05
"1920",1920,"25.074.10",2020,25,74,0,10,6.1,91,NA,3.953,NA,NA,370.5,2.77687481661288,NA,279,6.7,10,96.18,1.05
"1921",1921,"25.074.20",2020,25,74,10,20,6.4,127,NA,3.304,NA,NA,210,1.74355864187203,NA,190,5.6,10,60.39,1.05
"1922",1922,"25.074.40",2020,25,74,20,40,6.6,49,NA,2.596,NA,NA,73,1.03692513036652,NA,79,4.4,20,71.83,1.05
"1923",1923,"25.074.60",2020,25,74,40,60,6.3,54,NA,2.301,NA,NA,16,0.808983493049416,NA,62,3.9,20,56.04,1.05
"1924",1924,"25.074.80",2020,25,74,60,80,5.8,17,NA,0.944,NA,NA,11.5,0.850558661857095,NA,45,1.6,20,58.92,1.05
"1925",1925,"25.074.100",2020,25,74,80,100,5.6,19,NA,0.708,NA,NA,0,0.548561255101317,NA,36,1.2,20,38,1.05
"1926",1926,"25.075.10",2020,25,75,0,10,7.2,117,NA,7.788,NA,NA,20,1.39883120050836,NA,324,13.2,10,48.45,1.05
"1927",1927,"25.075.20",2020,25,75,10,20,7.3,98,NA,6.313,NA,NA,135,1.8804102391973,NA,150,10.7,10,65.13,1.05
"1928",1928,"25.075.40",2020,25,75,20,40,7.2,136,NA,4.366,NA,NA,199,0.901950189966587,NA,140,7.4,20,62.48,1.05
"1929",1929,"25.075.60",2020,25,75,40,60,7.1,135,NA,2.419,NA,NA,196,1.15140120281266,NA,129,4.1,20,79.76,1.05
"1930",1930,"25.075.80",2020,25,75,60,80,7,96,NA,2.537,NA,NA,54.5,0.925336222420906,NA,60,4.3,20,64.1,1.05
"1931",1931,"25.075.100",2020,25,75,80,100,7.2,87,NA,3.127,NA,NA,46,0.582918512657663,NA,88,5.3,20,40.38,1.05
"1932",1932,"26.076.10",2020,26,76,0,10,7,164,NA,2.832,NA,NA,1419.5,2.58949784052827,NA,192,4.8,10,89.69,1.05
"1933",1933,"26.076.20",2020,26,76,10,20,6.9,217,NA,2.891,NA,NA,1346,2.84327960012514,NA,205,4.9,10,98.48,1.05
"1934",1934,"26.076.40",2020,26,76,20,40,7.1,157,NA,2.183,NA,NA,213.5,1.369815197278,NA,154,3.7,20,94.89,1.05
"1935",1935,"26.076.60",2020,26,76,40,60,7.1,232,NA,1.888,NA,NA,67,1.09019331540135,NA,113,3.2,20,75.52,1.05
"1936",1936,"26.076.80",2020,26,76,60,80,7,136,NA,1.298,NA,NA,30.5,1.43867407061572,NA,92,2.2,20,99.66,1.05
"1937",1937,"26.076.100",2020,26,76,80,100,6.9,42,NA,0.472,NA,NA,11.5,1.41124600786065,NA,45,0.8,20,97.76,1.05
"1938",1938,"26.077.10",2020,26,77,0,10,6.8,251,NA,4.779,NA,NA,262,2.70209725604907,NA,306,8.1,10,93.59,1.05
"1939",1939,"26.077.20",2020,26,77,10,20,6.9,173,NA,3.304,NA,NA,161.5,2.72490585560328,NA,258,5.6,10,94.38,1.05
"1940",1940,"26.077.40",2020,26,77,20,40,7.1,154,NA,1.888,NA,NA,102.5,1.19413123742055,NA,233,3.2,20,82.72,1.05
"1941",1941,"26.077.60",2020,26,77,40,60,7.2,105,NA,0.885,NA,NA,14,1.17709696686741,NA,127,1.5,20,81.54,1.05
"1942",1942,"26.077.80",2020,26,77,60,80,7.3,80,NA,0.59,NA,NA,12,1.48328076214896,NA,92,1,20,102.75,1.05
"1943",1943,"26.077.100",2020,26,77,80,100,7.3,47,NA,0.236,NA,NA,0,1.3091847427668,NA,51,0.4,20,90.69,1.05
"1944",1944,"26.078.10",2020,26,78,0,10,6.9,215,NA,5.723,NA,NA,204,1.47303132817206,NA,544,9.7,10,51.02,1.05
"1945",1945,"26.078.20",2020,26,78,10,20,6.9,231,NA,4.838,NA,NA,290,2.54503550722006,NA,416,8.2,10,88.15,1.05
"1946",1946,"26.078.40",2020,26,78,20,40,6.9,99,NA,5.959,NA,NA,208.5,0.600385857885889,NA,392,10.1,20,41.59,1.05
"1947",1947,"26.078.60",2020,26,78,40,60,6.4,133,NA,2.95,NA,NA,45,1.02682005461465,NA,336,5,20,71.13,1.05
"1948",1948,"26.078.80",2020,26,78,60,80,6.3,138,NA,2.242,NA,NA,32.5,1.37443466047885,NA,460,3.8,20,95.21,1.05
"1949",1949,"26.078.100",2020,26,78,80,100,6.3,46,NA,1.829,NA,NA,22.5,1.3221769830192,NA,464,3.1,20,91.59,1.05
"1950",1950,"27.079.10",2020,27,79,0,10,6.9,39,NA,3.835,NA,NA,33,3.02343866495842,NA,105,6.5,10,104.72,1.05
"1951",1951,"27.079.20",2020,27,79,10,20,7.2,29,NA,2.183,NA,NA,26.5,2.44629448130182,NA,80,3.7,10,84.73,1.05
"1952",1952,"27.079.40",2020,27,79,20,40,7.3,18,NA,1.357,NA,NA,22.5,1.21621804584963,NA,68,2.3,20,84.25,1.05
"1953",1953,"27.079.60",2020,27,79,40,60,7.2,26,NA,1.475,NA,NA,7.5,1.18980049066975,NA,75,2.5,20,82.42,1.05
"1954",1954,"27.079.80",2020,27,79,60,80,7.4,27,NA,0.944,NA,NA,10,1.24725506423036,NA,64,1.6,20,86.4,1.05
"1955",1955,"27.079.100",2020,27,79,80,100,7.7,16,6,0.472,NA,NA,4.5,1.21058807507359,NA,39,0.8,20,83.86,1.05
"1956",1956,"27.080.10",2020,27,80,0,10,6.5,21,NA,3.481,NA,NA,108,2.7352996478052,NA,60,5.9,10,94.74,1.05
"1957",1957,"27.080.20",2020,27,80,10,20,6.5,21,NA,2.478,NA,NA,91.5,2.18067534725276,NA,61,4.2,10,75.53,1.05
"1958",1958,"27.080.40",2020,27,80,20,40,6.4,12,NA,1.298,NA,NA,15.5,1.22127058372556,NA,58,2.2,20,84.6,1.05
"1959",1959,"27.080.60",2020,27,80,40,60,6.5,16,NA,1.5635,NA,NA,28,1.18417051989371,NA,57.5,2.65,20,82.03,1.05
"1960",1960,"27.080.80",2020,27,80,60,80,6.8,22,NA,1.711,NA,NA,112.5,0.981202855506225,NA,55,2.9,20,67.97,1.05
"1961",1961,"27.080.100",2020,27,80,80,100,6.9,23,NA,1.416,NA,NA,8,1.31163883259225,NA,60,2.4,20,90.86,1.05
"1962",1962,"27.081.10",2020,27,81,0,10,7.1,142,NA,7.08,NA,NA,99.5,2.23206687536225,NA,166,12,10,77.31,1.05
"1963",1963,"27.081.20",2020,27,81,10,20,6.9,120,NA,5.605,NA,NA,99,2.40876134279489,NA,237,9.5,10,83.43,1.05
"1964",1964,"27.081.40",2020,27,81,20,40,6.9,113,NA,3.304,NA,NA,173,1.22747798740171,NA,128,5.6,20,85.03,1.05
"1965",1965,"27.081.60",2020,27,81,40,60,7,59,NA,2.183,NA,NA,74.5,1.23902664540384,NA,58,3.7,20,85.83,1.05
"1966",1966,"27.081.80",2020,27,81,60,80,6.8,50,NA,1.593,NA,NA,50.5,0.828616211653042,NA,67,2.7,20,57.4,1.05
"1967",1967,"27.081.100",2020,27,81,80,100,7.1,51,NA,1.475,NA,NA,32,1.16410472661501,NA,74,2.5,20,80.64,1.05
"1968",1968,"28.082.10",2020,28,82,0,10,6.4,40,NA,3.54,NA,NA,62.5,3.0563523402645,NA,72,6,10,105.86,1.05
"1969",1969,"28.082.20",2020,28,82,10,20,6.4,29,NA,3.009,NA,NA,60,2.00340344692002,NA,53,5.1,10,69.39,1.05
"1970",1970,"28.082.40",2020,28,82,20,40,6.6,24,NA,2.006,NA,NA,29,1.04905122126876,NA,46,3.4,20,72.67,1.05
"1971",1971,"28.082.60",2020,28,82,40,60,6.7,23,NA,1.239,NA,NA,11,1.12700466278315,NA,29,2.1,20,78.07,1.05
"1972",1972,"28.082.80",2020,28,82,60,80,6.8,24,NA,0.767,NA,NA,5.5,1.21318652312407,NA,38,1.3,20,84.04,1.05
"1973",1973,"28.082.100",2020,28,82,80,100,6.8,24,NA,0.649,NA,NA,9.5,1.09928788357803,NA,37,1.1,20,76.15,1.05
"1974",1974,"28.083.10",2020,28,83,0,10,5.5,63,NA,3.54,NA,NA,69,2.54272577561963,NA,95,6,10,88.07,1.05
"1975",1975,"28.083.20",2020,28,83,10,20,5.7,44,NA,3.009,NA,NA,65.5,2.1148479966406,NA,73,5.1,10,73.25,1.05
"1976",1976,"28.083.40",2020,28,83,20,40,5.9,28,NA,2.242,NA,NA,34,1.0011242905599,NA,58,3.8,20,69.35,1.05
"1977",1977,"28.083.60",2020,28,83,40,60,5.9,42,NA,1.062,NA,NA,13,1.1245505729577,NA,44,1.8,20,77.9,1.05
"1978",1978,"28.083.80",2020,28,83,60,80,5.5,42,NA,1.121,NA,NA,20.5,1.13162412598401,NA,41,1.9,20,78.39,1.05
"1979",1979,"28.083.100",2020,28,83,80,100,5.6,28,NA,0.59,NA,NA,9.5,1.2652998423587,NA,48,1,20,87.65,1.05
"1980",1980,"28.084.10",2020,28,84,0,10,7.2,138,NA,4.897,NA,NA,67.5,2.05335139277925,NA,233,8.3,10,71.12,1.05
"1981",1981,"28.084.20",2020,28,84,10,20,7.2,163,NA,3.835,NA,NA,77,2.94346420829365,NA,166.5,6.5,10,101.95,1.05
"1982",1982,"28.084.40",2020,28,84,20,40,7,105,NA,1.947,NA,NA,34,1.35927704685105,NA,142,3.3,20,94.16,1.05
"1983",1983,"28.084.60",2020,28,84,40,60,6.8,81,NA,1.475,NA,NA,15,1.32289877414433,NA,137,2.5,20,91.64,1.05
"1984",1984,"28.084.80",2020,28,84,60,80,7,57,NA,0.885,NA,NA,6.5,1.41702033686172,NA,90,1.5,20,98.16,1.05
"1985",1985,"28.084.100",2020,28,84,80,100,NA,NA,NA,NA,NA,NA,28,0.22924086134234,NA,NA,NA,20,15.88,1.05
"1986",1986,"29.085.10",2020,29,85,0,10,7.2,45,NA,3.422,NA,NA,149,2.45120266095273,NA,163,5.8,10,84.9,1.05
"1987",1987,"29.085.20",2020,29,85,10,20,7.5,32,9,2.065,NA,NA,72.5,2.61952435133382,NA,94,3.5,10,90.73,1.05
"1988",1988,"29.085.40",2020,29,85,20,40,7.5,50,13,1.062,NA,NA,33.5,1.11675522880626,NA,92,1.8,20,77.36,1.05
"1989",1989,"29.085.60",2020,29,85,40,60,7.6,13,4,0.708,NA,NA,9,0.994195095758624,NA,75,1.2,20,68.87,1.05
"1990",1990,"29.085.80",2020,29,85,60,80,7.7,10,3,0.944,NA,NA,18.5,0.945113299249559,NA,80,1.6,20,65.47,1.05
"1991",1991,"29.085.100",2020,29,85,80,100,7.6,29,9,1.77,NA,NA,15.5,1.1093929593299,NA,58,3,20,76.85,1.05
"1992",1992,"29.086.10",2020,29,86,0,10,6.9,77,NA,2.773,NA,NA,104.5,2.90679721913687,NA,163,4.7,10,100.68,1.05
"1993",1993,"29.086.20",2020,29,86,10,20,7.1,63,NA,1.77,NA,NA,75,3.03874063681124,NA,109,3,10,105.25,1.05
"1994",1994,"29.086.40",2020,29,86,20,40,7.3,23,NA,1.121,NA,NA,18,0.651777385995381,NA,77,1.9,20,45.15,1.05
"1995",1995,"29.086.60",2020,29,86,40,60,7.2,17,NA,1.121,NA,NA,18,1.09308047990189,NA,82,1.9,20,75.72,1.05
"1996",1996,"29.086.80",2020,29,86,60,80,7.7,17,8,0.826,NA,NA,10.5,1.03490411521614,NA,63,1.4,20,71.69,1.05
"1997",1997,"29.086.100",2020,29,86,80,100,7.8,18,8,0.708,NA,NA,15.5,0.89964045836616,NA,58,1.2,20,62.32,1.05
"1998",1998,"29.087.10",2020,29,87,0,10,6.8,162,NA,3.363,NA,NA,273,2.92123304163954,NA,103.5,5.7,10,101.18,1.05
"1999",1999,"29.087.20",2020,29,87,10,20,6.8,105,NA,2.714,NA,NA,288.5,1.95230063526058,NA,77,4.6,10,67.62,1.05
"2000",2000,"29.087.40",2020,29,87,20,40,6.9,34,NA,1.239,NA,NA,57.5,0.851280452982228,NA,61,2.1,20,58.97,1.05
"2001",2001,"29.087.60",2020,29,87,40,60,7.8,4,6,0.708,NA,NA,64.5,1.13956382836047,NA,64,1.2,20,78.94,1.05
"2002",2002,"29.087.80",2020,29,87,60,80,7.8,4,17,0.59,NA,NA,24,1.39450045375756,NA,61,1,20,96.6,1.05
"2003",2003,"29.087.100",2020,29,87,80,100,8.1,3,2,0.295,NA,NA,3.5,1.25591655773196,NA,53,0.5,20,87,1.05
"2004",2004,"30.088.10",2020,30,88,0,10,6.2,32,NA,4.012,NA,NA,38,2.18154149660292,NA,161,6.8,10,75.56,1.05
"2005",2005,"30.088.20",2020,30,88,10,20,5.9,36,NA,3.127,NA,NA,34,2.44600576485177,NA,118,5.3,10,84.72,1.05
"2006",2006,"30.088.40",2020,30,88,20,40,6.5,30,NA,1.357,NA,NA,20.5,1.44300481736652,NA,92,2.3,20,99.96,1.05
"2007",2007,"30.088.60",2020,30,88,40,60,7.3,53,NA,1.121,NA,NA,4,1.22069315082546,NA,83,1.9,20,84.56,1.05
"2008",2008,"30.088.80",2020,30,88,60,80,7.2,39,NA,1.298,NA,NA,13.5,1.51359598940456,NA,93,2.2,20,104.85,1.05
"2009",2009,"30.088.100",2020,30,88,80,100,7.3,60,NA,1.062,NA,NA,14.5,1.72479207261856,NA,77,1.8,20,119.48,1.05
"2010",2010,"30.089.10",2020,30,89,0,10,6.4,113,NA,2.714,NA,NA,38.5,3.01622075370708,NA,136,4.6,10,104.47,1.05
"2011",2011,"30.089.20",2020,30,89,10,20,6.7,142,NA,1.77,NA,NA,15,2.3666087410871,NA,117,3,10,81.97,1.05
"2012",2012,"30.089.40",2020,30,89,20,40,6.9,104,NA,2.537,NA,NA,19,0.874377768986494,NA,116,4.3,20,60.57,1.05
"2013",2013,"30.089.60",2020,30,89,40,60,7.1,90,NA,0.944,NA,NA,12,1.5046457794529,NA,73,1.6,20,104.23,1.05
"2014",2014,"30.089.80",2020,30,89,60,80,7.2,43,NA,1.062,NA,NA,20,1.11112525803022,NA,90,1.8,20,76.97,1.05
"2015",2015,"30.089.100",2020,30,89,80,100,7.5,10,7,0.531,NA,NA,3.5,0.968210615253825,NA,95,0.9,20,67.07,1.05
"2016",2016,"30.090.10",2020,30,90,0,10,6.9,261,NA,5.251,NA,NA,42,1.87896665694704,NA,187,8.9,10,65.08,1.05
"2017",2017,"30.090.20",2020,30,90,10,20,6.9,282,NA,4.071,NA,NA,36,2.13072740139354,NA,178,6.9,10,73.8,1.05
"2018",2018,"30.090.40",2020,30,90,20,40,7,231,NA,1.77,NA,NA,28,1.21924956857519,NA,224,3,20,84.46,1.05
"2019",2019,"30.090.60",2020,30,90,40,60,7.2,91,NA,0.649,NA,NA,3.5,1.22834413675187,NA,136,1.1,20,85.09,1.05
"2020",2020,"30.090.80",2020,30,90,60,80,7.2,99.5,NA,0.8555,NA,NA,4,0.739258470361538,NA,149.5,1.45,20,51.21,1.05
"2021",2021,"30.090.100",2020,30,90,80,100,7.1,98,NA,1.003,NA,NA,0,0.499479458592252,NA,184,1.7,20,34.6,1.05
"2022",2022,"31.091.10",2020,31,91,0,10,7.1,263,NA,2.891,NA,NA,17,3.17414865188625,NA,75,4.9,10,109.94,1.05
"2023",2023,"31.091.20",2020,31,91,10,20,7.4,221,NA,1.593,NA,NA,10,3.35604001541985,NA,79,2.7,10,116.24,1.05
"2024",2024,"31.091.40",2020,31,91,20,40,7.5,73,39,1.416,NA,NA,15,1.28218975468682,NA,70,2.4,20,88.82,1.05
"2025",2025,"31.091.60",2020,31,91,40,60,7.7,40,24,0.649,NA,NA,11,1.36505137585212,NA,58,1.1,20,94.56,1.05
"2026",2026,"31.091.80",2020,31,91,60,80,7.7,38,27,0.354,NA,NA,5,2.03516225642589,NA,67,0.6,20,140.98,1.05
"2027",2027,"31.091.100",2020,31,91,80,100,7.7,25,19,0.295,NA,NA,0,1.78253536262923,NA,64,0.5,20,123.48,1.05
"2028",2028,"31.092.10",2020,31,92,0,10,7.6,48,24,2.655,NA,NA,20.5,2.68304197034555,NA,50,4.5,10,92.93,1.05
"2029",2029,"31.092.20",2020,31,92,10,20,7.7,33,19,1.829,NA,NA,13.5,0.34126284396303,NA,41,3.1,10,11.82,1.05
"2030",2030,"31.092.40",2020,31,92,20,40,8.1,28,12,0.354,NA,NA,0,1.48587921019944,NA,32,0.6,20,102.93,1.05
"2031",2031,"31.092.60",2020,31,92,40,60,7.8,29,14,0.295,NA,NA,4.5,1.28449948628724,NA,53,0.5,20,88.98,1.05
"2032",2032,"31.092.80",2020,31,92,60,80,7.5,29,21,0.413,NA,NA,14.5,1.71439828041664,NA,62,0.7,20,118.76,1.05
"2033",2033,"31.092.100",2020,31,92,80,100,7.3,47,NA,0.649,NA,NA,14,0,NA,51,1.1,20,NA,1.05
"2034",2034,"31.093.10",2020,31,93,0,10,7.2,66,NA,3.599,NA,NA,24.5,1.8847409859481,NA,66,6.1,10,65.28,1.05
"2035",2035,"31.093.20",2020,31,93,10,20,7.7,51,30,1.18,NA,NA,17,3.41840276863137,NA,57,2,10,118.4,1.05
"2036",2036,"31.093.40",2020,31,93,20,40,7.5,57,29,0.885,NA,NA,16.5,1.67340054450907,NA,58,1.5,20,115.92,1.05
"2037",2037,"31.093.60",2020,31,93,40,60,7.5,80,34,1.18,NA,NA,17,1.66618263325774,NA,44,2,20,115.42,1.05
"2038",2038,"31.093.80",2020,31,93,60,80,7.3,49,NA,0.767,NA,NA,5,1.69981809968895,NA,44,1.3,20,117.75,1.05
"2039",2039,"31.093.100",2020,31,93,80,100,7,38,NA,0.708,NA,NA,10,1.55820268093779,NA,114,1.2,20,107.94,1.05
"2040",2040,"32.094.10",2020,32,94,0,10,6.7,75,NA,5.074,NA,NA,27,1.88618456819837,NA,220.5,8.6,10,65.33,1.05
"2041",2041,"32.094.20",2020,32,94,10,20,6.6,66,NA,3.304,NA,NA,21.5,2.29587321082404,NA,166,5.6,10,79.52,1.05
"2042",2042,"32.094.40",2020,32,94,20,40,6.9,70,NA,1.711,NA,NA,15.5,1.33141590942091,NA,110,2.9,20,92.23,1.05
"2043",2043,"32.094.60",2020,32,94,40,60,6.7,53,NA,1.652,NA,NA,43,1.23642819735336,NA,89,2.8,20,85.65,1.05
"2044",2044,"32.094.80",2020,32,94,60,80,6.7,61,NA,1.416,NA,NA,45.5,1.21968264325027,NA,86,2.4,20,84.49,1.05
"2045",2045,"32.094.100",2020,32,94,80,100,6.7,69,NA,1.947,NA,NA,28.5,0.80104379067295,NA,94,3.3,20,55.49,1.05
"2046",2046,"32.095.10",2020,32,95,0,10,6.9,206,NA,4.602,NA,NA,15,2.06172416983079,NA,340,7.8,10,71.41,1.05
"2047",2047,"32.095.20",2020,32,95,10,20,6.9,245,NA,3.186,NA,NA,7,2.62298894873446,NA,304,5.4,10,90.85,1.05
"2048",2048,"32.095.40",2020,32,95,20,40,7.1,208,NA,1.357,NA,NA,12,1.60973856727231,NA,464,2.3,20,111.51,1.05
"2049",2049,"32.095.60",2020,32,95,40,60,7.1,175,NA,1.239,NA,NA,15.5,1.66661570793282,NA,560,2.1,20,115.45,1.05
"2050",2050,"32.095.80",2020,32,95,60,80,7.2,126,NA,1.121,NA,NA,10,1.65766549798116,NA,624,1.9,20,114.83,1.05
"2051",2051,"32.095.100",2020,32,95,80,100,7.5,78,42,0.8555,NA,NA,0,1.80779805200889,NA,604,1.45,20,125.23,1.05
"2052",2052,"32.096.10",2020,32,96,0,10,6.7,87,NA,2.419,NA,NA,5,3.01593203725703,NA,126,4.1,10,104.46,1.05
"2053",2053,"32.096.20",2020,32,96,10,20,7,76,NA,1.593,NA,NA,12.5,2.25141087751583,NA,86,2.7,10,77.98,1.05
"2054",2054,"32.096.40",2020,32,96,20,40,7.1,78,NA,0.59,NA,NA,16,0.823852390227163,NA,44,1,20,57.07,1.05
"2055",2055,"32.096.60",2020,32,96,40,60,6.9,80,NA,0.472,NA,NA,5.5,1.56801904023961,NA,59,0.8,20,108.62,1.05
"2056",2056,"32.096.80",2020,32,96,60,80,6.9,70,NA,0.354,NA,NA,0,1.50536757057804,NA,46,0.6,20,104.28,1.05
"2057",2057,"32.096.100",2020,32,96,80,100,6.7,48,NA,0.236,NA,NA,0,1.34931632932421,NA,46,0.4,20,93.47,1.05
"2058",2058,"33.097.10",2020,33,97,0,10,6.2,40,NA,1.534,NA,NA,13,3.38173577947459,NA,52,2.6,10,117.13,1.05
"2059",2059,"33.097.20",2020,33,97,10,20,6.6,36,NA,1.003,NA,NA,0,3.6947044113324,NA,32,1.7,10,127.97,1.05
"2060",2060,"33.097.40",2020,33,97,20,40,7.3,32,NA,0.649,NA,NA,0,1.08456334462531,NA,20,1.1,20,75.13,1.05
"2061",2061,"33.097.60",2020,33,97,40,60,7.4,26,NA,0.767,NA,NA,0,1.2891189494881,NA,15,1.3,20,89.3,1.05
"2062",2062,"33.097.80",2020,33,97,60,80,7.7,25,8,0.649,NA,NA,0,1.48010488119837,NA,16.5,1.1,20,102.53,1.05
"2063",2063,"33.097.100",2020,33,97,80,100,7.6,22,7,0.708,NA,NA,0,1.6259066884753,NA,18,1.2,20,112.63,1.05
"2064",2064,"33.098.10",2020,33,98,0,10,7.2,85,NA,6.49,NA,NA,108.5,1.30846295164167,NA,212,11,10,45.32,1.05
"2065",2065,"33.098.20",2020,33,98,10,20,7.2,88,NA,5.9885,NA,NA,110.5,3.31330998081196,NA,197,10.15,10,114.76,1.05
"2066",2066,"33.098.40",2020,33,98,20,40,7.3,69,NA,1.593,NA,NA,23,1.21737291164984,NA,113,2.7,20,84.33,1.05
"2067",2067,"33.098.60",2020,33,98,40,60,7.6,36,15,0.649,NA,NA,0,1.74312556719695,NA,45,1.1,20,120.75,1.05
"2068",2068,"33.098.80",2020,33,98,60,80,7.5,38,16,0.826,NA,NA,0,1.67758693303484,NA,77,1.4,20,116.21,1.05
"2069",2069,"33.098.100",2020,33,98,80,100,7.6,32,12,0.59,NA,NA,0,1.8495175790416,NA,42,1,20,128.12,1.05
"2070",2070,"33.099.10",2020,33,99,0,10,7.2,84,NA,6.018,NA,NA,56,2.64666369763883,NA,148,10.2,10,91.67,1.05
"2071",2071,"33.099.20",2020,33,99,10,20,7.3,62,NA,2.773,NA,NA,13,3.31937302626308,NA,74,4.7,10,114.97,1.05
"2072",2072,"33.099.40",2020,33,99,20,40,7.4,60,NA,2.242,NA,NA,13,1.7211831169929,NA,82,3.8,20,119.23,1.05
"2073",2073,"33.099.60",2020,33,99,40,60,7.4,50,NA,1.829,NA,NA,28.5,1.39608839423285,NA,104,3.1,20,96.71,1.05
"2074",2074,"33.099.80",2020,33,99,60,80,7.5,52,23,1.593,NA,NA,17,1.90711651082724,NA,119,2.7,20,132.11,1.05
"2075",2075,"33.099.100",2020,33,99,80,100,7.6,34,18,0.826,NA,NA,4,1.86164366994384,NA,60,1.4,20,128.96,1.05
"2076",2076,"34.100.10",2020,34,100,0,10,6,75,NA,3.422,NA,NA,239,2.50115060681195,NA,151,5.8,10,86.63,1.05
"2077",2077,"34.100.20",2020,34,100,10,20,6.2,74,NA,2.242,NA,NA,96.5,2.45293495965305,NA,79,3.8,10,84.96,1.05
"2078",2078,"34.100.40",2020,34,100,20,40,6.3,46,NA,1.652,NA,NA,61,1.2479768553555,NA,92,2.8,20,86.45,1.05
"2079",2079,"34.100.60",2020,34,100,40,60,6.5,32,NA,1.239,NA,NA,31,1.03966793664202,NA,86,2.1,20,72.02,1.05
"2080",2080,"34.100.80",2020,34,100,60,80,7.1,27,NA,0.885,NA,NA,11.5,1.1440389333363,NA,76,1.5,20,79.25,1.05
"2081",2081,"34.100.100",2020,34,100,80,100,6.9,37,NA,0.885,NA,NA,6,1.37371286935372,NA,77,1.5,20,95.16,1.05
"2082",2082,"34.101.10",2020,34,101,0,10,7.1,95,NA,3.304,NA,NA,239.5,2.45697698995379,NA,219,5.6,10,85.1,1.05
"2083",2083,"34.101.20",2020,34,101,10,20,7.1,98,NA,2.773,NA,NA,222,2.72172997465269,NA,234,4.7,10,94.27,1.05
"2084",2084,"34.101.40",2020,34,101,20,40,7.2,105.5,NA,3.186,NA,NA,158.5,1.15212299393779,NA,213,5.4,20,79.81,1.05
"2085",2085,"34.101.60",2020,34,101,40,60,7.3,94,NA,2.301,NA,NA,136,1.0162819041877,NA,169,3.9,20,70.4,1.05
"2086",2086,"34.101.80",2020,34,101,60,80,7.3,115,NA,2.596,NA,NA,96,1.14389457511127,NA,178,4.4,20,79.24,1.05
"2087",2087,"34.101.100",2020,34,101,80,100,7.3,95,NA,1.829,NA,NA,35,1.09293612167686,NA,111,3.1,20,75.71,1.05
"2088",2088,"34.102.10",2020,34,102,0,10,6.4,60,NA,2.891,NA,NA,276,3.03007914330964,NA,197,4.9,10,104.95,1.05
"2089",2089,"34.102.20",2020,34,102,10,20,6.4,62,NA,2.065,NA,NA,290,2.74742573870744,NA,145,3.5,10,95.16,1.05
"2090",2090,"34.102.40",2020,34,102,20,40,6.8,53,NA,1.475,NA,NA,134,1.0552586249449,NA,108,2.5,20,73.1,1.05
"2091",2091,"34.102.60",2020,34,102,40,60,7,42,NA,0.885,NA,NA,25.5,1.22704491272663,NA,72,1.5,20,85,1.05
"2092",2092,"34.102.80",2020,34,102,60,80,6.8,37,NA,0.885,NA,NA,16.5,0.91956189341984,NA,93,1.5,20,63.7,1.05
"2093",2093,"34.102.100",2020,34,102,80,100,6.7,36,NA,0.944,NA,NA,21,1.22170365840064,NA,92,1.6,20,84.63,1.05
"2094",2094,"35.103.10",2020,35,103,0,10,6.9,30,NA,3.776,NA,NA,134.5,2.15959904639887,NA,153,6.4,10,74.8,1.05
"2095",2095,"35.103.20",2020,35,103,10,20,6.8,39,NA,3.599,NA,NA,103,2.28750043377249,NA,177,6.1,10,79.23,1.05
"2096",2096,"35.103.40",2020,35,103,20,40,7,40,NA,1.888,NA,NA,56.5,0.977160825205478,NA,55,3.2,20,67.69,1.05
"2097",2097,"35.103.60",2020,35,103,40,60,6.8,34,NA,1.298,NA,NA,24,1.19802890949627,NA,48,2.2,20,82.99,1.05
"2098",2098,"35.103.80",2020,35,103,60,80,6.7,25,NA,0.885,NA,NA,15.5,1.23599512267828,NA,41,1.5,20,85.62,1.05
"2099",2099,"35.103.100",2020,35,103,80,100,7,18,NA,0.236,NA,NA,3,1.51359598940456,NA,22,0.4,20,104.85,1.05
"2100",2100,"35.104.10",2020,35,104,0,10,7,95,NA,3.304,NA,NA,74.5,2.27855022382084,NA,117,5.6,10,78.92,1.05
"2101",2101,"35.104.20",2020,35,104,10,20,7.3,96,NA,2.124,NA,NA,176.5,2.15036011999716,NA,101,3.6,10,74.48,1.05
"2102",2102,"35.104.40",2020,35,104,20,40,7.6,75,26,1.475,NA,NA,151.5,1.56830775668966,NA,58,2.5,20,108.64,1.05
"2103",2103,"35.104.60",2020,35,104,40,60,7.6,166,88,1.475,NA,NA,33.5,1.24783249713047,NA,106,2.5,20,86.44,1.05
"2104",2104,"35.104.80",2020,35,104,60,80,7.6,190,87,1.593,NA,NA,112.5,1.15876347228902,NA,91,2.7,20,80.27,1.05
"2105",2105,"35.104.100",2020,35,104,80,100,7.6,167,103,0.944,NA,NA,31.5,0.994628170433704,NA,135,1.6,20,68.9,1.05
"2106",2106,"35.105.10",2020,35,105,0,10,7.1,121,NA,3.953,NA,NA,129.5,2.41655668694633,NA,126,6.7,10,83.7,1.05
"2107",2107,"35.105.20",2020,35,105,10,20,7.2,131,NA,2.832,NA,NA,165,2.35881339693566,NA,113,4.8,10,81.7,1.05
"2108",2108,"35.105.40",2020,35,105,20,40,7.5,103,49,1.77,NA,NA,156.5,0.923748281945613,NA,72,3,20,63.99,1.05
"2109",2109,"35.105.60",2020,35,105,40,60,7.5,158,73,1.121,NA,NA,142.5,1.24061458587914,NA,96,1.9,20,85.94,1.05
"2110",2110,"35.105.80",2020,35,105,60,80,7.5,103,20,0.826,NA,NA,33.5,1.29171739753858,NA,99,1.4,20,89.48,1.05
"2111",2111,"35.105.100",2020,35,105,80,100,7.7,58,31,0.295,NA,NA,15.5,1.58115563871703,NA,37,0.5,20,109.53,1.05
"2112",2112,"36.106.10",2020,36,106,0,10,6.7,46,NA,2.95,NA,NA,106.5,2.9827296455009,NA,87,5,10,103.31,1.05
"2113",2113,"36.106.20",2020,36,106,10,20,6.8,64,NA,2.065,NA,NA,125.5,2.94952725374477,NA,68,3.5,10,102.16,1.05
"2114",2114,"36.106.40",2020,36,106,20,40,6.9,64,NA,1.652,NA,NA,77,1.50998703377889,NA,67,2.8,20,104.6,1.05
"2115",2115,"36.106.60",2020,36,106,40,60,6.6,57,NA,3.068,NA,NA,107.5,0.774914951943124,NA,163,5.2,20,53.68,1.05
"2116",2116,"36.106.80",2020,36,106,60,80,7,44,NA,0.944,NA,NA,30,0.760479129440458,NA,51,1.6,20,52.68,1.05
"2117",2117,"36.106.100",2020,36,106,80,100,NA,NA,NA,NA,NA,NA,11.5,0.370856280093496,NA,NA,NA,20,25.69,1.05
"2118",2118,"36.107.10",2020,36,107,0,10,6.9,100,NA,3.835,NA,NA,183.5,3.16317742678423,NA,138,6.5,10,109.56,1.05
"2119",2119,"36.107.20",2020,36,107,10,20,6.8,88,NA,3.009,NA,NA,183,3.26855893105369,NA,129,5.1,10,113.21,1.05
"2120",2120,"36.107.40",2020,36,107,20,40,6.8,61,NA,2.006,NA,NA,103.5,1.11646651235621,NA,90,3.4,20,77.34,1.05
"2121",2121,"36.107.60",2020,36,107,40,60,6.8,33,NA,1.239,NA,NA,36.5,0.825584688927482,NA,49,2.1,20,57.19,1.05
"2122",2122,"36.107.80",2020,36,107,60,80,6.7,25,NA,0.708,NA,NA,14.5,1.37804361610452,NA,62,1.2,20,95.46,1.05
"2123",2123,"36.107.100",2020,36,107,80,100,6.7,26,NA,0.531,NA,NA,5,1.08254232947494,NA,49,0.9,20,74.99,1.05
"2124",2124,"36.108.10",2020,36,108,0,10,6.9,135,NA,3.776,NA,NA,241,2.83692783822397,NA,592,6.4,10,98.26,1.05
"2125",2125,"36.108.20",2020,36,108,10,20,6.9,140,NA,2.478,NA,NA,195,3.22409659774548,NA,348,4.2,10,111.67,1.05
"2126",2126,"36.108.40",2020,36,108,20,40,6.9,110,NA,1.534,NA,NA,49,0.768274473591897,NA,248,2.6,20,53.22,1.05
"2127",2127,"36.108.60",2020,36,108,40,60,NA,NA,NA,NA,NA,NA,42,0.404058671849628,NA,NA,NA,20,27.99,1.05
"2128",2128,"36.108.80",2020,36,108,60,80,7,77,NA,0.767,NA,NA,15.5,0.801188148897977,NA,188,1.3,20,55.5,1.05
"2129",2129,"36.108.100",2020,36,108,80,100,6.9,41,NA,0.767,NA,NA,47,1.28709793433772,NA,141,1.3,20,89.16,1.05
"2130",2130,"37.109.10",2020,37,109,0,10,7.3,116,NA,6.7555,NA,NA,28,2.35852468048561,NA,195.5,11.45,10,81.69,1.05
"2131",2131,"37.109.20",2020,37,109,10,20,7.2,117,NA,4.484,NA,NA,35.5,2.97031483814861,NA,153,7.6,10,102.88,1.05
"2132",2132,"37.109.40",2020,37,109,20,40,7.6,91,23,1.475,NA,NA,0,1.24393482505475,NA,107,2.5,20,86.17,1.05
"2133",2133,"37.109.60",2020,37,109,40,60,7.7,59,8,0.944,NA,NA,0,0.802631731148243,NA,82,1.6,20,55.6,1.05
"2134",2134,"37.109.80",2020,37,109,60,80,8,19,16,0.354,NA,NA,0,1.26486676768362,NA,42,0.6,20,87.62,1.05
"2135",2135,"37.109.100",2020,37,109,80,100,7.8,25,6,0.59,NA,NA,0,1.67340054450907,NA,51,1,20,115.92,1.05
"2136",2136,"37.110.10",2020,37,110,0,10,6.4,97,NA,4.661,NA,NA,99.5,1.49093174807537,NA,170,7.9,10,51.64,1.05
"2137",2137,"37.110.20",2020,37,110,10,20,6.4,80,NA,2.891,NA,NA,80.5,2.52222690766585,NA,78,4.9,10,87.36,1.05
"2138",2138,"37.110.40",2020,37,110,20,40,6.6,53,NA,2.183,NA,NA,63.5,0.897763801440814,NA,70,3.7,20,62.19,1.05
"2139",2139,"37.110.60",2020,37,110,40,60,NA,NA,NA,NA,NA,NA,22,0.628102637091008,NA,NA,NA,20,43.51,1.05
"2140",2140,"37.110.80",2020,37,110,60,80,NA,NA,NA,NA,NA,NA,15,0.415896046301814,NA,NA,NA,20,28.81,1.05
"2141",2141,"37.110.100",2020,37,110,80,100,7.8,16,12,0.295,NA,NA,0,1.84359889181551,NA,32,0.5,20,127.71,1.05
"2142",2142,"37.111.10",2020,37,111,0,10,7.5,81,42,4.307,NA,NA,28,1.99012249021757,NA,82,7.3,10,68.93,1.05
"2143",2143,"37.111.20",2020,37,111,10,20,NA,NA,NA,NA,NA,NA,16,1.36418522650196,NA,NA,NA,10,47.25,1.05
"2144",2144,"37.111.40",2020,37,111,20,40,NA,NA,NA,NA,NA,NA,NA,NA,NA,NA,NA,20,NA,1.05
"2145",2145,"37.111.60",2020,37,111,40,60,NA,NA,NA,NA,NA,NA,NA,NA,NA,NA,NA,20,NA,1.05
"2146",2146,"37.111.80",2020,37,111,60,80,NA,NA,NA,NA,NA,NA,NA,NA,NA,NA,NA,20,NA,1.05
"2147",2147,"37.111.100",2020,37,111,80,100,NA,NA,NA,NA,NA,NA,NA,NA,NA,NA,NA,20,NA,1.05
"2148",2148,"38.112.10",2020,38,112,0,10,6.6,92,NA,4.307,NA,NA,62.5,1.82411053143691,NA,303,7.3,10,63.18,1.05
"2149",2149,"38.112.20",2020,38,112,10,20,6.5,165,NA,4.838,NA,NA,80,1.14302842576111,NA,269,8.2,10,39.59,1.05
"2150",2150,"38.112.40",2020,38,112,20,40,6.8,189,NA,2.655,NA,NA,40,0.618863710689302,NA,158,4.5,20,42.87,1.05
"2151",2151,"38.112.60",2020,38,112,40,60,NA,NA,NA,NA,NA,NA,25,0.32567215566015,NA,NA,NA,20,22.56,1.05
"2152",2152,"38.112.80",2020,38,112,60,80,NA,NA,NA,NA,NA,NA,15.5,0.534702865498758,NA,NA,NA,20,37.04,1.05
"2153",2153,"38.112.100",2020,38,112,80,100,NA,NA,NA,NA,NA,NA,10,0.230251368917527,NA,NA,NA,20,15.95,1.05
"2154",2154,"38.113.10",2020,38,113,0,10,7.5,13,7,3.422,NA,NA,53,1.10780501885461,NA,92,5.8,10,38.37,1.05
"2155",2155,"38.113.20",2020,38,113,10,20,7.5,12,8,2.655,NA,NA,32,0.999247633634557,NA,87,4.5,10,34.61,1.05
"2156",2156,"38.113.40",2020,38,113,20,40,7.8,7,4,1.003,NA,NA,19.5,1.07402519419837,NA,50,1.7,20,74.4,1.05
"2157",2157,"38.113.60",2020,38,113,40,60,NA,NA,NA,NA,NA,NA,0,0.0332023917561324,NA,NA,NA,20,2.3,1.05
"2158",2158,"38.113.80",2020,38,113,60,80,NA,NA,NA,NA,NA,NA,NA,NA,NA,NA,NA,20,NA,1.05
"2159",2159,"38.113.100",2020,38,113,80,100,NA,NA,NA,NA,NA,NA,NA,NA,NA,NA,NA,20,NA,1.05
"2160",2160,"38.114.10",2020,38,114,0,10,NA,NA,NA,NA,NA,NA,NA,NA,NA,NA,NA,10,NA,1.05
"2161",2161,"38.114.20",2020,38,114,10,20,NA,NA,NA,NA,NA,NA,NA,NA,NA,NA,NA,10,NA,1.05
"2162",2162,"38.114.40",2020,38,114,20,40,NA,NA,NA,NA,NA,NA,NA,NA,NA,NA,NA,20,NA,1.05
"2163",2163,"38.114.60",2020,38,114,40,60,NA,NA,NA,NA,NA,NA,NA,NA,NA,NA,NA,20,NA,1.05
"2164",2164,"38.114.80",2020,38,114,60,80,NA,NA,NA,NA,NA,NA,NA,NA,NA,NA,NA,20,NA,1.05
"2165",2165,"38.114.100",2020,38,114,80,100,NA,NA,NA,NA,NA,NA,NA,NA,NA,NA,NA,20,NA,1.05
"2166",2166,"39.115.10",2020,39,115,0,10,5.7,54,NA,2.714,NA,NA,72.5,1.26197960318308,NA,95,4.6,10,43.71,1.05
"2167",2167,"39.115.20",2020,39,115,10,20,5.9,21,NA,1.947,NA,NA,45,1.35869961395095,NA,66,3.3,10,47.06,1.05
"2168",2168,"39.115.40",2020,39,115,20,40,6.7,9,NA,1.062,NA,NA,26.5,1.23527333155315,NA,30,1.8,20,85.57,1.05
"2169",2169,"39.115.60",2020,39,115,40,60,7.1,12,NA,1.298,NA,NA,23,0.936451805747959,NA,42,2.2,20,64.87,1.05
"2170",2170,"39.115.80",2020,39,115,60,80,7.1,14,NA,0.885,NA,NA,15,1.49338583790082,NA,56,1.5,20,103.45,1.05
"2171",2171,"39.115.100",2020,39,115,80,100,7.2,12,NA,0.9735,NA,NA,16.5,1.36591752520228,NA,66,1.65,20,94.62,1.05
"2172",2172,"39.116.10",2020,39,116,0,10,6.6,7,NA,3.776,NA,NA,76.5,2.2052162455073,NA,98,6.4,10,76.38,1.05
"2173",2173,"39.116.20",2020,39,116,10,20,6.6,8,NA,3.304,NA,NA,67,1.86222110284395,NA,96,5.6,10,64.5,1.05
"2174",2174,"39.116.40",2020,39,116,20,40,6.9,6,NA,1.593,NA,NA,42.5,1.34267585097299,NA,42,2.7,20,93.01,1.05
"2175",2175,"39.116.60",2020,39,116,40,60,7.4,6,NA,1.062,NA,NA,15.5,1.27222903715998,NA,31,1.8,20,88.13,1.05
"2176",2176,"39.116.80",2020,39,116,60,80,7.9,6,3,0.472,NA,NA,14,1.52124697533097,NA,39,0.8,20,105.38,1.05
"2177",2177,"39.116.100",2020,39,116,80,100,7.7,9,4,0.708,NA,NA,11,1.06305396909634,NA,47,1.2,20,73.64,1.05
"2178",2178,"39.117.10",2020,39,117,0,10,6.5,28,NA,2.95,NA,NA,72,2.04238016767722,NA,82,5,10,70.74,1.05
"2179",2179,"39.117.20",2020,39,117,10,20,6.6,20,NA,2.301,NA,NA,71.5,2.31752694457804,NA,76,3.9,10,80.27,1.05
"2180",2180,"39.117.40",2020,39,117,20,40,7,20,NA,1.18,NA,NA,26.5,1.14418329156133,NA,39,2,20,79.26,1.05
"2181",2181,"39.117.60",2020,39,117,40,60,7.5,14,6,0.708,NA,NA,11.5,1.17781875799254,NA,24,1.2,20,81.59,1.05
"2182",2182,"39.117.80",2020,39,117,60,80,7.9,9,4,0.354,NA,NA,0,1.67657642545966,NA,15,0.6,20,116.14,1.05
"2183",2183,"39.117.100",2020,39,117,80,100,NA,NA,NA,0,NA,NA,3,0.513626564644865,NA,NA,NA,20,35.58,1.05
"2184",2184,"40.118.10",2020,40,118,0,10,7.5,16,8,2.714,NA,NA,54,2.64983957858942,NA,102,4.6,10,91.78,1.05
"2185",2185,"40.118.20",2020,40,118,10,20,7.7,11,5,1.062,NA,NA,15.5,2.95443543339567,NA,103,1.8,10,102.33,1.05
"2186",2186,"40.118.40",2020,40,118,20,40,7.9,3,2.5,0.472,NA,NA,4,1.21405267247423,NA,120,0.8,20,84.1,1.05
"2187",2187,"40.118.60",2020,40,118,40,60,7.7,10,7,0.826,NA,NA,14,1.28507691918735,NA,118,1.4,20,89.02,1.05
"2188",2188,"40.118.80",2020,40,118,60,80,8.1,2,2,0.472,NA,NA,7,1.55213963548667,NA,115,0.8,20,107.52,1.05
"2189",2189,"40.118.100",2020,40,118,80,100,8,3,2,0.413,NA,NA,10,1.0330274582908,NA,109,0.7,20,71.56,1.05
"2190",2190,"40.118i.10",2020,40,1180,0,10,7.6,1,12,2.596,NA,NA,13,1.57148363764025,NA,133,4.4,10,54.43,1.05
"2191",2191,"40.118i.20",2020,40,1180,10,20,7.8,1,6,0.767,NA,NA,0,2.42752791204836,NA,110,1.3,10,84.08,1.05
"2192",2192,"40.118i.40",2020,40,1180,20,40,7.9,3,3,0.531,NA,NA,3.5,0.735360798285818,NA,123,0.9,20,50.94,1.05
"2193",2193,"40.118i.60",2020,40,1180,40,60,NA,NA,NA,0,NA,NA,7.5,0.434662615555281,NA,NA,NA,20,30.11,1.05
"2194",2194,"40.118i.80",2020,40,1180,60,80,8,2,3,0.413,NA,NA,0,0.969076764603985,NA,114,0.7,20,67.13,1.05
"2195",2195,"40.118i.100",2020,40,1180,80,100,7.8,12,15,0.708,NA,NA,8,1.39767633470815,NA,128,1.2,20,96.82,1.05
"2196",2196,"40.119.10",2020,40,119,0,10,7.3,51,NA,5.487,NA,NA,20,1.00357838038536,NA,248,9.3,10,34.76,1.05
"2197",2197,"40.119.20",2020,40,119,10,20,7.5,5,24,2.773,NA,NA,18.5,2.49566499426094,NA,273,4.7,10,86.44,1.05
"2198",2198,"40.119.40",2020,40,119,20,40,7.7,10,10,0.59,NA,NA,0,1.24350175037967,NA,186,1,20,86.14,1.05
"2199",2199,"40.119.60",2020,40,119,40,60,7.8,1,3,0.59,NA,NA,4.5,1.06882829809741,NA,89,1,20,74.04,1.05
"2200",2200,"40.119.80",2020,40,119,60,80,7.8,3,6,0.472,NA,NA,5,0.873655977861361,NA,143,0.8,20,60.52,1.05
"2201",2201,"40.119.100",2020,40,119,80,100,7.9,2,3,0.413,NA,NA,8,0.960270912877358,NA,100,0.7,20,66.52,1.05
"2202",2202,"41.120.10",2020,41,120,0,10,7.1,286,NA,9.204,NA,NA,99,1.40431681305937,NA,231,15.6,10,48.64,1.05
"2203",2203,"41.120.20",2020,41,120,10,20,7,309,NA,6.785,NA,NA,128.5,3.0866675675201,NA,272,11.5,10,106.91,1.05
"2204",2204,"41.120.40",2020,41,120,20,40,7,223,NA,5.9,NA,NA,180.5,0.756148382689658,NA,268,10,20,52.38,1.05
"2205",2205,"41.120.60",2020,41,120,40,60,7,180,NA,3.599,NA,NA,186.5,0.848393288481695,NA,316,6.1,20,58.77,1.05
"2206",2206,"41.120.80",2020,41,120,60,80,6.8,131,NA,3.54,NA,NA,58,1.44704684766726,NA,222,6,20,100.24,1.05
"2207",2207,"41.120.100",2020,41,120,80,100,6.6,139,NA,3.363,NA,NA,38,1.41370009768611,NA,139,5.7,20,97.93,1.05
"2208",2208,"41.121.10",2020,41,121,0,10,7.3,110,NA,5.192,NA,NA,84.5,2.07558255943335,NA,117,8.8,10,71.89,1.05
"2209",2209,"41.121.20",2020,41,121,10,20,7.3,110,NA,5.428,NA,NA,53,2.62789712838536,NA,128,9.2,10,91.02,1.05
"2210",2210,"41.121.40",2020,41,121,20,40,7.4,114,NA,3.481,NA,NA,40.5,1.18330437054355,NA,172,5.9,20,81.97,1.05
"2211",2211,"41.121.60",2020,41,121,40,60,7.6,68,34,1.239,NA,NA,20.5,1.499737599802,NA,169,2.1,20,103.89,1.05
"2212",2212,"41.121.80",2020,41,121,60,80,7.6,54,37,1.416,NA,NA,17.5,1.82151208338643,NA,114,2.4,20,126.18,1.05
"2213",2213,"41.121.100",2020,41,121,80,100,7.8,43,31,1.239,NA,NA,35,1.27771464971099,NA,81,2.1,20,88.51,1.05
"2214",2214,"41.122.10",2020,41,122,0,10,6.1,162,NA,2.478,NA,NA,158.5,2.75550979930893,NA,194,4.2,10,95.44,1.05
"2215",2215,"41.122.20",2020,41,122,10,20,6,126,NA,2.301,NA,NA,95,2.02534589712407,NA,101,3.9,10,70.15,1.05
"2216",2216,"41.122.40",2020,41,122,20,40,6.4,107,NA,1.652,NA,NA,68,0.644992549419128,NA,85,2.8,20,44.68,1.05
"2217",2217,"41.122.60",2020,41,122,40,60,7.3,116,NA,3.068,NA,NA,40,0.846516631556349,NA,103,5.2,20,58.64,1.05
"2218",2218,"41.122.80",2020,41,122,60,80,7.3,120,NA,2.596,NA,NA,21.5,0.69378562947814,NA,99,4.4,20,48.06,1.05
"2219",2219,"41.122.100",2020,41,122,80,100,7.4,158,NA,1.475,NA,NA,20.5,0.6924864054529,NA,92,2.5,20,47.97,1.05
"2220",2220,"41.123.10",2020,41,123,0,10,7.2,57,NA,4.071,NA,NA,97,2.22773612861145,NA,116,6.9,10,77.16,1.05
"2221",2221,"41.123.20",2020,41,123,10,20,7.4,41,NA,3.009,NA,NA,127,1.63038179345113,NA,67,5.1,10,56.47,1.05
"2222",2222,"41.123.40",2020,41,123,20,40,7.4,25,NA,2.36,NA,NA,43,0.559099405528264,NA,42,4,20,38.73,1.05
"2223",2223,"41.123.60",2020,41,123,40,60,7.3,21,NA,1.534,NA,NA,23,1.05294889334448,NA,42,2.6,20,72.94,1.05
"2224",2224,"41.123.80",2020,41,123,60,80,7,18,NA,1.298,NA,NA,27.5,0.639073862193035,NA,41,2.2,20,44.27,1.05
"2225",2225,"41.123.100",2020,41,123,80,100,NA,NA,NA,NA,NA,NA,45.5,0.123137565947743,NA,NA,NA,20,8.53,1.05
"2226",2226,"42.124.10",2020,42,124,0,10,7.3,158,NA,5.074,NA,NA,500,2.28143738832137,NA,185,8.6,10,79.02,1.05
"2227",2227,"42.124.20",2020,42,124,10,20,7.3,121,NA,4.425,NA,NA,318.5,2.15700059834839,NA,140,7.5,10,74.71,1.05
"2228",2228,"42.124.40",2020,42,124,20,40,7.6,72,34,2.773,NA,NA,199.5,0.891989472439747,NA,71,4.7,20,61.79,1.05
"2229",2229,"42.124.60",2020,42,124,40,60,7.6,43,21,1.829,NA,NA,87,1.18850126664451,NA,61,3.1,20,82.33,1.05
"2230",2230,"42.124.80",2020,42,124,60,80,7.6,39,22,2.36,NA,NA,98,0.953630434526132,NA,78,4,20,66.06,1.05
"2231",2231,"42.124.100",2020,42,124,80,100,NA,NA,NA,NA,NA,NA,147.5,0.190264140585141,NA,NA,NA,20,13.18,1.05
"2232",2232,"42.125.10",2020,42,125,0,10,NA,NA,NA,NA,NA,NA,53,0.829193644553149,NA,NA,NA,10,28.72,1.05
"2233",2233,"42.125.20",2020,42,125,10,20,7.3,136,NA,7.552,NA,NA,58,1.7363407306207,NA,73,12.8,10,60.14,1.05
"2234",2234,"42.125.40",2020,42,125,20,40,7.4,127,NA,5.015,NA,NA,35,0.711830407606473,NA,80,8.5,20,49.31,1.05
"2235",2235,"42.125.60",2020,42,125,40,60,7.5,70,27,1.593,NA,NA,22,1.27049673845966,NA,38,2.7,20,88.01,1.05
"2236",2236,"42.125.80",2020,42,125,60,80,7.7,49,22,0.7965,NA,NA,7.5,1.72435899794348,NA,27,1.35,20,119.45,1.05
"2237",2237,"42.125.100",2020,42,125,80,100,7.6,58,39,0.944,NA,NA,5.5,1.54347814198507,NA,38,1.6,20,106.92,1.05
"2238",2238,"42.126.10",2020,42,126,0,10,7.3,114,NA,7.021,NA,NA,68,1.75683959857448,NA,140,11.9,10,60.85,1.05
"2239",2239,"42.126.20",2020,42,126,10,20,7.3,123,NA,5.487,NA,NA,70,1.64019815275294,NA,133,9.3,10,56.81,1.05
"2240",2240,"42.126.40",2020,42,126,20,40,7.5,115,71,3.776,NA,NA,56,0.605727112211876,NA,86,6.4,20,41.96,1.05
"2241",2241,"42.126.60",2020,42,126,40,60,7.8,35,17,0.59,NA,NA,6,1.71179983236616,NA,26,1,20,118.58,1.05
"2242",2242,"42.126.80",2020,42,126,60,80,7.6,45.5,22,0.7965,NA,NA,21,1.77055362995201,NA,40,1.35,20,122.65,1.05
"2243",2243,"42.126.100",2020,42,126,80,100,7.6,57,29,1.121,NA,NA,16.5,1.85009501194171,NA,45,1.9,20,128.16,1.05
"2244",2244,"42.127.10",2020,42,127,0,10,7.4,134,NA,3.304,NA,NA,62,3.19955569949095,NA,150,5.6,10,110.82,1.05
"2245",2245,"42.127.20",2020,42,127,10,20,7.3,131,NA,2.891,NA,NA,53.5,2.33744837963172,NA,141,4.9,10,80.96,1.05
"2246",2246,"42.127.40",2020,42,127,20,40,7.5,92,53,1.475,NA,NA,306,1.14432764978635,NA,79,2.5,20,79.27,1.05
"2247",2247,"42.127.60",2020,42,127,40,60,7.6,74,36,1.003,NA,NA,170,0.985389244031998,NA,67,1.7,20,68.26,1.05
"2248",2248,"42.127.80",2020,42,127,60,80,7.8,33,18,0.885,NA,NA,50.5,0.988420766757558,NA,51,1.5,20,68.47,1.05
"2249",2249,"42.127.100",2020,42,127,80,100,NA,NA,NA,NA,NA,NA,32.5,0.520267042996091,NA,NA,NA,20,36.04,1.05
"2250",2250,"43.128.10",2020,43,128,0,10,7.2,174,NA,2.301,NA,NA,635,2.76012926250979,NA,65,3.9,10,95.6,1.05
"2251",2251,"43.128.20",2020,43,128,10,20,7.4,166,NA,2.065,NA,NA,501.5,3.06703484891647,NA,46,3.5,10,106.23,1.05
"2252",2252,"43.128.40",2020,43,128,20,40,7.4,127,NA,1.652,NA,NA,350.5,0.937606671548173,NA,34,2.8,20,64.95,1.05
"2253",2253,"43.128.60",2020,43,128,40,60,7.4,95,NA,1.711,NA,NA,268.5,0.977738258105585,NA,37,2.9,20,67.73,1.05
"2254",2254,"43.128.80",2020,43,128,60,80,7.3,66,NA,1.298,NA,NA,58,1.12411749828262,NA,49,2.2,20,77.87,1.05
"2255",2255,"43.128.100",2020,43,128,80,100,NA,NA,NA,NA,NA,NA,79,0.549860479126557,NA,NA,NA,20,38.09,1.05
"2256",2256,"43.129.10",2020,43,129,0,10,6.9,91,NA,3.717,NA,NA,500,2.84327960012514,NA,78,6.3,10,98.48,1.05
"2257",2257,"43.129.20",2020,43,129,10,20,7,121,NA,3.009,NA,NA,476,3.07309789436759,NA,66,5.1,10,106.44,1.05
"2258",2258,"43.129.40",2020,43,129,20,40,NA,NA,NA,NA,NA,NA,184.5,0.383704162120869,NA,NA,NA,20,26.58,1.05
"2259",2259,"43.129.60",2020,43,129,40,60,7.2,53,NA,1.18,NA,NA,45,1.02205623318877,NA,53,2,20,70.8,1.05
"2260",2260,"43.129.80",2020,43,129,60,80,7.2,54,NA,2.419,NA,NA,89,1.40532732063456,NA,39,4.1,20,97.35,1.05
"2261",2261,"43.129.100",2020,43,129,80,100,7,31,NA,2.124,NA,NA,48,0.985533602257024,NA,50,3.6,20,68.27,1.05
"2262",2262,"43.130.10",2020,43,130,0,10,6.7,48,NA,3.658,NA,NA,403,1.93959711145824,NA,101,6.2,10,67.18,1.05
"2263",2263,"43.130.20",2020,43,130,10,20,6.6,35,NA,3.717,NA,NA,403.5,2.37151692073801,NA,75,6.3,10,82.14,1.05
"2264",2264,"43.130.40",2020,43,130,20,40,7,20,NA,2.301,NA,NA,218,0.916674728919306,NA,42,3.9,20,63.5,1.05
"2265",2265,"43.130.60",2020,43,130,40,60,6.8,24,NA,2.95,NA,NA,315,0.79801226794739,NA,53,5,20,55.28,1.05
"2266",2266,"43.130.80",2020,43,130,60,80,7.2,20,NA,2.242,NA,NA,62.5,1.1093929593299,NA,39,3.8,20,76.85,1.05
"2267",2267,"43.130.100",2020,43,130,80,100,7.5,30.5,17.5,2.478,NA,NA,46.5,1.06016680459581,NA,36,4.2,20,73.44,1.05
"2268",2268,"44.131.10",2020,44,131,0,10,7.3,132,NA,5.251,NA,NA,60,2.43503453974974,NA,244,8.9,10,84.34,1.05
"2269",2269,"44.131.20",2020,44,131,10,20,7.5,89,57,2.537,NA,NA,51.5,3.01073514115607,NA,184,4.3,10,104.28,1.05
"2270",2270,"44.131.40",2020,44,131,20,40,7.7,66,44,1.416,NA,NA,40.5,1.2523076021063,NA,106,2.4,20,86.75,1.05
"2271",2271,"44.131.60",2020,44,131,40,60,7.7,39,26,1.18,NA,NA,34.5,1.42683669616353,NA,93,2,20,98.84,1.05
"2272",2272,"44.131.80",2020,44,131,60,80,7.8,28,12,1.18,NA,NA,35.5,1.51879288550552,NA,69,2,20,105.21,1.05
"2273",2273,"44.131.100",2020,44,131,80,100,NA,NA,NA,NA,NA,NA,44.5,0.490529248640599,NA,NA,NA,20,33.98,1.05
"2274",2274,"44.132.10",2020,44,132,0,10,7.2,122,NA,5.133,NA,NA,48.5,1.85760163964309,NA,254,8.7,10,64.34,1.05
"2275",2275,"44.132.20",2020,44,132,10,20,7.3,125,NA,4.071,NA,NA,47.5,2.24419296626449,NA,149,6.9,10,77.73,1.05
"2276",2276,"44.132.40",2020,44,132,20,40,7.6,80,50,2.006,NA,NA,41,0.944391508124426,NA,97,3.4,20,65.42,1.05
"2277",2277,"44.132.60",2020,44,132,40,60,7.7,59,34,1.593,NA,NA,43.5,0.69768330155386,NA,100,2.7,20,48.33,1.05
"2278",2278,"44.132.80",2020,44,132,60,80,7.7,39,25,1.298,NA,NA,23,1.28247847113687,NA,88,2.2,20,88.84,1.05
"2279",2279,"44.132.100",2020,44,132,80,100,7.6,71,39,1.593,NA,NA,27.5,0.646147415219341,NA,92,2.7,20,44.76,1.05
"2280",2280,"44.133.10",2020,44,133,0,10,7.4,67,NA,4.189,NA,NA,65.5,1.61132650774761,NA,85,7.1,10,55.81,1.05
"2281",2281,"44.133.20",2020,44,133,10,20,7.4,62,NA,4.189,NA,NA,72,1.61738955319873,NA,86,7.1,10,56.02,1.05
"2282",2282,"44.133.40",2020,44,133,20,40,7.5,48,23,2.891,NA,NA,45,0.783143370769644,NA,53,4.9,20,54.25,1.05
"2283",2283,"44.133.60",2020,44,133,40,60,7.4,55,NA,2.891,NA,NA,47,0.844206899955922,NA,61,4.9,20,58.48,1.05
"2284",2284,"44.133.80",2020,44,133,60,80,7.3,44,NA,2.891,NA,NA,39,1.1397081865855,NA,77,4.9,20,78.95,1.05
"2285",2285,"44.133.100",2020,44,133,80,100,7.6,77,34,0.885,NA,NA,13,1.92761537878102,NA,61,1.5,20,133.53,1.05
"2286",2286,"44.134.10",2020,44,134,0,10,7.4,123,NA,8.732,NA,NA,65.5,1.84229966779027,NA,253,14.8,10,63.81,1.05
"2287",2287,"44.134.20",2020,44,134,10,20,7.3,120,NA,8.201,NA,NA,66,1.59255993849414,NA,303,13.9,10,55.16,1.05
"2288",2288,"44.134.40",2020,44,134,20,40,7.4,26,NA,4.956,NA,NA,49.5,1.41774212798685,NA,234,8.4,20,98.21,1.05
"2289",2289,"44.134.60",2020,44,134,40,60,7.5,85,68,4.071,NA,NA,56,1.01339473968717,NA,128,6.9,20,70.2,1.05
"2290",2290,"44.134.80",2020,44,134,60,80,7.4,125,NA,6.844,NA,NA,49,0.616987053763955,NA,258,11.6,20,42.74,1.05
"2291",2291,"44.134.100",2020,44,134,80,100,7.4,124,NA,7.906,NA,NA,64.5,0.720780617558126,NA,309,13.4,20,49.93,1.05
